ChargePeriodStart,ChargePeriodEnd,BillingCurrency,EffectiveCost,BilledCost,ChargeCategory,ChargeDescription,ServiceName,ServiceCategory,RegionId,SubAccountId,ResourceId,ResourceType,SkuId,PricingQuantity,PricingUnit
2024-09-01T00:00:00.000Z,2024-09-01T01:00:00.000Z,USD,5.66,5.66,Usage,"$0.004 per 10,000 GET and all other requests",Amazon Simple Storage Service,Storage,us-east-1,11353890204,arn:aws:s3:::prod-image-layers,bucket,ZWQ6Q48CRJXX4FXE,14150000,Requests
2024-09-01T01:00:00.000Z,2024-09-01T02:00:00.000Z,USD,6.63,6.63,Usage,"$0.004 per 10,000 GET and all other requests",Amazon Simple Storage Service,Storage,us-east-1,11353890204,arn:aws:s3:::prod-image-layers,bucket,ZWQ6Q48CRJXX4FXE,16575000,Requests
2024-09-01T02:00:00.000Z,2024-09-01T03:00:00.000Z,USD,6.15,6.15,Usage,"$0.004 per 10,000 GET and all other requests",Amazon Simple Storage Service,Storage,us-east-1,11353890204,arn:aws:s3:::prod-image-layers,bucket,ZWQ6Q48CRJXX4FXE,15375000,Requests
2024-09-01T03:00:00.000Z,2024-09-01T04:00:00.000Z,USD,10.29,10.29,Usage,"$0.004 per 10,000 GET and all other requests",Amazon Simple Storage Service,Storage,us-east-1,11353890204,arn:aws:s3:::prod-image-layers,bucket,ZWQ6Q48CRJXX4FXE,25725000,Requests
2024-09-01T04:00:00.000Z,2024-09-01T05:00:00.000Z,USD,7.58,7.58,Usage,"$0.004 per 10,000 GET and all other requests",Amazon Simple Storage Service,Storage,us-east-1,11353890204,arn:aws:s3:::prod-image-layers,bucket,ZWQ6Q48CRJXX4FXE,18950000,Requests
2024-09-01T05:00:00.000Z,2024-09-01T06:00:00.000Z,USD,9.94,9.94,Usage,"$0.004 per 10,000 GET and all other requests",Amazon Simple Storage Service,Storage,us-east-1,11353890204,arn:aws:s3:::prod-image-layers,bucket,ZWQ6Q48CRJXX4FXE,24850000,Requests
2024-09-01T06:00:00.000Z,2024-09-01T07:00:00.000Z,USD,4.68,4.68,Usage,"$0.004 per 10,000 GET and all other requests",Amazon Simple Storage Service,Storage,us-east-1,11353890204,arn:aws:s3:::prod-image-layers,bucket,ZWQ6Q48CRJXX4FXE,11700000,Requests
2024-09-01T07:00:00.000Z,2024-09-01T08:00:00.000Z,USD,9.16,9.16,Usage,"$0.004 per 10,000 GET and all other requests",Amazon Simple Storage Service,Storage,us-east-1,11353890204,arn:aws:s3:::prod-image-layers,bucket,ZWQ6Q48CRJXX4FXE,22900000,Requests
2024-09-01T08:00:00.000Z,2024-09-01T09:00:00.000Z,USD,13.2,13.2,Usage,"$0.004 per 10,000 GET and all other requests",Amazon Simple Storage Service,Storage,us-east-1,11353890204,arn:aws:s3:::prod-image-layers,bucket,ZWQ6Q48CRJXX4FXE,33000000,Requests
2024-09-01T09:00:00.000Z,2024-09-01T10:00:00.000Z,USD,13.22,13.22,Usage,"$0.004 per 10,000 GET and all other requests",Amazon Simple Storage Service,Storage,us-east-1,11353890204,arn:aws:s3:::prod-image-layers,bucket,ZWQ6Q48CRJXX4FXE,33050000,Requests
2024-09-01T10:00:00.000Z,2024-09-01T11:00:00.000Z,USD,9.98,9.98,Usage,"$0.004 per 10,000 GET and all other requests",Amazon Simple Storage Service,Storage,us-east-1,11353890204,arn:aws:s3:::prod-image-layers,bucket,ZWQ6Q48CRJXX4FXE,24950000,Requests
2024-09-01T11:00:00.000Z,2024-09-01T12:00:00.000Z,USD,10.91,10.91,Usage,"$0.004 per 10,000 GET and all other requests",Amazon Simple Storage Service,Storage,us-east-1,11353890204,arn:aws:s3:::prod-image-layers,bucket,ZWQ6Q48CRJXX4FXE,27275000,Requests
2024-09-01T12:00:00.000Z,2024-09-01T13:00:00.000Z,USD,5.41,5.41,Usage,"$0.004 per 10,000 GET and all other requests",Amazon Simple Storage Service,Storage,us-east-1,11353890204,arn:aws:s3:::prod-image-layers,bucket,ZWQ6Q48CRJXX4FXE,13525000,Requests
2024-09-01T13:00:00.000Z,2024-09-01T14:00:00.000Z,USD,11.24,11.24,Usage,"$0.004 per 10,000 GET and all other requests",Amazon Simple Storage Service,Storage,us-east-1,11353890204,arn:aws:s3:::prod-image-layers,bucket,ZWQ6Q48CRJXX4FXE,28100000,Requests
2024-09-01T14:00:00.000Z,2024-09-01T15:00:00.000Z,USD,6.28,6.28,Usage,"$0.004 per 10,000 GET and all other requests",Amazon Simple Storage Service,Storage,us-east-1,11353890204,arn:aws:s3:::prod-image-layers,bucket,ZWQ6Q48CRJXX4FXE,15700000,Requests
2024-09-01T15:00:00.000Z,2024-09-01T16:00:00.000Z,USD,4.89,4.89,Usage,"$0.004 per 10,000 GET and all other requests",Amazon Simple Storage Service,Storage,us-east-1,11353890204,arn:aws:s3:::prod-image-layers,bucket,ZWQ6Q48CRJXX4FXE,12225000,Requests
2024-09-01T16:00:00.000Z,2024-09-01T17:00:00.000Z,USD,6.88,6.88,Usage,"$0.004 per 10,000 GET and all other requests",Amazon Simple Storage Service,Storage,us-east-1,11353890204,arn:aws:s3:::prod-image-layers,bucket,ZWQ6Q48CRJXX4FXE,17200000,Requests
2024-09-01T17:00:00.000Z,2024-09-01T18:00:00.000Z,USD,10.6,10.6,Usage,"$0.004 per 10,000 GET and all other requests",Amazon Simple Storage Service,Storage,us-east-1,11353890204,arn:aws:s3:::prod-image-layers,bucket,ZWQ6Q48CRJXX4FXE,26500000,Requests
2024-09-01T18:00:00.000Z,2024-09-01T19:00:00.000Z,USD,7.92,7.92,Usage,"$0.004 per 10,000 GET and all other requests",Amazon Simple Storage Service,Storage,us-east-1,11353890204,arn:aws:s3:::prod-image-layers,bucket,ZWQ6Q48CRJXX4FXE,19800000,Requests
2024-09-01T19:00:00.000Z,2024-09-01T20:00:00.000Z,USD,9.09,9.09,Usage,"$0.004 per 10,000 GET and all other requests",Amazon Simple Storage Service,Storage,us-east-1,11353890204,arn:aws:s3:::prod-image-layers,bucket,ZWQ6Q48CRJXX4FXE,22725000,Requests
2024-09-01T20:00:00.000Z,2024-09-01T21:00:00.000Z,USD,6.51,6.51,Usage,"$0.004 per 10,000 GET and all other requests",Amazon Simple Storage Service,Storage,us-east-1,11353890204,arn:aws:s3:::prod-image-layers,bucket,ZWQ6Q48CRJXX4FXE,16275000,Requests
2024-09-01T21:00:00.000Z,2024-09-01T22:00:00.000Z,USD,12.24,12.24,Usage,"$0.004 per 10,000 GET and all other requests",Amazon Simple Storage Service,Storage,us-east-1,11353890204,arn:aws:s3:::prod-image-layers,bucket,ZWQ6Q48CRJXX4FXE,30600000,Requests
2024-09-01T22:00:00.000Z,2024-09-01T23:00:00.000Z,USD,5.45,5.45,Usage,"$0.004 per 10,000 GET and all other requests",Amazon Simple Storage Service,Storage,us-east-1,11353890204,arn:aws:s3:::prod-image-layers,bucket,ZWQ6Q48CRJXX4FXE,13625000,Requests
2024-09-01T23:00:00.000Z,2024-09-02T00:00:00.000Z,USD,7.29,7.29,Usage,"$0.004 per 10,000 GET and all other requests",Amazon Simple Storage Service,Storage,us-east-1,11353890204,arn:aws:s3:::prod-image-layers,bucket,ZWQ6Q48CRJXX4FXE,18225000,Requests
2024-09-02T00:00:00.000Z,2024-09-02T01:00:00.000Z,USD,11.92,11.92,Usage,"$0.004 per 10,000 GET and all other requests",Amazon Simple Storage Service,Storage,us-east-1,11353890204,arn:aws:s3:::prod-image-layers,bucket,ZWQ6Q48CRJXX4FXE,29800000,Requests
2024-09-02T01:00:00.000Z,2024-09-02T02:00:00.000Z,USD,11.94,11.94,Usage,"$0.004 per 10,000 GET and all other requests",Amazon Simple Storage Service,Storage,us-east-1,11353890204,arn:aws:s3:::prod-image-layers,bucket,ZWQ6Q48CRJXX4FXE,29850000,Requests
2024-09-02T02:00:00.000Z,2024-09-02T03:00:00.000Z,USD,11.79,11.79,Usage,"$0.004 per 10,000 GET and all other requests",Amazon Simple Storage Service,Storage,us-east-1,11353890204,arn:aws:s3:::prod-image-layers,bucket,ZWQ6Q48CRJXX4FXE,29475000,Requests
2024-09-02T03:00:00.000Z,2024-09-02T04:00:00.000Z,USD,6.83,6.83,Usage,"$0.004 per 10,000 GET and all other requests",Amazon Simple Storage Service,Storage,us-east-1,11353890204,arn:aws:s3:::prod-image-layers,bucket,ZWQ6Q48CRJXX4FXE,17075000,Requests
2024-09-02T04:00:00.000Z,2024-09-02T05:00:00.000Z,USD,12.15,12.15,Usage,"$0.004 per 10,000 GET and all other requests",Amazon Simple Storage Service,Storage,us-east-1,11353890204,arn:aws:s3:::prod-image-layers,bucket,ZWQ6Q48CRJXX4FXE,30375000,Requests
2024-09-02T05:00:00.000Z,2024-09-02T06:00:00.000Z,USD,15.57,15.57,Usage,"$0.004 per 10,000 GET and all other requests",Amazon Simple Storage Service,Storage,us-east-1,11353890204,arn:aws:s3:::prod-image-layers,bucket,ZWQ6Q48CRJXX4FXE,38925000,Requests
2024-09-02T06:00:00.000Z,2024-09-02T07:00:00.000Z,USD,10.06,10.06,Usage,"$0.004 per 10,000 GET and all other requests",Amazon Simple Storage Service,Storage,us-east-1,11353890204,arn:aws:s3:::prod-image-layers,bucket,ZWQ6Q48CRJXX4FXE,25150000,Requests
2024-09-02T07:00:00.000Z,2024-09-02T08:00:00.000Z,USD,18.55,18.55,Usage,"$0.004 per 10,000 GET and all other requests",Amazon Simple Storage Service,Storage,us-east-1,11353890204,arn:aws:s3:::prod-image-layers,bucket,ZWQ6Q48CRJXX4FXE,46375000,Requests
2024-09-02T08:00:00.000Z,2024-09-02T09:00:00.000Z,USD,28.19,28.19,Usage,"$0.004 per 10,000 GET and all other requests",Amazon Simple Storage Service,Storage,us-east-1,11353890204,arn:aws:s3:::prod-image-layers,bucket,ZWQ6Q48CRJXX4FXE,70475000,Requests
2024-09-02T09:00:00.000Z,2024-09-02T10:00:00.000Z,USD,16.93,16.93,Usage,"$0.004 per 10,000 GET and all other requests",Amazon Simple Storage Service,Storage,us-east-1,11353890204,arn:aws:s3:::prod-image-layers,bucket,ZWQ6Q48CRJXX4FXE,42325000,Requests
2024-09-02T10:00:00.000Z,2024-09-02T11:00:00.000Z,USD,21.23,21.23,Usage,"$0.004 per 10,000 GET and all other requests",Amazon Simple Storage Service,Storage,us-east-1,11353890204,arn:aws:s3:::prod-image-layers,bucket,ZWQ6Q48CRJXX4FXE,53075000,Requests
2024-09-02T11:00:00.000Z,2024-09-02T12:00:00.000Z,USD,17.72,17.72,Usage,"$0.004 per 10,000 GET and all other requests",Amazon Simple Storage Service,Storage,us-east-1,11353890204,arn:aws:s3:::prod-image-layers,bucket,ZWQ6Q48CRJXX4FXE,44300000,Requests
2024-09-02T12:00:00.000Z,2024-09-02T13:00:00.000Z,USD,18.45,18.45,Usage,"$0.004 per 10,000 GET and all other requests",Amazon Simple Storage Service,Storage,us-east-1,11353890204,arn:aws:s3:::prod-image-layers,bucket,ZWQ6Q48CRJXX4FXE,46125000,Requests
2024-09-02T13:00:00.000Z,2024-09-02T14:00:00.000Z,USD,14.56,14.56,Usage,"$0.004 per 10,000 GET and all other requests",Amazon Simple Storage Service,Storage,us-east-1,11353890204,arn:aws:s3:::prod-image-layers,bucket,ZWQ6Q48CRJXX4FXE,36400000,Requests
2024-09-02T14:00:00.000Z,2024-09-02T15:00:00.000Z,USD,12.44,12.44,Usage,"$0.004 per 10,000 GET and all other requests",Amazon Simple Storage Service,Storage,us-east-1,11353890204,arn:aws:s3:::prod-image-layers,bucket,ZWQ6Q48CRJXX4FXE,31100000,Requests
2024-09-02T15:00:00.000Z,2024-09-02T16:00:00.000Z,USD,32.63,32.63,Usage,"$0.004 per 10,000 GET and all other requests",Amazon Simple Storage Service,Storage,us-east-1,11353890204,arn:aws:s3:::prod-image-layers,bucket,ZWQ6Q48CRJXX4FXE,81575000,Requests
2024-09-02T16:00:00.000Z,2024-09-02T17:00:00.000Z,USD,35.07,35.07,Usage,"$0.004 per 10,000 GET and all other requests",Amazon Simple Storage Service,Storage,us-east-1,11353890204,arn:aws:s3:::prod-image-layers,bucket,ZWQ6Q48CRJXX4FXE,87675000,Requests
2024-09-02T17:00:00.000Z,2024-09-02T18:00:00.000Z,USD,28.33,28.33,Usage,"$0.004 per 10,000 GET and all other requests",Amazon Simple Storage Service,Storage,us-east-1,11353890204,arn:aws:s3:::prod-image-layers,bucket,ZWQ6Q48CRJXX4FXE,70825000,Requests
2024-09-02T18:00:00.000Z,2024-09-02T19:00:00.000Z,USD,13.22,13.22,Usage,"$0.004 per 10,000 GET and all other requests",Amazon Simple Storage Service,Storage,us-east-1,11353890204,arn:aws:s3:::prod-image-layers,bucket,ZWQ6Q48CRJXX4FXE,33050000,Requests
2024-09-02T19:00:00.000Z,2024-09-02T20:00:00.000Z,USD,13.75,13.75,Usage,"$0.004 per 10,000 GET and all other requests",Amazon Simple Storage Service,Storage,us-east-1,11353890204,arn:aws:s3:::prod-image-layers,bucket,ZWQ6Q48CRJXX4FXE,34375000,Requests
2024-09-02T20:00:00.000Z,2024-09-02T21:00:00.000Z,USD,13.03,13.03,Usage,"$0.004 per 10,000 GET and all other requests",Amazon Simple Storage Service,Storage,us-east-1,11353890204,arn:aws:s3:::prod-image-layers,bucket,ZWQ6Q48CRJXX4FXE,32575000,Requests
2024-09-02T21:00:00.000Z,2024-09-02T22:00:00.000Z,USD,17.07,17.07,Usage,"$0.004 per 10,000 GET and all other requests",Amazon Simple Storage Service,Storage,us-east-1,11353890204,arn:aws:s3:::prod-image-layers,bucket,ZWQ6Q48CRJXX4FXE,42675000,Requests
2024-09-02T22:00:00.000Z,2024-09-02T23:00:00.000Z,USD,10.16,10.16,Usage,"$0.004 per 10,000 GET and all other requests",Amazon Simple Storage Service,Storage,us-east-1,11353890204,arn:aws:s3:::prod-image-layers,bucket,ZWQ6Q48CRJXX4FXE,25400000,Requests
2024-09-02T23:00:00.000Z,2024-09-03T00:00:00.000Z,USD,8.03,8.03,Usage,"$0.004 per 10,000 GET and all other requests",Amazon Simple Storage Service,Storage,us-east-1,11353890204,arn:aws:s3:::prod-image-layers,bucket,ZWQ6Q48CRJXX4FXE,20075000,Requests
2024-09-03T00:00:00.000Z,2024-09-03T01:00:00.000Z,USD,16.58,16.58,Usage,"$0.004 per 10,000 GET and all other requests",Amazon Simple Storage Service,Storage,us-east-1,11353890204,arn:aws:s3:::prod-image-layers,bucket,ZWQ6Q48CRJXX4FXE,41450000,Requests
2024-09-03T01:00:00.000Z,2024-09-03T02:00:00.000Z,USD,13.82,13.82,Usage,"$0.004 per 10,000 GET and all other requests",Amazon Simple Storage Service,Storage,us-east-1,11353890204,arn:aws:s3:::prod-image-layers,bucket,ZWQ6Q48CRJXX4FXE,34550000,Requests
2024-09-03T02:00:00.000Z,2024-09-03T03:00:00.000Z,USD,17.15,17.15,Usage,"$0.004 per 10,000 GET and all other requests",Amazon Simple Storage Service,Storage,us-east-1,11353890204,arn:aws:s3:::prod-image-layers,bucket,ZWQ6Q48CRJXX4FXE,42875000,Requests
2024-09-03T03:00:00.000Z,2024-09-03T04:00:00.000Z,USD,11.13,11.13,Usage,"$0.004 per 10,000 GET and all other requests",Amazon Simple Storage Service,Storage,us-east-1,11353890204,arn:aws:s3:::prod-image-layers,bucket,ZWQ6Q48CRJXX4FXE,27825000,Requests
2024-09-03T04:00:00.000Z,2024-09-03T05:00:00.000Z,USD,10.56,10.56,Usage,"$0.004 per 10,000 GET and all other requests",Amazon Simple Storage Service,Storage,us-east-1,11353890204,arn:aws:s3:::prod-image-layers,bucket,ZWQ6Q48CRJXX4FXE,26400000,Requests
2024-09-03T05:00:00.000Z,2024-09-03T06:00:00.000Z,USD,17.74,17.74,Usage,"$0.004 per 10,000 GET and all other requests",Amazon Simple Storage Service,Storage,us-east-1,11353890204,arn:aws:s3:::prod-image-layers,bucket,ZWQ6Q48CRJXX4FXE,44350000,Requests
2024-09-03T06:00:00.000Z,2024-09-03T07:00:00.000Z,USD,18.11,18.11,Usage,"$0.004 per 10,000 GET and all other requests",Amazon Simple Storage Service,Storage,us-east-1,11353890204,arn:aws:s3:::prod-image-layers,bucket,ZWQ6Q48CRJXX4FXE,45275000,Requests
2024-09-03T07:00:00.000Z,2024-09-03T08:00:00.000Z,USD,17.47,17.47,Usage,"$0.004 per 10,000 GET and all other requests",Amazon Simple Storage Service,Storage,us-east-1,11353890204,arn:aws:s3:::prod-image-layers,bucket,ZWQ6Q48CRJXX4FXE,43675000,Requests
2024-09-03T08:00:00.000Z,2024-09-03T09:00:00.000Z,USD,18.64,18.64,Usage,"$0.004 per 10,000 GET and all other requests",Amazon Simple Storage Service,Storage,us-east-1,11353890204,arn:aws:s3:::prod-image-layers,bucket,ZWQ6Q48CRJXX4FXE,46600000,Requests
2024-09-03T09:00:00.000Z,2024-09-03T10:00:00.000Z,USD,30.66,30.66,Usage,"$0.004 per 10,000 GET and all other requests",Amazon Simple Storage Service,Storage,us-east-1,11353890204,arn:aws:s3:::prod-image-layers,bucket,ZWQ6Q48CRJXX4FXE,76650000,Requests
2024-09-03T10:00:00.000Z,2024-09-03T11:00:00.000Z,USD,25.69,25.69,Usage,"$0.004 per 10,000 GET and all other requests",Amazon Simple Storage Service,Storage,us-east-1,11353890204,arn:aws:s3:::prod-image-layers,bucket,ZWQ6Q48CRJXX4FXE,64225000,Requests
2024-09-03T11:00:00.000Z,2024-09-03T12:00:00.000Z,USD,32.56,32.56,Usage,"$0.004 per 10,000 GET and all other requests",Amazon Simple Storage Service,Storage,us-east-1,11353890204,arn:aws:s3:::prod-image-layers,bucket,ZWQ6Q48CRJXX4FXE,81400000,Requests
2024-09-03T12:00:00.000Z,2024-09-03T13:00:00.000Z,USD,29.59,29.59,Usage,"$0.004 per 10,000 GET and all other requests",Amazon Simple Storage Service,Storage,us-east-1,11353890204,arn:aws:s3:::prod-image-layers,bucket,ZWQ6Q48CRJXX4FXE,73975000,Requests
2024-09-03T13:00:00.000Z,2024-09-03T14:00:00.000Z,USD,25.61,25.61,Usage,"$0.004 per 10,000 GET and all other requests",Amazon Simple Storage Service,Storage,us-east-1,11353890204,arn:aws:s3:::prod-image-layers,bucket,ZWQ6Q48CRJXX4FXE,64025000,Requests
2024-09-03T14:00:00.000Z,2024-09-03T15:00:00.000Z,USD,28.29,28.29,Usage,"$0.004 per 10,000 GET and all other requests",Amazon Simple Storage Service,Storage,us-east-1,11353890204,arn:aws:s3:::prod-image-layers,bucket,ZWQ6Q48CRJXX4FXE,70725000,Requests
2024-09-03T15:00:00.000Z,2024-09-03T16:00:00.000Z,USD,16.88,16.88,Usage,"$0.004 per 10,000 GET and all other requests",Amazon Simple Storage Service,Storage,us-east-1,11353890204,arn:aws:s3:::prod-image-layers,bucket,ZWQ6Q48CRJXX4FXE,42200000,Requests
2024-09-03T16:00:00.000Z,2024-09-03T17:00:00.000Z,USD,29.65,29.65,Usage,"$0.004 per 10,000 GET and all other requests",Amazon Simple Storage Service,Storage,us-east-1,11353890204,arn:aws:s3:::prod-image-layers,bucket,ZWQ6Q48CRJXX4FXE,74125000,Requests
2024-09-03T17:00:00.000Z,2024-09-03T18:00:00.000Z,USD,24,24,Usage,"$0.004 per 10,000 GET and all other requests",Amazon Simple Storage Service,Storage,us-east-1,11353890204,arn:aws:s3:::prod-image-layers,bucket,ZWQ6Q48CRJXX4FXE,60000000,Requests
2024-09-03T18:00:00.000Z,2024-09-03T19:00:00.000Z,USD,31.08,31.08,Usage,"$0.004 per 10,000 GET and all other requests",Amazon Simple Storage Service,Storage,us-east-1,11353890204,arn:aws:s3:::prod-image-layers,bucket,ZWQ6Q48CRJXX4FXE,77700000,Requests
2024-09-03T19:00:00.000Z,2024-09-03T20:00:00.000Z,USD,19.7,19.7,Usage,"$0.004 per 10,000 GET and all other requests",Amazon Simple Storage Service,Storage,us-east-1,11353890204,arn:aws:s3:::prod-image-layers,bucket,ZWQ6Q48CRJXX4FXE,49250000,Requests
2024-09-03T20:00:00.000Z,2024-09-03T21:00:00.000Z,USD,10.31,10.31,Usage,"$0.004 per 10,000 GET and all other requests",Amazon Simple Storage Service,Storage,us-east-1,11353890204,arn:aws:s3:::prod-image-layers,bucket,ZWQ6Q48CRJXX4FXE,25775000,Requests
2024-09-03T21:00:00.000Z,2024-09-03T22:00:00.000Z,USD,6.4,6.4,Usage,"$0.004 per 10,000 GET and all other requests",Amazon Simple Storage Service,Storage,us-east-1,11353890204,arn:aws:s3:::prod-image-layers,bucket,ZWQ6Q48CRJXX4FXE,16000000,Requests
2024-09-03T22:00:00.000Z,2024-09-03T23:00:00.000Z,USD,14.85,14.85,Usage,"$0.004 per 10,000 GET and all other requests",Amazon Simple Storage Service,Storage,us-east-1,11353890204,arn:aws:s3:::prod-image-layers,bucket,ZWQ6Q48CRJXX4FXE,37125000,Requests
2024-09-03T23:00:00.000Z,2024-09-04T00:00:00.000Z,USD,12.87,12.87,Usage,"$0.004 per 10,000 GET and all other requests",Amazon Simple Storage Service,Storage,us-east-1,11353890204,arn:aws:s3:::prod-image-layers,bucket,ZWQ6Q48CRJXX4FXE,32175000,Requests
2024-09-04T00:00:00.000Z,2024-09-04T01:00:00.000Z,USD,9.75,9.75,Usage,"$0.004 per 10,000 GET and all other requests",Amazon Simple Storage Service,Storage,us-east-1,11353890204,arn:aws:s3:::prod-image-layers,bucket,ZWQ6Q48CRJXX4FXE,24375000,Requests
2024-09-04T01:00:00.000Z,2024-09-04T02:00:00.000Z,USD,10.67,10.67,Usage,"$0.004 per 10,000 GET and all other requests",Amazon Simple Storage Service,Storage,us-east-1,11353890204,arn:aws:s3:::prod-image-layers,bucket,ZWQ6Q48CRJXX4FXE,26675000,Requests
2024-09-04T02:00:00.000Z,2024-09-04T03:00:00.000Z,USD,17.22,17.22,Usage,"$0.004 per 10,000 GET and all other requests",Amazon Simple Storage Service,Storage,us-east-1,11353890204,arn:aws:s3:::prod-image-layers,bucket,ZWQ6Q48CRJXX4FXE,43050000,Requests
2024-09-04T03:00:00.000Z,2024-09-04T04:00:00.000Z,USD,17.78,17.78,Usage,"$0.004 per 10,000 GET and all other requests",Amazon Simple Storage Service,Storage,us-east-1,11353890204,arn:aws:s3:::prod-image-layers,bucket,ZWQ6Q48CRJXX4FXE,44450000,Requests
2024-09-04T04:00:00.000Z,2024-09-04T05:00:00.000Z,USD,8.83,8.83,Usage,"$0.004 per 10,000 GET and all other requests",Amazon Simple Storage Service,Storage,us-east-1,11353890204,arn:aws:s3:::prod-image-layers,bucket,ZWQ6Q48CRJXX4FXE,22075000,Requests
2024-09-04T05:00:00.000Z,2024-09-04T06:00:00.000Z,USD,17.78,17.78,Usage,"$0.004 per 10,000 GET and all other requests",Amazon Simple Storage Service,Storage,us-east-1,11353890204,arn:aws:s3:::prod-image-layers,bucket,ZWQ6Q48CRJXX4FXE,44450000,Requests
2024-09-04T06:00:00.000Z,2024-09-04T07:00:00.000Z,USD,7.65,7.65,Usage,"$0.004 per 10,000 GET and all other requests",Amazon Simple Storage Service,Storage,us-east-1,11353890204,arn:aws:s3:::prod-image-layers,bucket,ZWQ6Q48CRJXX4FXE,19125000,Requests
2024-09-04T07:00:00.000Z,2024-09-04T08:00:00.000Z,USD,11.12,11.12,Usage,"$0.004 per 10,000 GET and all other requests",Amazon Simple Storage Service,Storage,us-east-1,11353890204,arn:aws:s3:::prod-image-layers,bucket,ZWQ6Q48CRJXX4FXE,27800000,Requests
2024-09-04T08:00:00.000Z,2024-09-04T09:00:00.000Z,USD,23.21,23.21,Usage,"$0.004 per 10,000 GET and all other requests",Amazon Simple Storage Service,Storage,us-east-1,11353890204,arn:aws:s3:::prod-image-layers,bucket,ZWQ6Q48CRJXX4FXE,58025000,Requests
2024-09-04T09:00:00.000Z,2024-09-04T10:00:00.000Z,USD,14.77,14.77,Usage,"$0.004 per 10,000 GET and all other requests",Amazon Simple Storage Service,Storage,us-east-1,11353890204,arn:aws:s3:::prod-image-layers,bucket,ZWQ6Q48CRJXX4FXE,36925000,Requests
2024-09-04T10:00:00.000Z,2024-09-04T11:00:00.000Z,USD,15.62,15.62,Usage,"$0.004 per 10,000 GET and all other requests",Amazon Simple Storage Service,Storage,us-east-1,11353890204,arn:aws:s3:::prod-image-layers,bucket,ZWQ6Q48CRJXX4FXE,39050000,Requests
2024-09-04T11:00:00.000Z,2024-09-04T12:00:00.000Z,USD,19.81,19.81,Usage,"$0.004 per 10,000 GET and all other requests",Amazon Simple Storage Service,Storage,us-east-1,11353890204,arn:aws:s3:::prod-image-layers,bucket,ZWQ6Q48CRJXX4FXE,49525000,Requests
2024-09-04T12:00:00.000Z,2024-09-04T13:00:00.000Z,USD,33.65,33.65,Usage,"$0.004 per 10,000 GET and all other requests",Amazon Simple Storage Service,Storage,us-east-1,11353890204,arn:aws:s3:::prod-image-layers,bucket,ZWQ6Q48CRJXX4FXE,84125000,Requests
2024-09-04T13:00:00.000Z,2024-09-04T14:00:00.000Z,USD,14.22,14.22,Usage,"$0.004 per 10,000 GET and all other requests",Amazon Simple Storage Service,Storage,us-east-1,11353890204,arn:aws:s3:::prod-image-layers,bucket,ZWQ6Q48CRJXX4FXE,35550000,Requests
2024-09-04T14:00:00.000Z,2024-09-04T15:00:00.000Z,USD,26.61,26.61,Usage,"$0.004 per 10,000 GET and all other requests",Amazon Simple Storage Service,Storage,us-east-1,11353890204,arn:aws:s3:::prod-image-layers,bucket,ZWQ6Q48CRJXX4FXE,66525000,Requests
2024-09-04T15:00:00.000Z,2024-09-04T16:00:00.000Z,USD,34.89,34.89,Usage,"$0.004 per 10,000 GET and all other requests",Amazon Simple Storage Service,Storage,us-east-1,11353890204,arn:aws:s3:::prod-image-layers,bucket,ZWQ6Q48CRJXX4FXE,87225000,Requests
2024-09-04T16:00:00.000Z,2024-09-04T17:00:00.000Z,USD,26.92,26.92,Usage,"$0.004 per 10,000 GET and all other requests",Amazon Simple Storage Service,Storage,us-east-1,11353890204,arn:aws:s3:::prod-image-layers,bucket,ZWQ6Q48CRJXX4FXE,67300000,Requests
2024-09-04T17:00:00.000Z,2024-09-04T18:00:00.000Z,USD,18.57,18.57,Usage,"$0.004 per 10,000 GET and all other requests",Amazon Simple Storage Service,Storage,us-east-1,11353890204,arn:aws:s3:::prod-image-layers,bucket,ZWQ6Q48CRJXX4FXE,46425000,Requests
2024-09-04T18:00:00.000Z,2024-09-04T19:00:00.000Z,USD,13.62,13.62,Usage,"$0.004 per 10,000 GET and all other requests",Amazon Simple Storage Service,Storage,us-east-1,11353890204,arn:aws:s3:::prod-image-layers,bucket,ZWQ6Q48CRJXX4FXE,34050000,Requests
2024-09-04T19:00:00.000Z,2024-09-04T20:00:00.000Z,USD,12.91,12.91,Usage,"$0.004 per 10,000 GET and all other requests",Amazon Simple Storage Service,Storage,us-east-1,11353890204,arn:aws:s3:::prod-image-layers,bucket,ZWQ6Q48CRJXX4FXE,32275000,Requests
2024-09-04T20:00:00.000Z,2024-09-04T21:00:00.000Z,USD,9.35,9.35,Usage,"$0.004 per 10,000 GET and all other requests",Amazon Simple Storage Service,Storage,us-east-1,11353890204,arn:aws:s3:::prod-image-layers,bucket,ZWQ6Q48CRJXX4FXE,23375000,Requests
2024-09-04T21:00:00.000Z,2024-09-04T22:00:00.000Z,USD,16.07,16.07,Usage,"$0.004 per 10,000 GET and all other requests",Amazon Simple Storage Service,Storage,us-east-1,11353890204,arn:aws:s3:::prod-image-layers,bucket,ZWQ6Q48CRJXX4FXE,40175000,Requests
2024-09-04T22:00:00.000Z,2024-09-04T23:00:00.000Z,USD,14.06,14.06,Usage,"$0.004 per 10,000 GET and all other requests",Amazon Simple Storage Service,Storage,us-east-1,11353890204,arn:aws:s3:::prod-image-layers,bucket,ZWQ6Q48CRJXX4FXE,35150000,Requests
2024-09-04T23:00:00.000Z,2024-09-05T00:00:00.000Z,USD,13.33,13.33,Usage,"$0.004 per 10,000 GET and all other requests",Amazon Simple Storage Service,Storage,us-east-1,11353890204,arn:aws:s3:::prod-image-layers,bucket,ZWQ6Q48CRJXX4FXE,33325000,Requests
2024-09-05T00:00:00.000Z,2024-09-05T01:00:00.000Z,USD,8.4,8.4,Usage,"$0.004 per 10,000 GET and all other requests",Amazon Simple Storage Service,Storage,us-east-1,11353890204,arn:aws:s3:::prod-image-layers,bucket,ZWQ6Q48CRJXX4FXE,21000000,Requests
2024-09-05T01:00:00.000Z,2024-09-05T02:00:00.000Z,USD,12.98,12.98,Usage,"$0.004 per 10,000 GET and all other requests",Amazon Simple Storage Service,Storage,us-east-1,11353890204,arn:aws:s3:::prod-image-layers,bucket,ZWQ6Q48CRJXX4FXE,32450000,Requests
2024-09-05T02:00:00.000Z,2024-09-05T03:00:00.000Z,USD,8.44,8.44,Usage,"$0.004 per 10,000 GET and all other requests",Amazon Simple Storage Service,Storage,us-east-1,11353890204,arn:aws:s3:::prod-image-layers,bucket,ZWQ6Q48CRJXX4FXE,21100000,Requests
2024-09-05T03:00:00.000Z,2024-09-05T04:00:00.000Z,USD,8.42,8.42,Usage,"$0.004 per 10,000 GET and all other requests",Amazon Simple Storage Service,Storage,us-east-1,11353890204,arn:aws:s3:::prod-image-layers,bucket,ZWQ6Q48CRJXX4FXE,21050000,Requests
2024-09-05T04:00:00.000Z,2024-09-05T05:00:00.000Z,USD,16.15,16.15,Usage,"$0.004 per 10,000 GET and all other requests",Amazon Simple Storage Service,Storage,us-east-1,11353890204,arn:aws:s3:::prod-image-layers,bucket,ZWQ6Q48CRJXX4FXE,40375000,Requests
2024-09-05T05:00:00.000Z,2024-09-05T06:00:00.000Z,USD,9.12,9.12,Usage,"$0.004 per 10,000 GET and all other requests",Amazon Simple Storage Service,Storage,us-east-1,11353890204,arn:aws:s3:::prod-image-layers,bucket,ZWQ6Q48CRJXX4FXE,22800000,Requests
2024-09-05T06:00:00.000Z,2024-09-05T07:00:00.000Z,USD,16.14,16.14,Usage,"$0.004 per 10,000 GET and all other requests",Amazon Simple Storage Service,Storage,us-east-1,11353890204,arn:aws:s3:::prod-image-layers,bucket,ZWQ6Q48CRJXX4FXE,40350000,Requests
2024-09-05T07:00:00.000Z,2024-09-05T08:00:00.000Z,USD,16.44,16.44,Usage,"$0.004 per 10,000 GET and all other requests",Amazon Simple Storage Service,Storage,us-east-1,11353890204,arn:aws:s3:::prod-image-layers,bucket,ZWQ6Q48CRJXX4FXE,41100000,Requests
2024-09-05T08:00:00.000Z,2024-09-05T09:00:00.000Z,USD,17.61,17.61,Usage,"$0.004 per 10,000 GET and all other requests",Amazon Simple Storage Service,Storage,us-east-1,11353890204,arn:aws:s3:::prod-image-layers,bucket,ZWQ6Q48CRJXX4FXE,44025000,Requests
2024-09-05T09:00:00.000Z,2024-09-05T10:00:00.000Z,USD,33.84,33.84,Usage,"$0.004 per 10,000 GET and all other requests",Amazon Simple Storage Service,Storage,us-east-1,11353890204,arn:aws:s3:::prod-image-layers,bucket,ZWQ6Q48CRJXX4FXE,84600000,Requests
2024-09-05T10:00:00.000Z,2024-09-05T11:00:00.000Z,USD,26.03,26.03,Usage,"$0.004 per 10,000 GET and all other requests",Amazon Simple Storage Service,Storage,us-east-1,11353890204,arn:aws:s3:::prod-image-layers,bucket,ZWQ6Q48CRJXX4FXE,65075000,Requests
2024-09-05T11:00:00.000Z,2024-09-05T12:00:00.000Z,USD,15.59,15.59,Usage,"$0.004 per 10,000 GET and all other requests",Amazon Simple Storage Service,Storage,us-east-1,11353890204,arn:aws:s3:::prod-image-layers,bucket,ZWQ6Q48CRJXX4FXE,38975000,Requests
2024-09-05T12:00:00.000Z,2024-09-05T13:00:00.000Z,USD,32.83,32.83,Usage,"$0.004 per 10,000 GET and all other requests",Amazon Simple Storage Service,Storage,us-east-1,11353890204,arn:aws:s3:::prod-image-layers,bucket,ZWQ6Q48CRJXX4FXE,82075000,Requests
2024-09-05T13:00:00.000Z,2024-09-05T14:00:00.000Z,USD,16.1,16.1,Usage,"$0.004 per 10,000 GET and all other requests",Amazon Simple Storage Service,Storage,us-east-1,11353890204,arn:aws:s3:::prod-image-layers,bucket,ZWQ6Q48CRJXX4FXE,40250000,Requests
2024-09-05T14:00:00.000Z,2024-09-05T15:00:00.000Z,USD,22.52,22.52,Usage,"$0.004 per 10,000 GET and all other requests",Amazon Simple Storage Service,Storage,us-east-1,11353890204,arn:aws:s3:::prod-image-layers,bucket,ZWQ6Q48CRJXX4FXE,56300000,Requests
2024-09-05T15:00:00.000Z,2024-09-05T16:00:00.000Z,USD,18.84,18.84,Usage,"$0.004 per 10,000 GET and all other requests",Amazon Simple Storage Service,Storage,us-east-1,11353890204,arn:aws:s3:::prod-image-layers,bucket,ZWQ6Q48CRJXX4FXE,47100000,Requests
2024-09-05T16:00:00.000Z,2024-09-05T17:00:00.000Z,USD,26.71,26.71,Usage,"$0.004 per 10,000 GET and all other requests",Amazon Simple Storage Service,Storage,us-east-1,11353890204,arn:aws:s3:::prod-image-layers,bucket,ZWQ6Q48CRJXX4FXE,66775000,Requests
2024-09-05T17:00:00.000Z,2024-09-05T18:00:00.000Z,USD,29.06,29.06,Usage,"$0.004 per 10,000 GET and all other requests",Amazon Simple Storage Service,Storage,us-east-1,11353890204,arn:aws:s3:::prod-image-layers,bucket,ZWQ6Q48CRJXX4FXE,72650000,Requests
2024-09-05T18:00:00.000Z,2024-09-05T19:00:00.000Z,USD,22.7,22.7,Usage,"$0.004 per 10,000 GET and all other requests",Amazon Simple Storage Service,Storage,us-east-1,11353890204,arn:aws:s3:::prod-image-layers,bucket,ZWQ6Q48CRJXX4FXE,56750000,Requests
2024-09-05T19:00:00.000Z,2024-09-05T20:00:00.000Z,USD,26.64,26.64,Usage,"$0.004 per 10,000 GET and all other requests",Amazon Simple Storage Service,Storage,us-east-1,11353890204,arn:aws:s3:::prod-image-layers,bucket,ZWQ6Q48CRJXX4FXE,66600000,Requests
2024-09-05T20:00:00.000Z,2024-09-05T21:00:00.000Z,USD,9.06,9.06,Usage,"$0.004 per 10,000 GET and all other requests",Amazon Simple Storage Service,Storage,us-east-1,11353890204,arn:aws:s3:::prod-image-layers,bucket,ZWQ6Q48CRJXX4FXE,22650000,Requests
2024-09-05T21:00:00.000Z,2024-09-05T22:00:00.000Z,USD,6.69,6.69,Usage,"$0.004 per 10,000 GET and all other requests",Amazon Simple Storage Service,Storage,us-east-1,11353890204,arn:aws:s3:::prod-image-layers,bucket,ZWQ6Q48CRJXX4FXE,16725000,Requests
2024-09-05T22:00:00.000Z,2024-09-05T23:00:00.000Z,USD,14.29,14.29,Usage,"$0.004 per 10,000 GET and all other requests",Amazon Simple Storage Service,Storage,us-east-1,11353890204,arn:aws:s3:::prod-image-layers,bucket,ZWQ6Q48CRJXX4FXE,35725000,Requests
2024-09-05T23:00:00.000Z,2024-09-06T00:00:00.000Z,USD,16.07,16.07,Usage,"$0.004 per 10,000 GET and all other requests",Amazon Simple Storage Service,Storage,us-east-1,11353890204,arn:aws:s3:::prod-image-layers,bucket,ZWQ6Q48CRJXX4FXE,40175000,Requests
2024-09-06T00:00:00.000Z,2024-09-06T01:00:00.000Z,USD,9,9,Usage,"$0.004 per 10,000 GET and all other requests",Amazon Simple Storage Service,Storage,us-east-1,11353890204,arn:aws:s3:::prod-image-layers,bucket,ZWQ6Q48CRJXX4FXE,22500000,Requests
2024-09-06T01:00:00.000Z,2024-09-06T02:00:00.000Z,USD,12.13,12.13,Usage,"$0.004 per 10,000 GET and all other requests",Amazon Simple Storage Service,Storage,us-east-1,11353890204,arn:aws:s3:::prod-image-layers,bucket,ZWQ6Q48CRJXX4FXE,30325000,Requests
2024-09-06T02:00:00.000Z,2024-09-06T03:00:00.000Z,USD,11.51,11.51,Usage,"$0.004 per 10,000 GET and all other requests",Amazon Simple Storage Service,Storage,us-east-1,11353890204,arn:aws:s3:::prod-image-layers,bucket,ZWQ6Q48CRJXX4FXE,28775000,Requests
2024-09-06T03:00:00.000Z,2024-09-06T04:00:00.000Z,USD,8.67,8.67,Usage,"$0.004 per 10,000 GET and all other requests",Amazon Simple Storage Service,Storage,us-east-1,11353890204,arn:aws:s3:::prod-image-layers,bucket,ZWQ6Q48CRJXX4FXE,21675000,Requests
2024-09-06T04:00:00.000Z,2024-09-06T05:00:00.000Z,USD,12.34,12.34,Usage,"$0.004 per 10,000 GET and all other requests",Amazon Simple Storage Service,Storage,us-east-1,11353890204,arn:aws:s3:::prod-image-layers,bucket,ZWQ6Q48CRJXX4FXE,30850000,Requests
2024-09-06T05:00:00.000Z,2024-09-06T06:00:00.000Z,USD,10.63,10.63,Usage,"$0.004 per 10,000 GET and all other requests",Amazon Simple Storage Service,Storage,us-east-1,11353890204,arn:aws:s3:::prod-image-layers,bucket,ZWQ6Q48CRJXX4FXE,26575000,Requests
2024-09-06T06:00:00.000Z,2024-09-06T07:00:00.000Z,USD,15.29,15.29,Usage,"$0.004 per 10,000 GET and all other requests",Amazon Simple Storage Service,Storage,us-east-1,11353890204,arn:aws:s3:::prod-image-layers,bucket,ZWQ6Q48CRJXX4FXE,38225000,Requests
2024-09-06T07:00:00.000Z,2024-09-06T08:00:00.000Z,USD,9.93,9.93,Usage,"$0.004 per 10,000 GET and all other requests",Amazon Simple Storage Service,Storage,us-east-1,11353890204,arn:aws:s3:::prod-image-layers,bucket,ZWQ6Q48CRJXX4FXE,24825000,Requests
2024-09-06T08:00:00.000Z,2024-09-06T09:00:00.000Z,USD,31.53,31.53,Usage,"$0.004 per 10,000 GET and all other requests",Amazon Simple Storage Service,Storage,us-east-1,11353890204,arn:aws:s3:::prod-image-layers,bucket,ZWQ6Q48CRJXX4FXE,78825000,Requests
2024-09-06T09:00:00.000Z,2024-09-06T10:00:00.000Z,USD,22.04,22.04,Usage,"$0.004 per 10,000 GET and all other requests",Amazon Simple Storage Service,Storage,us-east-1,11353890204,arn:aws:s3:::prod-image-layers,bucket,ZWQ6Q48CRJXX4FXE,55100000,Requests
2024-09-06T10:00:00.000Z,2024-09-06T11:00:00.000Z,USD,26.78,26.78,Usage,"$0.004 per 10,000 GET and all other requests",Amazon Simple Storage Service,Storage,us-east-1,11353890204,arn:aws:s3:::prod-image-layers,bucket,ZWQ6Q48CRJXX4FXE,66950000,Requests
2024-09-06T11:00:00.000Z,2024-09-06T12:00:00.000Z,USD,11.97,11.97,Usage,"$0.004 per 10,000 GET and all other requests",Amazon Simple Storage Service,Storage,us-east-1,11353890204,arn:aws:s3:::prod-image-layers,bucket,ZWQ6Q48CRJXX4FXE,29925000,Requests
2024-09-06T12:00:00.000Z,2024-09-06T13:00:00.000Z,USD,17.59,17.59,Usage,"$0.004 per 10,000 GET and all other requests",Amazon Simple Storage Service,Storage,us-east-1,11353890204,arn:aws:s3:::prod-image-layers,bucket,ZWQ6Q48CRJXX4FXE,43975000,Requests
2024-09-06T13:00:00.000Z,2024-09-06T14:00:00.000Z,USD,33.68,33.68,Usage,"$0.004 per 10,000 GET and all other requests",Amazon Simple Storage Service,Storage,us-east-1,11353890204,arn:aws:s3:::prod-image-layers,bucket,ZWQ6Q48CRJXX4FXE,84200000,Requests
2024-09-06T14:00:00.000Z,2024-09-06T15:00:00.000Z,USD,17.56,17.56,Usage,"$0.004 per 10,000 GET and all other requests",Amazon Simple Storage Service,Storage,us-east-1,11353890204,arn:aws:s3:::prod-image-layers,bucket,ZWQ6Q48CRJXX4FXE,43900000,Requests
2024-09-06T15:00:00.000Z,2024-09-06T16:00:00.000Z,USD,21.66,21.66,Usage,"$0.004 per 10,000 GET and all other requests",Amazon Simple Storage Service,Storage,us-east-1,11353890204,arn:aws:s3:::prod-image-layers,bucket,ZWQ6Q48CRJXX4FXE,54150000,Requests
2024-09-06T16:00:00.000Z,2024-09-06T17:00:00.000Z,USD,16.93,16.93,Usage,"$0.004 per 10,000 GET and all other requests",Amazon Simple Storage Service,Storage,us-east-1,11353890204,arn:aws:s3:::prod-image-layers,bucket,ZWQ6Q48CRJXX4FXE,42325000,Requests
2024-09-06T17:00:00.000Z,2024-09-06T18:00:00.000Z,USD,32.11,32.11,Usage,"$0.004 per 10,000 GET and all other requests",Amazon Simple Storage Service,Storage,us-east-1,11353890204,arn:aws:s3:::prod-image-layers,bucket,ZWQ6Q48CRJXX4FXE,80275000,Requests
2024-09-06T18:00:00.000Z,2024-09-06T19:00:00.000Z,USD,12.4,12.4,Usage,"$0.004 per 10,000 GET and all other requests",Amazon Simple Storage Service,Storage,us-east-1,11353890204,arn:aws:s3:::prod-image-layers,bucket,ZWQ6Q48CRJXX4FXE,31000000,Requests
2024-09-06T19:00:00.000Z,2024-09-06T20:00:00.000Z,USD,26.95,26.95,Usage,"$0.004 per 10,000 GET and all other requests",Amazon Simple Storage Service,Storage,us-east-1,11353890204,arn:aws:s3:::prod-image-layers,bucket,ZWQ6Q48CRJXX4FXE,67375000,Requests
2024-09-06T20:00:00.000Z,2024-09-06T21:00:00.000Z,USD,9.92,9.92,Usage,"$0.004 per 10,000 GET and all other requests",Amazon Simple Storage Service,Storage,us-east-1,11353890204,arn:aws:s3:::prod-image-layers,bucket,ZWQ6Q48CRJXX4FXE,24800000,Requests
2024-09-06T21:00:00.000Z,2024-09-06T22:00:00.000Z,USD,12.09,12.09,Usage,"$0.004 per 10,000 GET and all other requests",Amazon Simple Storage Service,Storage,us-east-1,11353890204,arn:aws:s3:::prod-image-layers,bucket,ZWQ6Q48CRJXX4FXE,30225000,Requests
2024-09-06T22:00:00.000Z,2024-09-06T23:00:00.000Z,USD,16.56,16.56,Usage,"$0.004 per 10,000 GET and all other requests",Amazon Simple Storage Service,Storage,us-east-1,11353890204,arn:aws:s3:::prod-image-layers,bucket,ZWQ6Q48CRJXX4FXE,41400000,Requests
2024-09-06T23:00:00.000Z,2024-09-07T00:00:00.000Z,USD,8.87,8.87,Usage,"$0.004 per 10,000 GET and all other requests",Amazon Simple Storage Service,Storage,us-east-1,11353890204,arn:aws:s3:::prod-image-layers,bucket,ZWQ6Q48CRJXX4FXE,22175000,Requests
2024-09-07T00:00:00.000Z,2024-09-07T01:00:00.000Z,USD,5.01,5.01,Usage,"$0.004 per 10,000 GET and all other requests",Amazon Simple Storage Service,Storage,us-east-1,11353890204,arn:aws:s3:::prod-image-layers,bucket,ZWQ6Q48CRJXX4FXE,12525000,Requests
2024-09-07T01:00:00.000Z,2024-09-07T02:00:00.000Z,USD,12.87,12.87,Usage,"$0.004 per 10,000 GET and all other requests",Amazon Simple Storage Service,Storage,us-east-1,11353890204,arn:aws:s3:::prod-image-layers,bucket,ZWQ6Q48CRJXX4FXE,32175000,Requests
2024-09-07T02:00:00.000Z,2024-09-07T03:00:00.000Z,USD,8.82,8.82,Usage,"$0.004 per 10,000 GET and all other requests",Amazon Simple Storage Service,Storage,us-east-1,11353890204,arn:aws:s3:::prod-image-layers,bucket,ZWQ6Q48CRJXX4FXE,22050000,Requests
2024-09-07T03:00:00.000Z,2024-09-07T04:00:00.000Z,USD,6.06,6.06,Usage,"$0.004 per 10,000 GET and all other requests",Amazon Simple Storage Service,Storage,us-east-1,11353890204,arn:aws:s3:::prod-image-layers,bucket,ZWQ6Q48CRJXX4FXE,15150000,Requests
2024-09-07T04:00:00.000Z,2024-09-07T05:00:00.000Z,USD,8.79,8.79,Usage,"$0.004 per 10,000 GET and all other requests",Amazon Simple Storage Service,Storage,us-east-1,11353890204,arn:aws:s3:::prod-image-layers,bucket,ZWQ6Q48CRJXX4FXE,21975000,Requests
2024-09-07T05:00:00.000Z,2024-09-07T06:00:00.000Z,USD,7.55,7.55,Usage,"$0.004 per 10,000 GET and all other requests",Amazon Simple Storage Service,Storage,us-east-1,11353890204,arn:aws:s3:::prod-image-layers,bucket,ZWQ6Q48CRJXX4FXE,18875000,Requests
2024-09-07T06:00:00.000Z,2024-09-07T07:00:00.000Z,USD,6.48,6.48,Usage,"$0.004 per 10,000 GET and all other requests",Amazon Simple Storage Service,Storage,us-east-1,11353890204,arn:aws:s3:::prod-image-layers,bucket,ZWQ6Q48CRJXX4FXE,16200000,Requests
2024-09-07T07:00:00.000Z,2024-09-07T08:00:00.000Z,USD,8.21,8.21,Usage,"$0.004 per 10,000 GET and all other requests",Amazon Simple Storage Service,Storage,us-east-1,11353890204,arn:aws:s3:::prod-image-layers,bucket,ZWQ6Q48CRJXX4FXE,20525000,Requests
2024-09-07T08:00:00.000Z,2024-09-07T09:00:00.000Z,USD,6.79,6.79,Usage,"$0.004 per 10,000 GET and all other requests",Amazon Simple Storage Service,Storage,us-east-1,11353890204,arn:aws:s3:::prod-image-layers,bucket,ZWQ6Q48CRJXX4FXE,16975000,Requests
2024-09-07T09:00:00.000Z,2024-09-07T10:00:00.000Z,USD,5.19,5.19,Usage,"$0.004 per 10,000 GET and all other requests",Amazon Simple Storage Service,Storage,us-east-1,11353890204,arn:aws:s3:::prod-image-layers,bucket,ZWQ6Q48CRJXX4FXE,12975000,Requests
2024-09-07T10:00:00.000Z,2024-09-07T11:00:00.000Z,USD,5.88,5.88,Usage,"$0.004 per 10,000 GET and all other requests",Amazon Simple Storage Service,Storage,us-east-1,11353890204,arn:aws:s3:::prod-image-layers,bucket,ZWQ6Q48CRJXX4FXE,14700000,Requests
2024-09-07T11:00:00.000Z,2024-09-07T12:00:00.000Z,USD,4.9,4.9,Usage,"$0.004 per 10,000 GET and all other requests",Amazon Simple Storage Service,Storage,us-east-1,11353890204,arn:aws:s3:::prod-image-layers,bucket,ZWQ6Q48CRJXX4FXE,12250000,Requests
2024-09-07T12:00:00.000Z,2024-09-07T13:00:00.000Z,USD,6.61,6.61,Usage,"$0.004 per 10,000 GET and all other requests",Amazon Simple Storage Service,Storage,us-east-1,11353890204,arn:aws:s3:::prod-image-layers,bucket,ZWQ6Q48CRJXX4FXE,16525000,Requests
2024-09-07T13:00:00.000Z,2024-09-07T14:00:00.000Z,USD,7.4,7.4,Usage,"$0.004 per 10,000 GET and all other requests",Amazon Simple Storage Service,Storage,us-east-1,11353890204,arn:aws:s3:::prod-image-layers,bucket,ZWQ6Q48CRJXX4FXE,18500000,Requests
2024-09-07T14:00:00.000Z,2024-09-07T15:00:00.000Z,USD,7.43,7.43,Usage,"$0.004 per 10,000 GET and all other requests",Amazon Simple Storage Service,Storage,us-east-1,11353890204,arn:aws:s3:::prod-image-layers,bucket,ZWQ6Q48CRJXX4FXE,18575000,Requests
2024-09-07T15:00:00.000Z,2024-09-07T16:00:00.000Z,USD,12.85,12.85,Usage,"$0.004 per 10,000 GET and all other requests",Amazon Simple Storage Service,Storage,us-east-1,11353890204,arn:aws:s3:::prod-image-layers,bucket,ZWQ6Q48CRJXX4FXE,32125000,Requests
2024-09-07T16:00:00.000Z,2024-09-07T17:00:00.000Z,USD,7.92,7.92,Usage,"$0.004 per 10,000 GET and all other requests",Amazon Simple Storage Service,Storage,us-east-1,11353890204,arn:aws:s3:::prod-image-layers,bucket,ZWQ6Q48CRJXX4FXE,19800000,Requests
2024-09-07T17:00:00.000Z,2024-09-07T18:00:00.000Z,USD,9.94,9.94,Usage,"$0.004 per 10,000 GET and all other requests",Amazon Simple Storage Service,Storage,us-east-1,11353890204,arn:aws:s3:::prod-image-layers,bucket,ZWQ6Q48CRJXX4FXE,24850000,Requests
2024-09-07T18:00:00.000Z,2024-09-07T19:00:00.000Z,USD,5.12,5.12,Usage,"$0.004 per 10,000 GET and all other requests",Amazon Simple Storage Service,Storage,us-east-1,11353890204,arn:aws:s3:::prod-image-layers,bucket,ZWQ6Q48CRJXX4FXE,12800000,Requests
2024-09-07T19:00:00.000Z,2024-09-07T20:00:00.000Z,USD,9.53,9.53,Usage,"$0.004 per 10,000 GET and all other requests",Amazon Simple Storage Service,Storage,us-east-1,11353890204,arn:aws:s3:::prod-image-layers,bucket,ZWQ6Q48CRJXX4FXE,23825000,Requests
2024-09-07T20:00:00.000Z,2024-09-07T21:00:00.000Z,USD,8.66,8.66,Usage,"$0.004 per 10,000 GET and all other requests",Amazon Simple Storage Service,Storage,us-east-1,11353890204,arn:aws:s3:::prod-image-layers,bucket,ZWQ6Q48CRJXX4FXE,21650000,Requests
2024-09-07T21:00:00.000Z,2024-09-07T22:00:00.000Z,USD,12.19,12.19,Usage,"$0.004 per 10,000 GET and all other requests",Amazon Simple Storage Service,Storage,us-east-1,11353890204,arn:aws:s3:::prod-image-layers,bucket,ZWQ6Q48CRJXX4FXE,30475000,Requests
2024-09-07T22:00:00.000Z,2024-09-07T23:00:00.000Z,USD,8.38,8.38,Usage,"$0.004 per 10,000 GET and all other requests",Amazon Simple Storage Service,Storage,us-east-1,11353890204,arn:aws:s3:::prod-image-layers,bucket,ZWQ6Q48CRJXX4FXE,20950000,Requests
2024-09-07T23:00:00.000Z,2024-09-08T00:00:00.000Z,USD,11.4,11.4,Usage,"$0.004 per 10,000 GET and all other requests",Amazon Simple Storage Service,Storage,us-east-1,11353890204,arn:aws:s3:::prod-image-layers,bucket,ZWQ6Q48CRJXX4FXE,28500000,Requests
2024-09-08T00:00:00.000Z,2024-09-08T01:00:00.000Z,USD,7.05,7.05,Usage,"$0.004 per 10,000 GET and all other requests",Amazon Simple Storage Service,Storage,us-east-1,11353890204,arn:aws:s3:::prod-image-layers,bucket,ZWQ6Q48CRJXX4FXE,17625000,Requests
2024-09-08T01:00:00.000Z,2024-09-08T02:00:00.000Z,USD,9.68,9.68,Usage,"$0.004 per 10,000 GET and all other requests",Amazon Simple Storage Service,Storage,us-east-1,11353890204,arn:aws:s3:::prod-image-layers,bucket,ZWQ6Q48CRJXX4FXE,24200000,Requests
2024-09-08T02:00:00.000Z,2024-09-08T03:00:00.000Z,USD,12.15,12.15,Usage,"$0.004 per 10,000 GET and all other requests",Amazon Simple Storage Service,Storage,us-east-1,11353890204,arn:aws:s3:::prod-image-layers,bucket,ZWQ6Q48CRJXX4FXE,30375000,Requests
2024-09-08T03:00:00.000Z,2024-09-08T04:00:00.000Z,USD,7.34,7.34,Usage,"$0.004 per 10,000 GET and all other requests",Amazon Simple Storage Service,Storage,us-east-1,11353890204,arn:aws:s3:::prod-image-layers,bucket,ZWQ6Q48CRJXX4FXE,18350000,Requests
2024-09-08T04:00:00.000Z,2024-09-08T05:00:00.000Z,USD,10.85,10.85,Usage,"$0.004 per 10,000 GET and all other requests",Amazon Simple Storage Service,Storage,us-east-1,11353890204,arn:aws:s3:::prod-image-layers,bucket,ZWQ6Q48CRJXX4FXE,27125000,Requests
2024-09-08T05:00:00.000Z,2024-09-08T06:00:00.000Z,USD,9.77,9.77,Usage,"$0.004 per 10,000 GET and all other requests",Amazon Simple Storage Service,Storage,us-east-1,11353890204,arn:aws:s3:::prod-image-layers,bucket,ZWQ6Q48CRJXX4FXE,24425000,Requests
2024-09-08T06:00:00.000Z,2024-09-08T07:00:00.000Z,USD,6.62,6.62,Usage,"$0.004 per 10,000 GET and all other requests",Amazon Simple Storage Service,Storage,us-east-1,11353890204,arn:aws:s3:::prod-image-layers,bucket,ZWQ6Q48CRJXX4FXE,16550000,Requests
2024-09-08T07:00:00.000Z,2024-09-08T08:00:00.000Z,USD,8.52,8.52,Usage,"$0.004 per 10,000 GET and all other requests",Amazon Simple Storage Service,Storage,us-east-1,11353890204,arn:aws:s3:::prod-image-layers,bucket,ZWQ6Q48CRJXX4FXE,21300000,Requests
2024-09-08T08:00:00.000Z,2024-09-08T09:00:00.000Z,USD,7.34,7.34,Usage,"$0.004 per 10,000 GET and all other requests",Amazon Simple Storage Service,Storage,us-east-1,11353890204,arn:aws:s3:::prod-image-layers,bucket,ZWQ6Q48CRJXX4FXE,18350000,Requests
2024-09-08T09:00:00.000Z,2024-09-08T10:00:00.000Z,USD,4.86,4.86,Usage,"$0.004 per 10,000 GET and all other requests",Amazon Simple Storage Service,Storage,us-east-1,11353890204,arn:aws:s3:::prod-image-layers,bucket,ZWQ6Q48CRJXX4FXE,12150000,Requests
2024-09-08T10:00:00.000Z,2024-09-08T11:00:00.000Z,USD,5.68,5.68,Usage,"$0.004 per 10,000 GET and all other requests",Amazon Simple Storage Service,Storage,us-east-1,11353890204,arn:aws:s3:::prod-image-layers,bucket,ZWQ6Q48CRJXX4FXE,14200000,Requests
2024-09-08T11:00:00.000Z,2024-09-08T12:00:00.000Z,USD,10.62,10.62,Usage,"$0.004 per 10,000 GET and all other requests",Amazon Simple Storage Service,Storage,us-east-1,11353890204,arn:aws:s3:::prod-image-layers,bucket,ZWQ6Q48CRJXX4FXE,26550000,Requests
2024-09-08T12:00:00.000Z,2024-09-08T13:00:00.000Z,USD,13.03,13.03,Usage,"$0.004 per 10,000 GET and all other requests",Amazon Simple Storage Service,Storage,us-east-1,11353890204,arn:aws:s3:::prod-image-layers,bucket,ZWQ6Q48CRJXX4FXE,32575000,Requests
2024-09-08T13:00:00.000Z,2024-09-08T14:00:00.000Z,USD,11.24,11.24,Usage,"$0.004 per 10,000 GET and all other requests",Amazon Simple Storage Service,Storage,us-east-1,11353890204,arn:aws:s3:::prod-image-layers,bucket,ZWQ6Q48CRJXX4FXE,28100000,Requests
2024-09-08T14:00:00.000Z,2024-09-08T15:00:00.000Z,USD,6.23,6.23,Usage,"$0.004 per 10,000 GET and all other requests",Amazon Simple Storage Service,Storage,us-east-1,11353890204,arn:aws:s3:::prod-image-layers,bucket,ZWQ6Q48CRJXX4FXE,15575000,Requests
2024-09-08T15:00:00.000Z,2024-09-08T16:00:00.000Z,USD,9.44,9.44,Usage,"$0.004 per 10,000 GET and all other requests",Amazon Simple Storage Service,Storage,us-east-1,11353890204,arn:aws:s3:::prod-image-layers,bucket,ZWQ6Q48CRJXX4FXE,23600000,Requests
2024-09-08T16:00:00.000Z,2024-09-08T17:00:00.000Z,USD,4.61,4.61,Usage,"$0.004 per 10,000 GET and all other requests",Amazon Simple Storage Service,Storage,us-east-1,11353890204,arn:aws:s3:::prod-image-layers,bucket,ZWQ6Q48CRJXX4FXE,11525000,Requests
2024-09-08T17:00:00.000Z,2024-09-08T18:00:00.000Z,USD,6.31,6.31,Usage,"$0.004 per 10,000 GET and all other requests",Amazon Simple Storage Service,Storage,us-east-1,11353890204,arn:aws:s3:::prod-image-layers,bucket,ZWQ6Q48CRJXX4FXE,15775000,Requests
2024-09-08T18:00:00.000Z,2024-09-08T19:00:00.000Z,USD,7,7,Usage,"$0.004 per 10,000 GET and all other requests",Amazon Simple Storage Service,Storage,us-east-1,11353890204,arn:aws:s3:::prod-image-layers,bucket,ZWQ6Q48CRJXX4FXE,17500000,Requests
2024-09-08T19:00:00.000Z,2024-09-08T20:00:00.000Z,USD,8.83,8.83,Usage,"$0.004 per 10,000 GET and all other requests",Amazon Simple Storage Service,Storage,us-east-1,11353890204,arn:aws:s3:::prod-image-layers,bucket,ZWQ6Q48CRJXX4FXE,22075000,Requests
2024-09-08T20:00:00.000Z,2024-09-08T21:00:00.000Z,USD,7.75,7.75,Usage,"$0.004 per 10,000 GET and all other requests",Amazon Simple Storage Service,Storage,us-east-1,11353890204,arn:aws:s3:::prod-image-layers,bucket,ZWQ6Q48CRJXX4FXE,19375000,Requests
2024-09-08T21:00:00.000Z,2024-09-08T22:00:00.000Z,USD,11.13,11.13,Usage,"$0.004 per 10,000 GET and all other requests",Amazon Simple Storage Service,Storage,us-east-1,11353890204,arn:aws:s3:::prod-image-layers,bucket,ZWQ6Q48CRJXX4FXE,27825000,Requests
2024-09-08T22:00:00.000Z,2024-09-08T23:00:00.000Z,USD,11.85,11.85,Usage,"$0.004 per 10,000 GET and all other requests",Amazon Simple Storage Service,Storage,us-east-1,11353890204,arn:aws:s3:::prod-image-layers,bucket,ZWQ6Q48CRJXX4FXE,29625000,Requests
2024-09-08T23:00:00.000Z,2024-09-09T00:00:00.000Z,USD,7.77,7.77,Usage,"$0.004 per 10,000 GET and all other requests",Amazon Simple Storage Service,Storage,us-east-1,11353890204,arn:aws:s3:::prod-image-layers,bucket,ZWQ6Q48CRJXX4FXE,19425000,Requests
2024-09-09T00:00:00.000Z,2024-09-09T01:00:00.000Z,USD,16.26,16.26,Usage,"$0.004 per 10,000 GET and all other requests",Amazon Simple Storage Service,Storage,us-east-1,11353890204,arn:aws:s3:::prod-image-layers,bucket,ZWQ6Q48CRJXX4FXE,40650000,Requests
2024-09-09T01:00:00.000Z,2024-09-09T02:00:00.000Z,USD,7.05,7.05,Usage,"$0.004 per 10,000 GET and all other requests",Amazon Simple Storage Service,Storage,us-east-1,11353890204,arn:aws:s3:::prod-image-layers,bucket,ZWQ6Q48CRJXX4FXE,17625000,Requests
2024-09-09T02:00:00.000Z,2024-09-09T03:00:00.000Z,USD,9.09,9.09,Usage,"$0.004 per 10,000 GET and all other requests",Amazon Simple Storage Service,Storage,us-east-1,11353890204,arn:aws:s3:::prod-image-layers,bucket,ZWQ6Q48CRJXX4FXE,22725000,Requests
2024-09-09T03:00:00.000Z,2024-09-09T04:00:00.000Z,USD,17.96,17.96,Usage,"$0.004 per 10,000 GET and all other requests",Amazon Simple Storage Service,Storage,us-east-1,11353890204,arn:aws:s3:::prod-image-layers,bucket,ZWQ6Q48CRJXX4FXE,44900000,Requests
2024-09-09T04:00:00.000Z,2024-09-09T05:00:00.000Z,USD,17.2,17.2,Usage,"$0.004 per 10,000 GET and all other requests",Amazon Simple Storage Service,Storage,us-east-1,11353890204,arn:aws:s3:::prod-image-layers,bucket,ZWQ6Q48CRJXX4FXE,43000000,Requests
2024-09-09T05:00:00.000Z,2024-09-09T06:00:00.000Z,USD,11.87,11.87,Usage,"$0.004 per 10,000 GET and all other requests",Amazon Simple Storage Service,Storage,us-east-1,11353890204,arn:aws:s3:::prod-image-layers,bucket,ZWQ6Q48CRJXX4FXE,29675000,Requests
2024-09-09T06:00:00.000Z,2024-09-09T07:00:00.000Z,USD,18.83,18.83,Usage,"$0.004 per 10,000 GET and all other requests",Amazon Simple Storage Service,Storage,us-east-1,11353890204,arn:aws:s3:::prod-image-layers,bucket,ZWQ6Q48CRJXX4FXE,47075000,Requests
2024-09-09T07:00:00.000Z,2024-09-09T08:00:00.000Z,USD,16.74,16.74,Usage,"$0.004 per 10,000 GET and all other requests",Amazon Simple Storage Service,Storage,us-east-1,11353890204,arn:aws:s3:::prod-image-layers,bucket,ZWQ6Q48CRJXX4FXE,41850000,Requests
2024-09-09T08:00:00.000Z,2024-09-09T09:00:00.000Z,USD,34.06,34.06,Usage,"$0.004 per 10,000 GET and all other requests",Amazon Simple Storage Service,Storage,us-east-1,11353890204,arn:aws:s3:::prod-image-layers,bucket,ZWQ6Q48CRJXX4FXE,85150000,Requests
2024-09-09T09:00:00.000Z,2024-09-09T10:00:00.000Z,USD,20.05,20.05,Usage,"$0.004 per 10,000 GET and all other requests",Amazon Simple Storage Service,Storage,us-east-1,11353890204,arn:aws:s3:::prod-image-layers,bucket,ZWQ6Q48CRJXX4FXE,50125000,Requests
2024-09-09T10:00:00.000Z,2024-09-09T11:00:00.000Z,USD,15.02,15.02,Usage,"$0.004 per 10,000 GET and all other requests",Amazon Simple Storage Service,Storage,us-east-1,11353890204,arn:aws:s3:::prod-image-layers,bucket,ZWQ6Q48CRJXX4FXE,37550000,Requests
2024-09-09T11:00:00.000Z,2024-09-09T12:00:00.000Z,USD,34.29,34.29,Usage,"$0.004 per 10,000 GET and all other requests",Amazon Simple Storage Service,Storage,us-east-1,11353890204,arn:aws:s3:::prod-image-layers,bucket,ZWQ6Q48CRJXX4FXE,85725000,Requests
2024-09-09T12:00:00.000Z,2024-09-09T13:00:00.000Z,USD,16.85,16.85,Usage,"$0.004 per 10,000 GET and all other requests",Amazon Simple Storage Service,Storage,us-east-1,11353890204,arn:aws:s3:::prod-image-layers,bucket,ZWQ6Q48CRJXX4FXE,42125000,Requests
2024-09-09T13:00:00.000Z,2024-09-09T14:00:00.000Z,USD,34.03,34.03,Usage,"$0.004 per 10,000 GET and all other requests",Amazon Simple Storage Service,Storage,us-east-1,11353890204,arn:aws:s3:::prod-image-layers,bucket,ZWQ6Q48CRJXX4FXE,85075000,Requests
2024-09-09T14:00:00.000Z,2024-09-09T15:00:00.000Z,USD,34.52,34.52,Usage,"$0.004 per 10,000 GET and all other requests",Amazon Simple Storage Service,Storage,us-east-1,11353890204,arn:aws:s3:::prod-image-layers,bucket,ZWQ6Q48CRJXX4FXE,86300000,Requests
2024-09-09T15:00:00.000Z,2024-09-09T16:00:00.000Z,USD,26.91,26.91,Usage,"$0.004 per 10,000 GET and all other requests",Amazon Simple Storage Service,Storage,us-east-1,11353890204,arn:aws:s3:::prod-image-layers,bucket,ZWQ6Q48CRJXX4FXE,67275000,Requests
2024-09-09T16:00:00.000Z,2024-09-09T17:00:00.000Z,USD,24.45,24.45,Usage,"$0.004 per 10,000 GET and all other requests",Amazon Simple Storage Service,Storage,us-east-1,11353890204,arn:aws:s3:::prod-image-layers,bucket,ZWQ6Q48CRJXX4FXE,61125000,Requests
2024-09-09T17:00:00.000Z,2024-09-09T18:00:00.000Z,USD,24.15,24.15,Usage,"$0.004 per 10,000 GET and all other requests",Amazon Simple Storage Service,Storage,us-east-1,11353890204,arn:aws:s3:::prod-image-layers,bucket,ZWQ6Q48CRJXX4FXE,60375000,Requests
2024-09-09T18:00:00.000Z,2024-09-09T19:00:00.000Z,USD,14.3,14.3,Usage,"$0.004 per 10,000 GET and all other requests",Amazon Simple Storage Service,Storage,us-east-1,11353890204,arn:aws:s3:::prod-image-layers,bucket,ZWQ6Q48CRJXX4FXE,35750000,Requests
2024-09-09T19:00:00.000Z,2024-09-09T20:00:00.000Z,USD,13.54,13.54,Usage,"$0.004 per 10,000 GET and all other requests",Amazon Simple Storage Service,Storage,us-east-1,11353890204,arn:aws:s3:::prod-image-layers,bucket,ZWQ6Q48CRJXX4FXE,33850000,Requests
2024-09-09T20:00:00.000Z,2024-09-09T21:00:00.000Z,USD,10.47,10.47,Usage,"$0.004 per 10,000 GET and all other requests",Amazon Simple Storage Service,Storage,us-east-1,11353890204,arn:aws:s3:::prod-image-layers,bucket,ZWQ6Q48CRJXX4FXE,26175000,Requests
2024-09-09T21:00:00.000Z,2024-09-09T22:00:00.000Z,USD,16.58,16.58,Usage,"$0.004 per 10,000 GET and all other requests",Amazon Simple Storage Service,Storage,us-east-1,11353890204,arn:aws:s3:::prod-image-layers,bucket,ZWQ6Q48CRJXX4FXE,41450000,Requests
2024-09-09T22:00:00.000Z,2024-09-09T23:00:00.000Z,USD,17.94,17.94,Usage,"$0.004 per 10,000 GET and all other requests",Amazon Simple Storage Service,Storage,us-east-1,11353890204,arn:aws:s3:::prod-image-layers,bucket,ZWQ6Q48CRJXX4FXE,44850000,Requests
2024-09-09T23:00:00.000Z,2024-09-10T00:00:00.000Z,USD,14.05,14.05,Usage,"$0.004 per 10,000 GET and all other requests",Amazon Simple Storage Service,Storage,us-east-1,11353890204,arn:aws:s3:::prod-image-layers,bucket,ZWQ6Q48CRJXX4FXE,35125000,Requests
2024-09-10T00:00:00.000Z,2024-09-10T01:00:00.000Z,USD,8.73,8.73,Usage,"$0.004 per 10,000 GET and all other requests",Amazon Simple Storage Service,Storage,us-east-1,11353890204,arn:aws:s3:::prod-image-layers,bucket,ZWQ6Q48CRJXX4FXE,21825000,Requests
2024-09-10T01:00:00.000Z,2024-09-10T02:00:00.000Z,USD,7.3,7.3,Usage,"$0.004 per 10,000 GET and all other requests",Amazon Simple Storage Service,Storage,us-east-1,11353890204,arn:aws:s3:::prod-image-layers,bucket,ZWQ6Q48CRJXX4FXE,18250000,Requests
2024-09-10T02:00:00.000Z,2024-09-10T03:00:00.000Z,USD,15.66,15.66,Usage,"$0.004 per 10,000 GET and all other requests",Amazon Simple Storage Service,Storage,us-east-1,11353890204,arn:aws:s3:::prod-image-layers,bucket,ZWQ6Q48CRJXX4FXE,39150000,Requests
2024-09-10T03:00:00.000Z,2024-09-10T04:00:00.000Z,USD,7.16,7.16,Usage,"$0.004 per 10,000 GET and all other requests",Amazon Simple Storage Service,Storage,us-east-1,11353890204,arn:aws:s3:::prod-image-layers,bucket,ZWQ6Q48CRJXX4FXE,17900000,Requests
2024-09-10T04:00:00.000Z,2024-09-10T05:00:00.000Z,USD,11.44,11.44,Usage,"$0.004 per 10,000 GET and all other requests",Amazon Simple Storage Service,Storage,us-east-1,11353890204,arn:aws:s3:::prod-image-layers,bucket,ZWQ6Q48CRJXX4FXE,28600000,Requests
2024-09-10T05:00:00.000Z,2024-09-10T06:00:00.000Z,USD,7.05,7.05,Usage,"$0.004 per 10,000 GET and all other requests",Amazon Simple Storage Service,Storage,us-east-1,11353890204,arn:aws:s3:::prod-image-layers,bucket,ZWQ6Q48CRJXX4FXE,17625000,Requests
2024-09-10T06:00:00.000Z,2024-09-10T07:00:00.000Z,USD,17.72,17.72,Usage,"$0.004 per 10,000 GET and all other requests",Amazon Simple Storage Service,Storage,us-east-1,11353890204,arn:aws:s3:::prod-image-layers,bucket,ZWQ6Q48CRJXX4FXE,44300000,Requests
2024-09-10T07:00:00.000Z,2024-09-10T08:00:00.000Z,USD,12.6,12.6,Usage,"$0.004 per 10,000 GET and all other requests",Amazon Simple Storage Service,Storage,us-east-1,11353890204,arn:aws:s3:::prod-image-layers,bucket,ZWQ6Q48CRJXX4FXE,31500000,Requests
2024-09-10T08:00:00.000Z,2024-09-10T09:00:00.000Z,USD,20.91,20.91,Usage,"$0.004 per 10,000 GET and all other requests",Amazon Simple Storage Service,Storage,us-east-1,11353890204,arn:aws:s3:::prod-image-layers,bucket,ZWQ6Q48CRJXX4FXE,52275000,Requests
2024-09-10T09:00:00.000Z,2024-09-10T10:00:00.000Z,USD,34.03,34.03,Usage,"$0.004 per 10,000 GET and all other requests",Amazon Simple Storage Service,Storage,us-east-1,11353890204,arn:aws:s3:::prod-image-layers,bucket,ZWQ6Q48CRJXX4FXE,85075000,Requests
2024-09-10T10:00:00.000Z,2024-09-10T11:00:00.000Z,USD,20.38,20.38,Usage,"$0.004 per 10,000 GET and all other requests",Amazon Simple Storage Service,Storage,us-east-1,11353890204,arn:aws:s3:::prod-image-layers,bucket,ZWQ6Q48CRJXX4FXE,50950000,Requests
2024-09-10T11:00:00.000Z,2024-09-10T12:00:00.000Z,USD,19.41,19.41,Usage,"$0.004 per 10,000 GET and all other requests",Amazon Simple Storage Service,Storage,us-east-1,11353890204,arn:aws:s3:::prod-image-layers,bucket,ZWQ6Q48CRJXX4FXE,48525000,Requests
2024-09-10T12:00:00.000Z,2024-09-10T13:00:00.000Z,USD,14.31,14.31,Usage,"$0.004 per 10,000 GET and all other requests",Amazon Simple Storage Service,Storage,us-east-1,11353890204,arn:aws:s3:::prod-image-layers,bucket,ZWQ6Q48CRJXX4FXE,35775000,Requests
2024-09-10T13:00:00.000Z,2024-09-10T14:00:00.000Z,USD,13.38,13.38,Usage,"$0.004 per 10,000 GET and all other requests",Amazon Simple Storage Service,Storage,us-east-1,11353890204,arn:aws:s3:::prod-image-layers,bucket,ZWQ6Q48CRJXX4FXE,33450000,Requests
2024-09-10T14:00:00.000Z,2024-09-10T15:00:00.000Z,USD,22.4,22.4,Usage,"$0.004 per 10,000 GET and all other requests",Amazon Simple Storage Service,Storage,us-east-1,11353890204,arn:aws:s3:::prod-image-layers,bucket,ZWQ6Q48CRJXX4FXE,56000000,Requests
2024-09-10T15:00:00.000Z,2024-09-10T16:00:00.000Z,USD,30.73,30.73,Usage,"$0.004 per 10,000 GET and all other requests",Amazon Simple Storage Service,Storage,us-east-1,11353890204,arn:aws:s3:::prod-image-layers,bucket,ZWQ6Q48CRJXX4FXE,76825000,Requests
2024-09-10T16:00:00.000Z,2024-09-10T17:00:00.000Z,USD,20.33,20.33,Usage,"$0.004 per 10,000 GET and all other requests",Amazon Simple Storage Service,Storage,us-east-1,11353890204,arn:aws:s3:::prod-image-layers,bucket,ZWQ6Q48CRJXX4FXE,50825000,Requests
2024-09-10T17:00:00.000Z,2024-09-10T18:00:00.000Z,USD,23.54,23.54,Usage,"$0.004 per 10,000 GET and all other requests",Amazon Simple Storage Service,Storage,us-east-1,11353890204,arn:aws:s3:::prod-image-layers,bucket,ZWQ6Q48CRJXX4FXE,58850000,Requests
2024-09-10T18:00:00.000Z,2024-09-10T19:00:00.000Z,USD,29.12,29.12,Usage,"$0.004 per 10,000 GET and all other requests",Amazon Simple Storage Service,Storage,us-east-1,11353890204,arn:aws:s3:::prod-image-layers,bucket,ZWQ6Q48CRJXX4FXE,72800000,Requests
2024-09-10T19:00:00.000Z,2024-09-10T20:00:00.000Z,USD,24.36,24.36,Usage,"$0.004 per 10,000 GET and all other requests",Amazon Simple Storage Service,Storage,us-east-1,11353890204,arn:aws:s3:::prod-image-layers,bucket,ZWQ6Q48CRJXX4FXE,60900000,Requests
2024-09-10T20:00:00.000Z,2024-09-10T21:00:00.000Z,USD,7.36,7.36,Usage,"$0.004 per 10,000 GET and all other requests",Amazon Simple Storage Service,Storage,us-east-1,11353890204,arn:aws:s3:::prod-image-layers,bucket,ZWQ6Q48CRJXX4FXE,18400000,Requests
2024-09-10T21:00:00.000Z,2024-09-10T22:00:00.000Z,USD,6.91,6.91,Usage,"$0.004 per 10,000 GET and all other requests",Amazon Simple Storage Service,Storage,us-east-1,11353890204,arn:aws:s3:::prod-image-layers,bucket,ZWQ6Q48CRJXX4FXE,17275000,Requests
2024-09-10T22:00:00.000Z,2024-09-10T23:00:00.000Z,USD,8.48,8.48,Usage,"$0.004 per 10,000 GET and all other requests",Amazon Simple Storage Service,Storage,us-east-1,11353890204,arn:aws:s3:::prod-image-layers,bucket,ZWQ6Q48CRJXX4FXE,21200000,Requests
2024-09-10T23:00:00.000Z,2024-09-11T00:00:00.000Z,USD,14.9,14.9,Usage,"$0.004 per 10,000 GET and all other requests",Amazon Simple Storage Service,Storage,us-east-1,11353890204,arn:aws:s3:::prod-image-layers,bucket,ZWQ6Q48CRJXX4FXE,37250000,Requests
2024-09-11T00:00:00.000Z,2024-09-11T01:00:00.000Z,USD,12.2,12.2,Usage,"$0.004 per 10,000 GET and all other requests",Amazon Simple Storage Service,Storage,us-east-1,11353890204,arn:aws:s3:::prod-image-layers,bucket,ZWQ6Q48CRJXX4FXE,30500000,Requests
2024-09-11T01:00:00.000Z,2024-09-11T02:00:00.000Z,USD,17.28,17.28,Usage,"$0.004 per 10,000 GET and all other requests",Amazon Simple Storage Service,Storage,us-east-1,11353890204,arn:aws:s3:::prod-image-layers,bucket,ZWQ6Q48CRJXX4FXE,43200000,Requests
2024-09-11T02:00:00.000Z,2024-09-11T03:00:00.000Z,USD,13.55,13.55,Usage,"$0.004 per 10,000 GET and all other requests",Amazon Simple Storage Service,Storage,us-east-1,11353890204,arn:aws:s3:::prod-image-layers,bucket,ZWQ6Q48CRJXX4FXE,33875000,Requests
2024-09-11T03:00:00.000Z,2024-09-11T04:00:00.000Z,USD,17.6,17.6,Usage,"$0.004 per 10,000 GET and all other requests",Amazon Simple Storage Service,Storage,us-east-1,11353890204,arn:aws:s3:::prod-image-layers,bucket,ZWQ6Q48CRJXX4FXE,44000000,Requests
2024-09-11T04:00:00.000Z,2024-09-11T05:00:00.000Z,USD,8.79,8.79,Usage,"$0.004 per 10,000 GET and all other requests",Amazon Simple Storage Service,Storage,us-east-1,11353890204,arn:aws:s3:::prod-image-layers,bucket,ZWQ6Q48CRJXX4FXE,21975000,Requests
2024-09-11T05:00:00.000Z,2024-09-11T06:00:00.000Z,USD,17.87,17.87,Usage,"$0.004 per 10,000 GET and all other requests",Amazon Simple Storage Service,Storage,us-east-1,11353890204,arn:aws:s3:::prod-image-layers,bucket,ZWQ6Q48CRJXX4FXE,44675000,Requests
2024-09-11T06:00:00.000Z,2024-09-11T07:00:00.000Z,USD,7.59,7.59,Usage,"$0.004 per 10,000 GET and all other requests",Amazon Simple Storage Service,Storage,us-east-1,11353890204,arn:aws:s3:::prod-image-layers,bucket,ZWQ6Q48CRJXX4FXE,18975000,Requests
2024-09-11T07:00:00.000Z,2024-09-11T08:00:00.000Z,USD,12.52,12.52,Usage,"$0.004 per 10,000 GET and all other requests",Amazon Simple Storage Service,Storage,us-east-1,11353890204,arn:aws:s3:::prod-image-layers,bucket,ZWQ6Q48CRJXX4FXE,31300000,Requests
2024-09-11T08:00:00.000Z,2024-09-11T09:00:00.000Z,USD,28.65,28.65,Usage,"$0.004 per 10,000 GET and all other requests",Amazon Simple Storage Service,Storage,us-east-1,11353890204,arn:aws:s3:::prod-image-layers,bucket,ZWQ6Q48CRJXX4FXE,71625000,Requests
2024-09-11T09:00:00.000Z,2024-09-11T10:00:00.000Z,USD,21.26,21.26,Usage,"$0.004 per 10,000 GET and all other requests",Amazon Simple Storage Service,Storage,us-east-1,11353890204,arn:aws:s3:::prod-image-layers,bucket,ZWQ6Q48CRJXX4FXE,53150000,Requests
2024-09-11T10:00:00.000Z,2024-09-11T11:00:00.000Z,USD,32.84,32.84,Usage,"$0.004 per 10,000 GET and all other requests",Amazon Simple Storage Service,Storage,us-east-1,11353890204,arn:aws:s3:::prod-image-layers,bucket,ZWQ6Q48CRJXX4FXE,82100000,Requests
2024-09-11T11:00:00.000Z,2024-09-11T12:00:00.000Z,USD,19.44,19.44,Usage,"$0.004 per 10,000 GET and all other requests",Amazon Simple Storage Service,Storage,us-east-1,11353890204,arn:aws:s3:::prod-image-layers,bucket,ZWQ6Q48CRJXX4FXE,48600000,Requests
2024-09-11T12:00:00.000Z,2024-09-11T13:00:00.000Z,USD,29.24,29.24,Usage,"$0.004 per 10,000 GET and all other requests",Amazon Simple Storage Service,Storage,us-east-1,11353890204,arn:aws:s3:::prod-image-layers,bucket,ZWQ6Q48CRJXX4FXE,73100000,Requests
2024-09-11T13:00:00.000Z,2024-09-11T14:00:00.000Z,USD,27.62,27.62,Usage,"$0.004 per 10,000 GET and all other requests",Amazon Simple Storage Service,Storage,us-east-1,11353890204,arn:aws:s3:::prod-image-layers,bucket,ZWQ6Q48CRJXX4FXE,69050000,Requests
2024-09-11T14:00:00.000Z,2024-09-11T15:00:00.000Z,USD,27.28,27.28,Usage,"$0.004 per 10,000 GET and all other requests",Amazon Simple Storage Service,Storage,us-east-1,11353890204,arn:aws:s3:::prod-image-layers,bucket,ZWQ6Q48CRJXX4FXE,68200000,Requests
2024-09-11T15:00:00.000Z,2024-09-11T16:00:00.000Z,USD,22.62,22.62,Usage,"$0.004 per 10,000 GET and all other requests",Amazon Simple Storage Service,Storage,us-east-1,11353890204,arn:aws:s3:::prod-image-layers,bucket,ZWQ6Q48CRJXX4FXE,56550000,Requests
2024-09-11T16:00:00.000Z,2024-09-11T17:00:00.000Z,USD,29.39,29.39,Usage,"$0.004 per 10,000 GET and all other requests",Amazon Simple Storage Service,Storage,us-east-1,11353890204,arn:aws:s3:::prod-image-layers,bucket,ZWQ6Q48CRJXX4FXE,73475000,Requests
2024-09-11T17:00:00.000Z,2024-09-11T18:00:00.000Z,USD,34.39,34.39,Usage,"$0.004 per 10,000 GET and all other requests",Amazon Simple Storage Service,Storage,us-east-1,11353890204,arn:aws:s3:::prod-image-layers,bucket,ZWQ6Q48CRJXX4FXE,85975000,Requests
2024-09-11T18:00:00.000Z,2024-09-11T19:00:00.000Z,USD,29.36,29.36,Usage,"$0.004 per 10,000 GET and all other requests",Amazon Simple Storage Service,Storage,us-east-1,11353890204,arn:aws:s3:::prod-image-layers,bucket,ZWQ6Q48CRJXX4FXE,73400000,Requests
2024-09-11T19:00:00.000Z,2024-09-11T20:00:00.000Z,USD,14.41,14.41,Usage,"$0.004 per 10,000 GET and all other requests",Amazon Simple Storage Service,Storage,us-east-1,11353890204,arn:aws:s3:::prod-image-layers,bucket,ZWQ6Q48CRJXX4FXE,36025000,Requests
2024-09-11T20:00:00.000Z,2024-09-11T21:00:00.000Z,USD,16.74,16.74,Usage,"$0.004 per 10,000 GET and all other requests",Amazon Simple Storage Service,Storage,us-east-1,11353890204,arn:aws:s3:::prod-image-layers,bucket,ZWQ6Q48CRJXX4FXE,41850000,Requests
2024-09-11T21:00:00.000Z,2024-09-11T22:00:00.000Z,USD,8.33,8.33,Usage,"$0.004 per 10,000 GET and all other requests",Amazon Simple Storage Service,Storage,us-east-1,11353890204,arn:aws:s3:::prod-image-layers,bucket,ZWQ6Q48CRJXX4FXE,20825000,Requests
2024-09-11T22:00:00.000Z,2024-09-11T23:00:00.000Z,USD,8.53,8.53,Usage,"$0.004 per 10,000 GET and all other requests",Amazon Simple Storage Service,Storage,us-east-1,11353890204,arn:aws:s3:::prod-image-layers,bucket,ZWQ6Q48CRJXX4FXE,21325000,Requests
2024-09-11T23:00:00.000Z,2024-09-12T00:00:00.000Z,USD,7.93,7.93,Usage,"$0.004 per 10,000 GET and all other requests",Amazon Simple Storage Service,Storage,us-east-1,11353890204,arn:aws:s3:::prod-image-layers,bucket,ZWQ6Q48CRJXX4FXE,19825000,Requests
2024-09-12T00:00:00.000Z,2024-09-12T01:00:00.000Z,USD,18.8,18.8,Usage,"$0.004 per 10,000 GET and all other requests",Amazon Simple Storage Service,Storage,us-east-1,11353890204,arn:aws:s3:::prod-image-layers,bucket,ZWQ6Q48CRJXX4FXE,47000000,Requests
2024-09-12T01:00:00.000Z,2024-09-12T02:00:00.000Z,USD,11.38,11.38,Usage,"$0.004 per 10,000 GET and all other requests",Amazon Simple Storage Service,Storage,us-east-1,11353890204,arn:aws:s3:::prod-image-layers,bucket,ZWQ6Q48CRJXX4FXE,28450000,Requests
2024-09-12T02:00:00.000Z,2024-09-12T03:00:00.000Z,USD,9.36,9.36,Usage,"$0.004 per 10,000 GET and all other requests",Amazon Simple Storage Service,Storage,us-east-1,11353890204,arn:aws:s3:::prod-image-layers,bucket,ZWQ6Q48CRJXX4FXE,23400000,Requests
2024-09-12T03:00:00.000Z,2024-09-12T04:00:00.000Z,USD,7.43,7.43,Usage,"$0.004 per 10,000 GET and all other requests",Amazon Simple Storage Service,Storage,us-east-1,11353890204,arn:aws:s3:::prod-image-layers,bucket,ZWQ6Q48CRJXX4FXE,18575000,Requests
2024-09-12T04:00:00.000Z,2024-09-12T05:00:00.000Z,USD,10.21,10.21,Usage,"$0.004 per 10,000 GET and all other requests",Amazon Simple Storage Service,Storage,us-east-1,11353890204,arn:aws:s3:::prod-image-layers,bucket,ZWQ6Q48CRJXX4FXE,25525000,Requests
2024-09-12T05:00:00.000Z,2024-09-12T06:00:00.000Z,USD,14.83,14.83,Usage,"$0.004 per 10,000 GET and all other requests",Amazon Simple Storage Service,Storage,us-east-1,11353890204,arn:aws:s3:::prod-image-layers,bucket,ZWQ6Q48CRJXX4FXE,37075000,Requests
2024-09-12T06:00:00.000Z,2024-09-12T07:00:00.000Z,USD,10.41,10.41,Usage,"$0.004 per 10,000 GET and all other requests",Amazon Simple Storage Service,Storage,us-east-1,11353890204,arn:aws:s3:::prod-image-layers,bucket,ZWQ6Q48CRJXX4FXE,26025000,Requests
2024-09-12T07:00:00.000Z,2024-09-12T08:00:00.000Z,USD,10.26,10.26,Usage,"$0.004 per 10,000 GET and all other requests",Amazon Simple Storage Service,Storage,us-east-1,11353890204,arn:aws:s3:::prod-image-layers,bucket,ZWQ6Q48CRJXX4FXE,25650000,Requests
2024-09-12T08:00:00.000Z,2024-09-12T09:00:00.000Z,USD,27.9,27.9,Usage,"$0.004 per 10,000 GET and all other requests",Amazon Simple Storage Service,Storage,us-east-1,11353890204,arn:aws:s3:::prod-image-layers,bucket,ZWQ6Q48CRJXX4FXE,69750000,Requests
2024-09-12T09:00:00.000Z,2024-09-12T10:00:00.000Z,USD,18.79,18.79,Usage,"$0.004 per 10,000 GET and all other requests",Amazon Simple Storage Service,Storage,us-east-1,11353890204,arn:aws:s3:::prod-image-layers,bucket,ZWQ6Q48CRJXX4FXE,46975000,Requests
2024-09-12T10:00:00.000Z,2024-09-12T11:00:00.000Z,USD,23.8,23.8,Usage,"$0.004 per 10,000 GET and all other requests",Amazon Simple Storage Service,Storage,us-east-1,11353890204,arn:aws:s3:::prod-image-layers,bucket,ZWQ6Q48CRJXX4FXE,59500000,Requests
2024-09-12T11:00:00.000Z,2024-09-12T12:00:00.000Z,USD,26.51,26.51,Usage,"$0.004 per 10,000 GET and all other requests",Amazon Simple Storage Service,Storage,us-east-1,11353890204,arn:aws:s3:::prod-image-layers,bucket,ZWQ6Q48CRJXX4FXE,66275000,Requests
2024-09-12T12:00:00.000Z,2024-09-12T13:00:00.000Z,USD,27.85,27.85,Usage,"$0.004 per 10,000 GET and all other requests",Amazon Simple Storage Service,Storage,us-east-1,11353890204,arn:aws:s3:::prod-image-layers,bucket,ZWQ6Q48CRJXX4FXE,69625000,Requests
2024-09-12T13:00:00.000Z,2024-09-12T14:00:00.000Z,USD,12.79,12.79,Usage,"$0.004 per 10,000 GET and all other requests",Amazon Simple Storage Service,Storage,us-east-1,11353890204,arn:aws:s3:::prod-image-layers,bucket,ZWQ6Q48CRJXX4FXE,31975000,Requests
2024-09-12T14:00:00.000Z,2024-09-12T15:00:00.000Z,USD,25.38,25.38,Usage,"$0.004 per 10,000 GET and all other requests",Amazon Simple Storage Service,Storage,us-east-1,11353890204,arn:aws:s3:::prod-image-layers,bucket,ZWQ6Q48CRJXX4FXE,63450000,Requests
2024-09-12T15:00:00.000Z,2024-09-12T16:00:00.000Z,USD,34.84,34.84,Usage,"$0.004 per 10,000 GET and all other requests",Amazon Simple Storage Service,Storage,us-east-1,11353890204,arn:aws:s3:::prod-image-layers,bucket,ZWQ6Q48CRJXX4FXE,87100000,Requests
2024-09-12T16:00:00.000Z,2024-09-12T17:00:00.000Z,USD,28.8,28.8,Usage,"$0.004 per 10,000 GET and all other requests",Amazon Simple Storage Service,Storage,us-east-1,11353890204,arn:aws:s3:::prod-image-layers,bucket,ZWQ6Q48CRJXX4FXE,72000000,Requests
2024-09-12T17:00:00.000Z,2024-09-12T18:00:00.000Z,USD,29.49,29.49,Usage,"$0.004 per 10,000 GET and all other requests",Amazon Simple Storage Service,Storage,us-east-1,11353890204,arn:aws:s3:::prod-image-layers,bucket,ZWQ6Q48CRJXX4FXE,73725000,Requests
2024-09-12T18:00:00.000Z,2024-09-12T19:00:00.000Z,USD,14.65,14.65,Usage,"$0.004 per 10,000 GET and all other requests",Amazon Simple Storage Service,Storage,us-east-1,11353890204,arn:aws:s3:::prod-image-layers,bucket,ZWQ6Q48CRJXX4FXE,36625000,Requests
2024-09-12T19:00:00.000Z,2024-09-12T20:00:00.000Z,USD,19.95,19.95,Usage,"$0.004 per 10,000 GET and all other requests",Amazon Simple Storage Service,Storage,us-east-1,11353890204,arn:aws:s3:::prod-image-layers,bucket,ZWQ6Q48CRJXX4FXE,49875000,Requests
2024-09-12T20:00:00.000Z,2024-09-12T21:00:00.000Z,USD,12.54,12.54,Usage,"$0.004 per 10,000 GET and all other requests",Amazon Simple Storage Service,Storage,us-east-1,11353890204,arn:aws:s3:::prod-image-layers,bucket,ZWQ6Q48CRJXX4FXE,31350000,Requests
2024-09-12T21:00:00.000Z,2024-09-12T22:00:00.000Z,USD,13.97,13.97,Usage,"$0.004 per 10,000 GET and all other requests",Amazon Simple Storage Service,Storage,us-east-1,11353890204,arn:aws:s3:::prod-image-layers,bucket,ZWQ6Q48CRJXX4FXE,34925000,Requests
2024-09-12T22:00:00.000Z,2024-09-12T23:00:00.000Z,USD,16.99,16.99,Usage,"$0.004 per 10,000 GET and all other requests",Amazon Simple Storage Service,Storage,us-east-1,11353890204,arn:aws:s3:::prod-image-layers,bucket,ZWQ6Q48CRJXX4FXE,42475000,Requests
2024-09-12T23:00:00.000Z,2024-09-13T00:00:00.000Z,USD,14.36,14.36,Usage,"$0.004 per 10,000 GET and all other requests",Amazon Simple Storage Service,Storage,us-east-1,11353890204,arn:aws:s3:::prod-image-layers,bucket,ZWQ6Q48CRJXX4FXE,35900000,Requests
2024-09-13T00:00:00.000Z,2024-09-13T01:00:00.000Z,USD,13.99,13.99,Usage,"$0.004 per 10,000 GET and all other requests",Amazon Simple Storage Service,Storage,us-east-1,11353890204,arn:aws:s3:::prod-image-layers,bucket,ZWQ6Q48CRJXX4FXE,34975000,Requests
2024-09-13T01:00:00.000Z,2024-09-13T02:00:00.000Z,USD,11.31,11.31,Usage,"$0.004 per 10,000 GET and all other requests",Amazon Simple Storage Service,Storage,us-east-1,11353890204,arn:aws:s3:::prod-image-layers,bucket,ZWQ6Q48CRJXX4FXE,28275000,Requests
2024-09-13T02:00:00.000Z,2024-09-13T03:00:00.000Z,USD,17.25,17.25,Usage,"$0.004 per 10,000 GET and all other requests",Amazon Simple Storage Service,Storage,us-east-1,11353890204,arn:aws:s3:::prod-image-layers,bucket,ZWQ6Q48CRJXX4FXE,43125000,Requests
2024-09-13T03:00:00.000Z,2024-09-13T04:00:00.000Z,USD,10.58,10.58,Usage,"$0.004 per 10,000 GET and all other requests",Amazon Simple Storage Service,Storage,us-east-1,11353890204,arn:aws:s3:::prod-image-layers,bucket,ZWQ6Q48CRJXX4FXE,26450000,Requests
2024-09-13T04:00:00.000Z,2024-09-13T05:00:00.000Z,USD,8.82,8.82,Usage,"$0.004 per 10,000 GET and all other requests",Amazon Simple Storage Service,Storage,us-east-1,11353890204,arn:aws:s3:::prod-image-layers,bucket,ZWQ6Q48CRJXX4FXE,22050000,Requests
2024-09-13T05:00:00.000Z,2024-09-13T06:00:00.000Z,USD,16.87,16.87,Usage,"$0.004 per 10,000 GET and all other requests",Amazon Simple Storage Service,Storage,us-east-1,11353890204,arn:aws:s3:::prod-image-layers,bucket,ZWQ6Q48CRJXX4FXE,42175000,Requests
2024-09-13T06:00:00.000Z,2024-09-13T07:00:00.000Z,USD,10.26,10.26,Usage,"$0.004 per 10,000 GET and all other requests",Amazon Simple Storage Service,Storage,us-east-1,11353890204,arn:aws:s3:::prod-image-layers,bucket,ZWQ6Q48CRJXX4FXE,25650000,Requests
2024-09-13T07:00:00.000Z,2024-09-13T08:00:00.000Z,USD,7.38,7.38,Usage,"$0.004 per 10,000 GET and all other requests",Amazon Simple Storage Service,Storage,us-east-1,11353890204,arn:aws:s3:::prod-image-layers,bucket,ZWQ6Q48CRJXX4FXE,18450000,Requests
2024-09-13T08:00:00.000Z,2024-09-13T09:00:00.000Z,USD,22.83,22.83,Usage,"$0.004 per 10,000 GET and all other requests",Amazon Simple Storage Service,Storage,us-east-1,11353890204,arn:aws:s3:::prod-image-layers,bucket,ZWQ6Q48CRJXX4FXE,57075000,Requests
2024-09-13T09:00:00.000Z,2024-09-13T10:00:00.000Z,USD,15.54,15.54,Usage,"$0.004 per 10,000 GET and all other requests",Amazon Simple Storage Service,Storage,us-east-1,11353890204,arn:aws:s3:::prod-image-layers,bucket,ZWQ6Q48CRJXX4FXE,38850000,Requests
2024-09-13T10:00:00.000Z,2024-09-13T11:00:00.000Z,USD,27.55,27.55,Usage,"$0.004 per 10,000 GET and all other requests",Amazon Simple Storage Service,Storage,us-east-1,11353890204,arn:aws:s3:::prod-image-layers,bucket,ZWQ6Q48CRJXX4FXE,68875000,Requests
2024-09-13T11:00:00.000Z,2024-09-13T12:00:00.000Z,USD,19.98,19.98,Usage,"$0.004 per 10,000 GET and all other requests",Amazon Simple Storage Service,Storage,us-east-1,11353890204,arn:aws:s3:::prod-image-layers,bucket,ZWQ6Q48CRJXX4FXE,49950000,Requests
2024-09-13T12:00:00.000Z,2024-09-13T13:00:00.000Z,USD,29.17,29.17,Usage,"$0.004 per 10,000 GET and all other requests",Amazon Simple Storage Service,Storage,us-east-1,11353890204,arn:aws:s3:::prod-image-layers,bucket,ZWQ6Q48CRJXX4FXE,72925000,Requests
2024-09-13T13:00:00.000Z,2024-09-13T14:00:00.000Z,USD,31.39,31.39,Usage,"$0.004 per 10,000 GET and all other requests",Amazon Simple Storage Service,Storage,us-east-1,11353890204,arn:aws:s3:::prod-image-layers,bucket,ZWQ6Q48CRJXX4FXE,78475000,Requests
2024-09-13T14:00:00.000Z,2024-09-13T15:00:00.000Z,USD,20.54,20.54,Usage,"$0.004 per 10,000 GET and all other requests",Amazon Simple Storage Service,Storage,us-east-1,11353890204,arn:aws:s3:::prod-image-layers,bucket,ZWQ6Q48CRJXX4FXE,51350000,Requests
2024-09-13T15:00:00.000Z,2024-09-13T16:00:00.000Z,USD,26.88,26.88,Usage,"$0.004 per 10,000 GET and all other requests",Amazon Simple Storage Service,Storage,us-east-1,11353890204,arn:aws:s3:::prod-image-layers,bucket,ZWQ6Q48CRJXX4FXE,67200000,Requests
2024-09-13T16:00:00.000Z,2024-09-13T17:00:00.000Z,USD,20.97,20.97,Usage,"$0.004 per 10,000 GET and all other requests",Amazon Simple Storage Service,Storage,us-east-1,11353890204,arn:aws:s3:::prod-image-layers,bucket,ZWQ6Q48CRJXX4FXE,52425000,Requests
2024-09-13T17:00:00.000Z,2024-09-13T18:00:00.000Z,USD,27.29,27.29,Usage,"$0.004 per 10,000 GET and all other requests",Amazon Simple Storage Service,Storage,us-east-1,11353890204,arn:aws:s3:::prod-image-layers,bucket,ZWQ6Q48CRJXX4FXE,68225000,Requests
2024-09-13T18:00:00.000Z,2024-09-13T19:00:00.000Z,USD,27.22,27.22,Usage,"$0.004 per 10,000 GET and all other requests",Amazon Simple Storage Service,Storage,us-east-1,11353890204,arn:aws:s3:::prod-image-layers,bucket,ZWQ6Q48CRJXX4FXE,68050000,Requests
2024-09-13T19:00:00.000Z,2024-09-13T20:00:00.000Z,USD,19.36,19.36,Usage,"$0.004 per 10,000 GET and all other requests",Amazon Simple Storage Service,Storage,us-east-1,11353890204,arn:aws:s3:::prod-image-layers,bucket,ZWQ6Q48CRJXX4FXE,48400000,Requests
2024-09-13T20:00:00.000Z,2024-09-13T21:00:00.000Z,USD,7.77,7.77,Usage,"$0.004 per 10,000 GET and all other requests",Amazon Simple Storage Service,Storage,us-east-1,11353890204,arn:aws:s3:::prod-image-layers,bucket,ZWQ6Q48CRJXX4FXE,19425000,Requests
2024-09-13T21:00:00.000Z,2024-09-13T22:00:00.000Z,USD,16.44,16.44,Usage,"$0.004 per 10,000 GET and all other requests",Amazon Simple Storage Service,Storage,us-east-1,11353890204,arn:aws:s3:::prod-image-layers,bucket,ZWQ6Q48CRJXX4FXE,41100000,Requests
2024-09-13T22:00:00.000Z,2024-09-13T23:00:00.000Z,USD,18.36,18.36,Usage,"$0.004 per 10,000 GET and all other requests",Amazon Simple Storage Service,Storage,us-east-1,11353890204,arn:aws:s3:::prod-image-layers,bucket,ZWQ6Q48CRJXX4FXE,45900000,Requests
2024-09-13T23:00:00.000Z,2024-09-14T00:00:00.000Z,USD,11.36,11.36,Usage,"$0.004 per 10,000 GET and all other requests",Amazon Simple Storage Service,Storage,us-east-1,11353890204,arn:aws:s3:::prod-image-layers,bucket,ZWQ6Q48CRJXX4FXE,28400000,Requests
2024-09-14T00:00:00.000Z,2024-09-14T01:00:00.000Z,USD,11.99,11.99,Usage,"$0.004 per 10,000 GET and all other requests",Amazon Simple Storage Service,Storage,us-east-1,11353890204,arn:aws:s3:::prod-image-layers,bucket,ZWQ6Q48CRJXX4FXE,29975000,Requests
2024-09-14T01:00:00.000Z,2024-09-14T02:00:00.000Z,USD,6.85,6.85,Usage,"$0.004 per 10,000 GET and all other requests",Amazon Simple Storage Service,Storage,us-east-1,11353890204,arn:aws:s3:::prod-image-layers,bucket,ZWQ6Q48CRJXX4FXE,17125000,Requests
2024-09-14T02:00:00.000Z,2024-09-14T03:00:00.000Z,USD,9.99,9.99,Usage,"$0.004 per 10,000 GET and all other requests",Amazon Simple Storage Service,Storage,us-east-1,11353890204,arn:aws:s3:::prod-image-layers,bucket,ZWQ6Q48CRJXX4FXE,24975000,Requests
2024-09-14T03:00:00.000Z,2024-09-14T04:00:00.000Z,USD,11.88,11.88,Usage,"$0.004 per 10,000 GET and all other requests",Amazon Simple Storage Service,Storage,us-east-1,11353890204,arn:aws:s3:::prod-image-layers,bucket,ZWQ6Q48CRJXX4FXE,29700000,Requests
2024-09-14T04:00:00.000Z,2024-09-14T05:00:00.000Z,USD,11.67,11.67,Usage,"$0.004 per 10,000 GET and all other requests",Amazon Simple Storage Service,Storage,us-east-1,11353890204,arn:aws:s3:::prod-image-layers,bucket,ZWQ6Q48CRJXX4FXE,29175000,Requests
2024-09-14T05:00:00.000Z,2024-09-14T06:00:00.000Z,USD,6.2,6.2,Usage,"$0.004 per 10,000 GET and all other requests",Amazon Simple Storage Service,Storage,us-east-1,11353890204,arn:aws:s3:::prod-image-layers,bucket,ZWQ6Q48CRJXX4FXE,15500000,Requests
2024-09-14T06:00:00.000Z,2024-09-14T07:00:00.000Z,USD,7.52,7.52,Usage,"$0.004 per 10,000 GET and all other requests",Amazon Simple Storage Service,Storage,us-east-1,11353890204,arn:aws:s3:::prod-image-layers,bucket,ZWQ6Q48CRJXX4FXE,18800000,Requests
2024-09-14T07:00:00.000Z,2024-09-14T08:00:00.000Z,USD,12.97,12.97,Usage,"$0.004 per 10,000 GET and all other requests",Amazon Simple Storage Service,Storage,us-east-1,11353890204,arn:aws:s3:::prod-image-layers,bucket,ZWQ6Q48CRJXX4FXE,32425000,Requests
2024-09-14T08:00:00.000Z,2024-09-14T09:00:00.000Z,USD,9.23,9.23,Usage,"$0.004 per 10,000 GET and all other requests",Amazon Simple Storage Service,Storage,us-east-1,11353890204,arn:aws:s3:::prod-image-layers,bucket,ZWQ6Q48CRJXX4FXE,23075000,Requests
2024-09-14T09:00:00.000Z,2024-09-14T10:00:00.000Z,USD,12.81,12.81,Usage,"$0.004 per 10,000 GET and all other requests",Amazon Simple Storage Service,Storage,us-east-1,11353890204,arn:aws:s3:::prod-image-layers,bucket,ZWQ6Q48CRJXX4FXE,32025000,Requests
2024-09-14T10:00:00.000Z,2024-09-14T11:00:00.000Z,USD,9.6,9.6,Usage,"$0.004 per 10,000 GET and all other requests",Amazon Simple Storage Service,Storage,us-east-1,11353890204,arn:aws:s3:::prod-image-layers,bucket,ZWQ6Q48CRJXX4FXE,24000000,Requests
2024-09-14T11:00:00.000Z,2024-09-14T12:00:00.000Z,USD,13.28,13.28,Usage,"$0.004 per 10,000 GET and all other requests",Amazon Simple Storage Service,Storage,us-east-1,11353890204,arn:aws:s3:::prod-image-layers,bucket,ZWQ6Q48CRJXX4FXE,33200000,Requests
2024-09-14T12:00:00.000Z,2024-09-14T13:00:00.000Z,USD,5.09,5.09,Usage,"$0.004 per 10,000 GET and all other requests",Amazon Simple Storage Service,Storage,us-east-1,11353890204,arn:aws:s3:::prod-image-layers,bucket,ZWQ6Q48CRJXX4FXE,12725000,Requests
2024-09-14T13:00:00.000Z,2024-09-14T14:00:00.000Z,USD,10.58,10.58,Usage,"$0.004 per 10,000 GET and all other requests",Amazon Simple Storage Service,Storage,us-east-1,11353890204,arn:aws:s3:::prod-image-layers,bucket,ZWQ6Q48CRJXX4FXE,26450000,Requests
2024-09-14T14:00:00.000Z,2024-09-14T15:00:00.000Z,USD,6.22,6.22,Usage,"$0.004 per 10,000 GET and all other requests",Amazon Simple Storage Service,Storage,us-east-1,11353890204,arn:aws:s3:::prod-image-layers,bucket,ZWQ6Q48CRJXX4FXE,15550000,Requests
2024-09-14T15:00:00.000Z,2024-09-14T16:00:00.000Z,USD,5.3,5.3,Usage,"$0.004 per 10,000 GET and all other requests",Amazon Simple Storage Service,Storage,us-east-1,11353890204,arn:aws:s3:::prod-image-layers,bucket,ZWQ6Q48CRJXX4FXE,13250000,Requests
2024-09-14T16:00:00.000Z,2024-09-14T17:00:00.000Z,USD,13.32,13.32,Usage,"$0.004 per 10,000 GET and all other requests",Amazon Simple Storage Service,Storage,us-east-1,11353890204,arn:aws:s3:::prod-image-layers,bucket,ZWQ6Q48CRJXX4FXE,33300000,Requests
2024-09-14T17:00:00.000Z,2024-09-14T18:00:00.000Z,USD,9.02,9.02,Usage,"$0.004 per 10,000 GET and all other requests",Amazon Simple Storage Service,Storage,us-east-1,11353890204,arn:aws:s3:::prod-image-layers,bucket,ZWQ6Q48CRJXX4FXE,22550000,Requests
2024-09-14T18:00:00.000Z,2024-09-14T19:00:00.000Z,USD,10.88,10.88,Usage,"$0.004 per 10,000 GET and all other requests",Amazon Simple Storage Service,Storage,us-east-1,11353890204,arn:aws:s3:::prod-image-layers,bucket,ZWQ6Q48CRJXX4FXE,27200000,Requests
2024-09-14T19:00:00.000Z,2024-09-14T20:00:00.000Z,USD,11.96,11.96,Usage,"$0.004 per 10,000 GET and all other requests",Amazon Simple Storage Service,Storage,us-east-1,11353890204,arn:aws:s3:::prod-image-layers,bucket,ZWQ6Q48CRJXX4FXE,29900000,Requests
2024-09-14T20:00:00.000Z,2024-09-14T21:00:00.000Z,USD,8.83,8.83,Usage,"$0.004 per 10,000 GET and all other requests",Amazon Simple Storage Service,Storage,us-east-1,11353890204,arn:aws:s3:::prod-image-layers,bucket,ZWQ6Q48CRJXX4FXE,22075000,Requests
2024-09-14T21:00:00.000Z,2024-09-14T22:00:00.000Z,USD,8.51,8.51,Usage,"$0.004 per 10,000 GET and all other requests",Amazon Simple Storage Service,Storage,us-east-1,11353890204,arn:aws:s3:::prod-image-layers,bucket,ZWQ6Q48CRJXX4FXE,21275000,Requests
2024-09-14T22:00:00.000Z,2024-09-14T23:00:00.000Z,USD,7.79,7.79,Usage,"$0.004 per 10,000 GET and all other requests",Amazon Simple Storage Service,Storage,us-east-1,11353890204,arn:aws:s3:::prod-image-layers,bucket,ZWQ6Q48CRJXX4FXE,19475000,Requests
2024-09-14T23:00:00.000Z,2024-09-15T00:00:00.000Z,USD,4.59,4.59,Usage,"$0.004 per 10,000 GET and all other requests",Amazon Simple Storage Service,Storage,us-east-1,11353890204,arn:aws:s3:::prod-image-layers,bucket,ZWQ6Q48CRJXX4FXE,11475000,Requests
2024-09-15T00:00:00.000Z,2024-09-15T01:00:00.000Z,USD,9.99,9.99,Usage,"$0.004 per 10,000 GET and all other requests",Amazon Simple Storage Service,Storage,us-east-1,11353890204,arn:aws:s3:::prod-image-layers,bucket,ZWQ6Q48CRJXX4FXE,24975000,Requests
2024-09-15T01:00:00.000Z,2024-09-15T02:00:00.000Z,USD,12.64,12.64,Usage,"$0.004 per 10,000 GET and all other requests",Amazon Simple Storage Service,Storage,us-east-1,11353890204,arn:aws:s3:::prod-image-layers,bucket,ZWQ6Q48CRJXX4FXE,31600000,Requests
2024-09-15T02:00:00.000Z,2024-09-15T03:00:00.000Z,USD,10.28,10.28,Usage,"$0.004 per 10,000 GET and all other requests",Amazon Simple Storage Service,Storage,us-east-1,11353890204,arn:aws:s3:::prod-image-layers,bucket,ZWQ6Q48CRJXX4FXE,25700000,Requests
2024-09-15T03:00:00.000Z,2024-09-15T04:00:00.000Z,USD,9.05,9.05,Usage,"$0.004 per 10,000 GET and all other requests",Amazon Simple Storage Service,Storage,us-east-1,11353890204,arn:aws:s3:::prod-image-layers,bucket,ZWQ6Q48CRJXX4FXE,22625000,Requests
2024-09-15T04:00:00.000Z,2024-09-15T05:00:00.000Z,USD,8.09,8.09,Usage,"$0.004 per 10,000 GET and all other requests",Amazon Simple Storage Service,Storage,us-east-1,11353890204,arn:aws:s3:::prod-image-layers,bucket,ZWQ6Q48CRJXX4FXE,20225000,Requests
2024-09-15T05:00:00.000Z,2024-09-15T06:00:00.000Z,USD,10.58,10.58,Usage,"$0.004 per 10,000 GET and all other requests",Amazon Simple Storage Service,Storage,us-east-1,11353890204,arn:aws:s3:::prod-image-layers,bucket,ZWQ6Q48CRJXX4FXE,26450000,Requests
2024-09-15T06:00:00.000Z,2024-09-15T07:00:00.000Z,USD,7.75,7.75,Usage,"$0.004 per 10,000 GET and all other requests",Amazon Simple Storage Service,Storage,us-east-1,11353890204,arn:aws:s3:::prod-image-layers,bucket,ZWQ6Q48CRJXX4FXE,19375000,Requests
2024-09-15T07:00:00.000Z,2024-09-15T08:00:00.000Z,USD,10.42,10.42,Usage,"$0.004 per 10,000 GET and all other requests",Amazon Simple Storage Service,Storage,us-east-1,11353890204,arn:aws:s3:::prod-image-layers,bucket,ZWQ6Q48CRJXX4FXE,26050000,Requests
2024-09-15T08:00:00.000Z,2024-09-15T09:00:00.000Z,USD,10.25,10.25,Usage,"$0.004 per 10,000 GET and all other requests",Amazon Simple Storage Service,Storage,us-east-1,11353890204,arn:aws:s3:::prod-image-layers,bucket,ZWQ6Q48CRJXX4FXE,25625000,Requests
2024-09-15T09:00:00.000Z,2024-09-15T10:00:00.000Z,USD,11.37,11.37,Usage,"$0.004 per 10,000 GET and all other requests",Amazon Simple Storage Service,Storage,us-east-1,11353890204,arn:aws:s3:::prod-image-layers,bucket,ZWQ6Q48CRJXX4FXE,28425000,Requests
2024-09-15T10:00:00.000Z,2024-09-15T11:00:00.000Z,USD,10.66,10.66,Usage,"$0.004 per 10,000 GET and all other requests",Amazon Simple Storage Service,Storage,us-east-1,11353890204,arn:aws:s3:::prod-image-layers,bucket,ZWQ6Q48CRJXX4FXE,26650000,Requests
2024-09-15T11:00:00.000Z,2024-09-15T12:00:00.000Z,USD,5.42,5.42,Usage,"$0.004 per 10,000 GET and all other requests",Amazon Simple Storage Service,Storage,us-east-1,11353890204,arn:aws:s3:::prod-image-layers,bucket,ZWQ6Q48CRJXX4FXE,13550000,Requests
2024-09-15T12:00:00.000Z,2024-09-15T13:00:00.000Z,USD,8.52,8.52,Usage,"$0.004 per 10,000 GET and all other requests",Amazon Simple Storage Service,Storage,us-east-1,11353890204,arn:aws:s3:::prod-image-layers,bucket,ZWQ6Q48CRJXX4FXE,21300000,Requests
2024-09-15T13:00:00.000Z,2024-09-15T14:00:00.000Z,USD,10.08,10.08,Usage,"$0.004 per 10,000 GET and all other requests",Amazon Simple Storage Service,Storage,us-east-1,11353890204,arn:aws:s3:::prod-image-layers,bucket,ZWQ6Q48CRJXX4FXE,25200000,Requests
2024-09-15T14:00:00.000Z,2024-09-15T15:00:00.000Z,USD,8.3,8.3,Usage,"$0.004 per 10,000 GET and all other requests",Amazon Simple Storage Service,Storage,us-east-1,11353890204,arn:aws:s3:::prod-image-layers,bucket,ZWQ6Q48CRJXX4FXE,20750000,Requests
2024-09-15T15:00:00.000Z,2024-09-15T16:00:00.000Z,USD,8.63,8.63,Usage,"$0.004 per 10,000 GET and all other requests",Amazon Simple Storage Service,Storage,us-east-1,11353890204,arn:aws:s3:::prod-image-layers,bucket,ZWQ6Q48CRJXX4FXE,21575000,Requests
2024-09-15T16:00:00.000Z,2024-09-15T17:00:00.000Z,USD,6.6,6.6,Usage,"$0.004 per 10,000 GET and all other requests",Amazon Simple Storage Service,Storage,us-east-1,11353890204,arn:aws:s3:::prod-image-layers,bucket,ZWQ6Q48CRJXX4FXE,16500000,Requests
2024-09-15T17:00:00.000Z,2024-09-15T18:00:00.000Z,USD,9.97,9.97,Usage,"$0.004 per 10,000 GET and all other requests",Amazon Simple Storage Service,Storage,us-east-1,11353890204,arn:aws:s3:::prod-image-layers,bucket,ZWQ6Q48CRJXX4FXE,24925000,Requests
2024-09-15T18:00:00.000Z,2024-09-15T19:00:00.000Z,USD,9.43,9.43,Usage,"$0.004 per 10,000 GET and all other requests",Amazon Simple Storage Service,Storage,us-east-1,11353890204,arn:aws:s3:::prod-image-layers,bucket,ZWQ6Q48CRJXX4FXE,23575000,Requests
2024-09-15T19:00:00.000Z,2024-09-15T20:00:00.000Z,USD,6.47,6.47,Usage,"$0.004 per 10,000 GET and all other requests",Amazon Simple Storage Service,Storage,us-east-1,11353890204,arn:aws:s3:::prod-image-layers,bucket,ZWQ6Q48CRJXX4FXE,16175000,Requests
2024-09-15T20:00:00.000Z,2024-09-15T21:00:00.000Z,USD,11.65,11.65,Usage,"$0.004 per 10,000 GET and all other requests",Amazon Simple Storage Service,Storage,us-east-1,11353890204,arn:aws:s3:::prod-image-layers,bucket,ZWQ6Q48CRJXX4FXE,29125000,Requests
2024-09-15T21:00:00.000Z,2024-09-15T22:00:00.000Z,USD,6.05,6.05,Usage,"$0.004 per 10,000 GET and all other requests",Amazon Simple Storage Service,Storage,us-east-1,11353890204,arn:aws:s3:::prod-image-layers,bucket,ZWQ6Q48CRJXX4FXE,15125000,Requests
2024-09-15T22:00:00.000Z,2024-09-15T23:00:00.000Z,USD,5.63,5.63,Usage,"$0.004 per 10,000 GET and all other requests",Amazon Simple Storage Service,Storage,us-east-1,11353890204,arn:aws:s3:::prod-image-layers,bucket,ZWQ6Q48CRJXX4FXE,14075000,Requests
2024-09-15T23:00:00.000Z,2024-09-16T00:00:00.000Z,USD,5.18,5.18,Usage,"$0.004 per 10,000 GET and all other requests",Amazon Simple Storage Service,Storage,us-east-1,11353890204,arn:aws:s3:::prod-image-layers,bucket,ZWQ6Q48CRJXX4FXE,12950000,Requests
2024-09-16T00:00:00.000Z,2024-09-16T01:00:00.000Z,USD,9.45,9.45,Usage,"$0.004 per 10,000 GET and all other requests",Amazon Simple Storage Service,Storage,us-east-1,11353890204,arn:aws:s3:::prod-image-layers,bucket,ZWQ6Q48CRJXX4FXE,23625000,Requests
2024-09-16T01:00:00.000Z,2024-09-16T02:00:00.000Z,USD,7.59,7.59,Usage,"$0.004 per 10,000 GET and all other requests",Amazon Simple Storage Service,Storage,us-east-1,11353890204,arn:aws:s3:::prod-image-layers,bucket,ZWQ6Q48CRJXX4FXE,18975000,Requests
2024-09-16T02:00:00.000Z,2024-09-16T03:00:00.000Z,USD,12.06,12.06,Usage,"$0.004 per 10,000 GET and all other requests",Amazon Simple Storage Service,Storage,us-east-1,11353890204,arn:aws:s3:::prod-image-layers,bucket,ZWQ6Q48CRJXX4FXE,30150000,Requests
2024-09-16T03:00:00.000Z,2024-09-16T04:00:00.000Z,USD,12.43,12.43,Usage,"$0.004 per 10,000 GET and all other requests",Amazon Simple Storage Service,Storage,us-east-1,11353890204,arn:aws:s3:::prod-image-layers,bucket,ZWQ6Q48CRJXX4FXE,31075000,Requests
2024-09-16T04:00:00.000Z,2024-09-16T05:00:00.000Z,USD,7.5,7.5,Usage,"$0.004 per 10,000 GET and all other requests",Amazon Simple Storage Service,Storage,us-east-1,11353890204,arn:aws:s3:::prod-image-layers,bucket,ZWQ6Q48CRJXX4FXE,18750000,Requests
2024-09-16T05:00:00.000Z,2024-09-16T06:00:00.000Z,USD,17.56,17.56,Usage,"$0.004 per 10,000 GET and all other requests",Amazon Simple Storage Service,Storage,us-east-1,11353890204,arn:aws:s3:::prod-image-layers,bucket,ZWQ6Q48CRJXX4FXE,43900000,Requests
2024-09-16T06:00:00.000Z,2024-09-16T07:00:00.000Z,USD,13.88,13.88,Usage,"$0.004 per 10,000 GET and all other requests",Amazon Simple Storage Service,Storage,us-east-1,11353890204,arn:aws:s3:::prod-image-layers,bucket,ZWQ6Q48CRJXX4FXE,34700000,Requests
2024-09-16T07:00:00.000Z,2024-09-16T08:00:00.000Z,USD,17.02,17.02,Usage,"$0.004 per 10,000 GET and all other requests",Amazon Simple Storage Service,Storage,us-east-1,11353890204,arn:aws:s3:::prod-image-layers,bucket,ZWQ6Q48CRJXX4FXE,42550000,Requests
2024-09-16T08:00:00.000Z,2024-09-16T09:00:00.000Z,USD,24.3,24.3,Usage,"$0.004 per 10,000 GET and all other requests",Amazon Simple Storage Service,Storage,us-east-1,11353890204,arn:aws:s3:::prod-image-layers,bucket,ZWQ6Q48CRJXX4FXE,60750000,Requests
2024-09-16T09:00:00.000Z,2024-09-16T10:00:00.000Z,USD,26.47,26.47,Usage,"$0.004 per 10,000 GET and all other requests",Amazon Simple Storage Service,Storage,us-east-1,11353890204,arn:aws:s3:::prod-image-layers,bucket,ZWQ6Q48CRJXX4FXE,66175000,Requests
2024-09-16T10:00:00.000Z,2024-09-16T11:00:00.000Z,USD,18.96,18.96,Usage,"$0.004 per 10,000 GET and all other requests",Amazon Simple Storage Service,Storage,us-east-1,11353890204,arn:aws:s3:::prod-image-layers,bucket,ZWQ6Q48CRJXX4FXE,47400000,Requests
2024-09-16T11:00:00.000Z,2024-09-16T12:00:00.000Z,USD,13.82,13.82,Usage,"$0.004 per 10,000 GET and all other requests",Amazon Simple Storage Service,Storage,us-east-1,11353890204,arn:aws:s3:::prod-image-layers,bucket,ZWQ6Q48CRJXX4FXE,34550000,Requests
2024-09-16T12:00:00.000Z,2024-09-16T13:00:00.000Z,USD,31.19,31.19,Usage,"$0.004 per 10,000 GET and all other requests",Amazon Simple Storage Service,Storage,us-east-1,11353890204,arn:aws:s3:::prod-image-layers,bucket,ZWQ6Q48CRJXX4FXE,77975000,Requests
2024-09-16T13:00:00.000Z,2024-09-16T14:00:00.000Z,USD,29.46,29.46,Usage,"$0.004 per 10,000 GET and all other requests",Amazon Simple Storage Service,Storage,us-east-1,11353890204,arn:aws:s3:::prod-image-layers,bucket,ZWQ6Q48CRJXX4FXE,73650000,Requests
2024-09-16T14:00:00.000Z,2024-09-16T15:00:00.000Z,USD,13.14,13.14,Usage,"$0.004 per 10,000 GET and all other requests",Amazon Simple Storage Service,Storage,us-east-1,11353890204,arn:aws:s3:::prod-image-layers,bucket,ZWQ6Q48CRJXX4FXE,32850000,Requests
2024-09-16T15:00:00.000Z,2024-09-16T16:00:00.000Z,USD,29.72,29.72,Usage,"$0.004 per 10,000 GET and all other requests",Amazon Simple Storage Service,Storage,us-east-1,11353890204,arn:aws:s3:::prod-image-layers,bucket,ZWQ6Q48CRJXX4FXE,74300000,Requests
2024-09-16T16:00:00.000Z,2024-09-16T17:00:00.000Z,USD,19.58,19.58,Usage,"$0.004 per 10,000 GET and all other requests",Amazon Simple Storage Service,Storage,us-east-1,11353890204,arn:aws:s3:::prod-image-layers,bucket,ZWQ6Q48CRJXX4FXE,48950000,Requests
2024-09-16T17:00:00.000Z,2024-09-16T18:00:00.000Z,USD,26.7,26.7,Usage,"$0.004 per 10,000 GET and all other requests",Amazon Simple Storage Service,Storage,us-east-1,11353890204,arn:aws:s3:::prod-image-layers,bucket,ZWQ6Q48CRJXX4FXE,66750000,Requests
2024-09-16T18:00:00.000Z,2024-09-16T19:00:00.000Z,USD,29.95,29.95,Usage,"$0.004 per 10,000 GET and all other requests",Amazon Simple Storage Service,Storage,us-east-1,11353890204,arn:aws:s3:::prod-image-layers,bucket,ZWQ6Q48CRJXX4FXE,74875000,Requests
2024-09-16T19:00:00.000Z,2024-09-16T20:00:00.000Z,USD,14.89,14.89,Usage,"$0.004 per 10,000 GET and all other requests",Amazon Simple Storage Service,Storage,us-east-1,11353890204,arn:aws:s3:::prod-image-layers,bucket,ZWQ6Q48CRJXX4FXE,37225000,Requests
2024-09-16T20:00:00.000Z,2024-09-16T21:00:00.000Z,USD,7.5,7.5,Usage,"$0.004 per 10,000 GET and all other requests",Amazon Simple Storage Service,Storage,us-east-1,11353890204,arn:aws:s3:::prod-image-layers,bucket,ZWQ6Q48CRJXX4FXE,18750000,Requests
2024-09-16T21:00:00.000Z,2024-09-16T22:00:00.000Z,USD,7.42,7.42,Usage,"$0.004 per 10,000 GET and all other requests",Amazon Simple Storage Service,Storage,us-east-1,11353890204,arn:aws:s3:::prod-image-layers,bucket,ZWQ6Q48CRJXX4FXE,18550000,Requests
2024-09-16T22:00:00.000Z,2024-09-16T23:00:00.000Z,USD,10.12,10.12,Usage,"$0.004 per 10,000 GET and all other requests",Amazon Simple Storage Service,Storage,us-east-1,11353890204,arn:aws:s3:::prod-image-layers,bucket,ZWQ6Q48CRJXX4FXE,25300000,Requests
2024-09-16T23:00:00.000Z,2024-09-17T00:00:00.000Z,USD,16.3,16.3,Usage,"$0.004 per 10,000 GET and all other requests",Amazon Simple Storage Service,Storage,us-east-1,11353890204,arn:aws:s3:::prod-image-layers,bucket,ZWQ6Q48CRJXX4FXE,40750000,Requests
2024-09-17T00:00:00.000Z,2024-09-17T01:00:00.000Z,USD,7.13,7.13,Usage,"$0.004 per 10,000 GET and all other requests",Amazon Simple Storage Service,Storage,us-east-1,11353890204,arn:aws:s3:::prod-image-layers,bucket,ZWQ6Q48CRJXX4FXE,17825000,Requests
2024-09-17T01:00:00.000Z,2024-09-17T02:00:00.000Z,USD,8.01,8.01,Usage,"$0.004 per 10,000 GET and all other requests",Amazon Simple Storage Service,Storage,us-east-1,11353890204,arn:aws:s3:::prod-image-layers,bucket,ZWQ6Q48CRJXX4FXE,20025000,Requests
2024-09-17T02:00:00.000Z,2024-09-17T03:00:00.000Z,USD,15.71,15.71,Usage,"$0.004 per 10,000 GET and all other requests",Amazon Simple Storage Service,Storage,us-east-1,11353890204,arn:aws:s3:::prod-image-layers,bucket,ZWQ6Q48CRJXX4FXE,39275000,Requests
2024-09-17T03:00:00.000Z,2024-09-17T04:00:00.000Z,USD,10.93,10.93,Usage,"$0.004 per 10,000 GET and all other requests",Amazon Simple Storage Service,Storage,us-east-1,11353890204,arn:aws:s3:::prod-image-layers,bucket,ZWQ6Q48CRJXX4FXE,27325000,Requests
2024-09-17T04:00:00.000Z,2024-09-17T05:00:00.000Z,USD,16.52,16.52,Usage,"$0.004 per 10,000 GET and all other requests",Amazon Simple Storage Service,Storage,us-east-1,11353890204,arn:aws:s3:::prod-image-layers,bucket,ZWQ6Q48CRJXX4FXE,41300000,Requests
2024-09-17T05:00:00.000Z,2024-09-17T06:00:00.000Z,USD,11.18,11.18,Usage,"$0.004 per 10,000 GET and all other requests",Amazon Simple Storage Service,Storage,us-east-1,11353890204,arn:aws:s3:::prod-image-layers,bucket,ZWQ6Q48CRJXX4FXE,27950000,Requests
2024-09-17T06:00:00.000Z,2024-09-17T07:00:00.000Z,USD,10.51,10.51,Usage,"$0.004 per 10,000 GET and all other requests",Amazon Simple Storage Service,Storage,us-east-1,11353890204,arn:aws:s3:::prod-image-layers,bucket,ZWQ6Q48CRJXX4FXE,26275000,Requests
2024-09-17T07:00:00.000Z,2024-09-17T08:00:00.000Z,USD,6.83,6.83,Usage,"$0.004 per 10,000 GET and all other requests",Amazon Simple Storage Service,Storage,us-east-1,11353890204,arn:aws:s3:::prod-image-layers,bucket,ZWQ6Q48CRJXX4FXE,17075000,Requests
2024-09-17T08:00:00.000Z,2024-09-17T09:00:00.000Z,USD,11.9,11.9,Usage,"$0.004 per 10,000 GET and all other requests",Amazon Simple Storage Service,Storage,us-east-1,11353890204,arn:aws:s3:::prod-image-layers,bucket,ZWQ6Q48CRJXX4FXE,29750000,Requests
2024-09-17T09:00:00.000Z,2024-09-17T10:00:00.000Z,USD,26.7,26.7,Usage,"$0.004 per 10,000 GET and all other requests",Amazon Simple Storage Service,Storage,us-east-1,11353890204,arn:aws:s3:::prod-image-layers,bucket,ZWQ6Q48CRJXX4FXE,66750000,Requests
2024-09-17T10:00:00.000Z,2024-09-17T11:00:00.000Z,USD,13.05,13.05,Usage,"$0.004 per 10,000 GET and all other requests",Amazon Simple Storage Service,Storage,us-east-1,11353890204,arn:aws:s3:::prod-image-layers,bucket,ZWQ6Q48CRJXX4FXE,32625000,Requests
2024-09-17T11:00:00.000Z,2024-09-17T12:00:00.000Z,USD,32.7,32.7,Usage,"$0.004 per 10,000 GET and all other requests",Amazon Simple Storage Service,Storage,us-east-1,11353890204,arn:aws:s3:::prod-image-layers,bucket,ZWQ6Q48CRJXX4FXE,81750000,Requests
2024-09-17T12:00:00.000Z,2024-09-17T13:00:00.000Z,USD,14.42,14.42,Usage,"$0.004 per 10,000 GET and all other requests",Amazon Simple Storage Service,Storage,us-east-1,11353890204,arn:aws:s3:::prod-image-layers,bucket,ZWQ6Q48CRJXX4FXE,36050000,Requests
2024-09-17T13:00:00.000Z,2024-09-17T14:00:00.000Z,USD,19.25,19.25,Usage,"$0.004 per 10,000 GET and all other requests",Amazon Simple Storage Service,Storage,us-east-1,11353890204,arn:aws:s3:::prod-image-layers,bucket,ZWQ6Q48CRJXX4FXE,48125000,Requests
2024-09-17T14:00:00.000Z,2024-09-17T15:00:00.000Z,USD,34.19,34.19,Usage,"$0.004 per 10,000 GET and all other requests",Amazon Simple Storage Service,Storage,us-east-1,11353890204,arn:aws:s3:::prod-image-layers,bucket,ZWQ6Q48CRJXX4FXE,85475000,Requests
2024-09-17T15:00:00.000Z,2024-09-17T16:00:00.000Z,USD,34.78,34.78,Usage,"$0.004 per 10,000 GET and all other requests",Amazon Simple Storage Service,Storage,us-east-1,11353890204,arn:aws:s3:::prod-image-layers,bucket,ZWQ6Q48CRJXX4FXE,86950000,Requests
2024-09-17T16:00:00.000Z,2024-09-17T17:00:00.000Z,USD,33.98,33.98,Usage,"$0.004 per 10,000 GET and all other requests",Amazon Simple Storage Service,Storage,us-east-1,11353890204,arn:aws:s3:::prod-image-layers,bucket,ZWQ6Q48CRJXX4FXE,84950000,Requests
2024-09-17T17:00:00.000Z,2024-09-17T18:00:00.000Z,USD,16.72,16.72,Usage,"$0.004 per 10,000 GET and all other requests",Amazon Simple Storage Service,Storage,us-east-1,11353890204,arn:aws:s3:::prod-image-layers,bucket,ZWQ6Q48CRJXX4FXE,41800000,Requests
2024-09-17T18:00:00.000Z,2024-09-17T19:00:00.000Z,USD,25.11,25.11,Usage,"$0.004 per 10,000 GET and all other requests",Amazon Simple Storage Service,Storage,us-east-1,11353890204,arn:aws:s3:::prod-image-layers,bucket,ZWQ6Q48CRJXX4FXE,62775000,Requests
2024-09-17T19:00:00.000Z,2024-09-17T20:00:00.000Z,USD,19.11,19.11,Usage,"$0.004 per 10,000 GET and all other requests",Amazon Simple Storage Service,Storage,us-east-1,11353890204,arn:aws:s3:::prod-image-layers,bucket,ZWQ6Q48CRJXX4FXE,47775000,Requests
2024-09-17T20:00:00.000Z,2024-09-17T21:00:00.000Z,USD,6.63,6.63,Usage,"$0.004 per 10,000 GET and all other requests",Amazon Simple Storage Service,Storage,us-east-1,11353890204,arn:aws:s3:::prod-image-layers,bucket,ZWQ6Q48CRJXX4FXE,16575000,Requests
2024-09-17T21:00:00.000Z,2024-09-17T22:00:00.000Z,USD,11.4,11.4,Usage,"$0.004 per 10,000 GET and all other requests",Amazon Simple Storage Service,Storage,us-east-1,11353890204,arn:aws:s3:::prod-image-layers,bucket,ZWQ6Q48CRJXX4FXE,28500000,Requests
2024-09-17T22:00:00.000Z,2024-09-17T23:00:00.000Z,USD,8.84,8.84,Usage,"$0.004 per 10,000 GET and all other requests",Amazon Simple Storage Service,Storage,us-east-1,11353890204,arn:aws:s3:::prod-image-layers,bucket,ZWQ6Q48CRJXX4FXE,22100000,Requests
2024-09-17T23:00:00.000Z,2024-09-18T00:00:00.000Z,USD,17.33,17.33,Usage,"$0.004 per 10,000 GET and all other requests",Amazon Simple Storage Service,Storage,us-east-1,11353890204,arn:aws:s3:::prod-image-layers,bucket,ZWQ6Q48CRJXX4FXE,43325000,Requests
2024-09-18T00:00:00.000Z,2024-09-18T01:00:00.000Z,USD,17.61,17.61,Usage,"$0.004 per 10,000 GET and all other requests",Amazon Simple Storage Service,Storage,us-east-1,11353890204,arn:aws:s3:::prod-image-layers,bucket,ZWQ6Q48CRJXX4FXE,44025000,Requests
2024-09-18T01:00:00.000Z,2024-09-18T02:00:00.000Z,USD,16.78,16.78,Usage,"$0.004 per 10,000 GET and all other requests",Amazon Simple Storage Service,Storage,us-east-1,11353890204,arn:aws:s3:::prod-image-layers,bucket,ZWQ6Q48CRJXX4FXE,41950000,Requests
2024-09-18T02:00:00.000Z,2024-09-18T03:00:00.000Z,USD,16.42,16.42,Usage,"$0.004 per 10,000 GET and all other requests",Amazon Simple Storage Service,Storage,us-east-1,11353890204,arn:aws:s3:::prod-image-layers,bucket,ZWQ6Q48CRJXX4FXE,41050000,Requests
2024-09-18T03:00:00.000Z,2024-09-18T04:00:00.000Z,USD,16.62,16.62,Usage,"$0.004 per 10,000 GET and all other requests",Amazon Simple Storage Service,Storage,us-east-1,11353890204,arn:aws:s3:::prod-image-layers,bucket,ZWQ6Q48CRJXX4FXE,41550000,Requests
2024-09-18T04:00:00.000Z,2024-09-18T05:00:00.000Z,USD,11.23,11.23,Usage,"$0.004 per 10,000 GET and all other requests",Amazon Simple Storage Service,Storage,us-east-1,11353890204,arn:aws:s3:::prod-image-layers,bucket,ZWQ6Q48CRJXX4FXE,28075000,Requests
2024-09-18T05:00:00.000Z,2024-09-18T06:00:00.000Z,USD,12.47,12.47,Usage,"$0.004 per 10,000 GET and all other requests",Amazon Simple Storage Service,Storage,us-east-1,11353890204,arn:aws:s3:::prod-image-layers,bucket,ZWQ6Q48CRJXX4FXE,31175000,Requests
2024-09-18T06:00:00.000Z,2024-09-18T07:00:00.000Z,USD,17.81,17.81,Usage,"$0.004 per 10,000 GET and all other requests",Amazon Simple Storage Service,Storage,us-east-1,11353890204,arn:aws:s3:::prod-image-layers,bucket,ZWQ6Q48CRJXX4FXE,44525000,Requests
2024-09-18T07:00:00.000Z,2024-09-18T08:00:00.000Z,USD,13.46,13.46,Usage,"$0.004 per 10,000 GET and all other requests",Amazon Simple Storage Service,Storage,us-east-1,11353890204,arn:aws:s3:::prod-image-layers,bucket,ZWQ6Q48CRJXX4FXE,33650000,Requests
2024-09-18T08:00:00.000Z,2024-09-18T09:00:00.000Z,USD,29.34,29.34,Usage,"$0.004 per 10,000 GET and all other requests",Amazon Simple Storage Service,Storage,us-east-1,11353890204,arn:aws:s3:::prod-image-layers,bucket,ZWQ6Q48CRJXX4FXE,73350000,Requests
2024-09-18T09:00:00.000Z,2024-09-18T10:00:00.000Z,USD,26.16,26.16,Usage,"$0.004 per 10,000 GET and all other requests",Amazon Simple Storage Service,Storage,us-east-1,11353890204,arn:aws:s3:::prod-image-layers,bucket,ZWQ6Q48CRJXX4FXE,65400000,Requests
2024-09-18T10:00:00.000Z,2024-09-18T11:00:00.000Z,USD,31.55,31.55,Usage,"$0.004 per 10,000 GET and all other requests",Amazon Simple Storage Service,Storage,us-east-1,11353890204,arn:aws:s3:::prod-image-layers,bucket,ZWQ6Q48CRJXX4FXE,78875000,Requests
2024-09-18T11:00:00.000Z,2024-09-18T12:00:00.000Z,USD,30.46,30.46,Usage,"$0.004 per 10,000 GET and all other requests",Amazon Simple Storage Service,Storage,us-east-1,11353890204,arn:aws:s3:::prod-image-layers,bucket,ZWQ6Q48CRJXX4FXE,76150000,Requests
2024-09-18T12:00:00.000Z,2024-09-18T13:00:00.000Z,USD,32.68,32.68,Usage,"$0.004 per 10,000 GET and all other requests",Amazon Simple Storage Service,Storage,us-east-1,11353890204,arn:aws:s3:::prod-image-layers,bucket,ZWQ6Q48CRJXX4FXE,81700000,Requests
2024-09-18T13:00:00.000Z,2024-09-18T14:00:00.000Z,USD,33.86,33.86,Usage,"$0.004 per 10,000 GET and all other requests",Amazon Simple Storage Service,Storage,us-east-1,11353890204,arn:aws:s3:::prod-image-layers,bucket,ZWQ6Q48CRJXX4FXE,84650000,Requests
2024-09-18T14:00:00.000Z,2024-09-18T15:00:00.000Z,USD,34.62,34.62,Usage,"$0.004 per 10,000 GET and all other requests",Amazon Simple Storage Service,Storage,us-east-1,11353890204,arn:aws:s3:::prod-image-layers,bucket,ZWQ6Q48CRJXX4FXE,86550000,Requests
2024-09-18T15:00:00.000Z,2024-09-18T16:00:00.000Z,USD,29.43,29.43,Usage,"$0.004 per 10,000 GET and all other requests",Amazon Simple Storage Service,Storage,us-east-1,11353890204,arn:aws:s3:::prod-image-layers,bucket,ZWQ6Q48CRJXX4FXE,73575000,Requests
2024-09-18T16:00:00.000Z,2024-09-18T17:00:00.000Z,USD,15.74,15.74,Usage,"$0.004 per 10,000 GET and all other requests",Amazon Simple Storage Service,Storage,us-east-1,11353890204,arn:aws:s3:::prod-image-layers,bucket,ZWQ6Q48CRJXX4FXE,39350000,Requests
2024-09-18T17:00:00.000Z,2024-09-18T18:00:00.000Z,USD,26.59,26.59,Usage,"$0.004 per 10,000 GET and all other requests",Amazon Simple Storage Service,Storage,us-east-1,11353890204,arn:aws:s3:::prod-image-layers,bucket,ZWQ6Q48CRJXX4FXE,66475000,Requests
2024-09-18T18:00:00.000Z,2024-09-18T19:00:00.000Z,USD,14.09,14.09,Usage,"$0.004 per 10,000 GET and all other requests",Amazon Simple Storage Service,Storage,us-east-1,11353890204,arn:aws:s3:::prod-image-layers,bucket,ZWQ6Q48CRJXX4FXE,35225000,Requests
2024-09-18T19:00:00.000Z,2024-09-18T20:00:00.000Z,USD,24.93,24.93,Usage,"$0.004 per 10,000 GET and all other requests",Amazon Simple Storage Service,Storage,us-east-1,11353890204,arn:aws:s3:::prod-image-layers,bucket,ZWQ6Q48CRJXX4FXE,62325000,Requests
2024-09-18T20:00:00.000Z,2024-09-18T21:00:00.000Z,USD,8.38,8.38,Usage,"$0.004 per 10,000 GET and all other requests",Amazon Simple Storage Service,Storage,us-east-1,11353890204,arn:aws:s3:::prod-image-layers,bucket,ZWQ6Q48CRJXX4FXE,20950000,Requests
2024-09-18T21:00:00.000Z,2024-09-18T22:00:00.000Z,USD,8.09,8.09,Usage,"$0.004 per 10,000 GET and all other requests",Amazon Simple Storage Service,Storage,us-east-1,11353890204,arn:aws:s3:::prod-image-layers,bucket,ZWQ6Q48CRJXX4FXE,20225000,Requests
2024-09-18T22:00:00.000Z,2024-09-18T23:00:00.000Z,USD,16.8,16.8,Usage,"$0.004 per 10,000 GET and all other requests",Amazon Simple Storage Service,Storage,us-east-1,11353890204,arn:aws:s3:::prod-image-layers,bucket,ZWQ6Q48CRJXX4FXE,42000000,Requests
2024-09-18T23:00:00.000Z,2024-09-19T00:00:00.000Z,USD,7.3,7.3,Usage,"$0.004 per 10,000 GET and all other requests",Amazon Simple Storage Service,Storage,us-east-1,11353890204,arn:aws:s3:::prod-image-layers,bucket,ZWQ6Q48CRJXX4FXE,18250000,Requests
2024-09-19T00:00:00.000Z,2024-09-19T01:00:00.000Z,USD,18.65,18.65,Usage,"$0.004 per 10,000 GET and all other requests",Amazon Simple Storage Service,Storage,us-east-1,11353890204,arn:aws:s3:::prod-image-layers,bucket,ZWQ6Q48CRJXX4FXE,46625000,Requests
2024-09-19T01:00:00.000Z,2024-09-19T02:00:00.000Z,USD,16.44,16.44,Usage,"$0.004 per 10,000 GET and all other requests",Amazon Simple Storage Service,Storage,us-east-1,11353890204,arn:aws:s3:::prod-image-layers,bucket,ZWQ6Q48CRJXX4FXE,41100000,Requests
2024-09-19T02:00:00.000Z,2024-09-19T03:00:00.000Z,USD,14.68,14.68,Usage,"$0.004 per 10,000 GET and all other requests",Amazon Simple Storage Service,Storage,us-east-1,11353890204,arn:aws:s3:::prod-image-layers,bucket,ZWQ6Q48CRJXX4FXE,36700000,Requests
2024-09-19T03:00:00.000Z,2024-09-19T04:00:00.000Z,USD,8.78,8.78,Usage,"$0.004 per 10,000 GET and all other requests",Amazon Simple Storage Service,Storage,us-east-1,11353890204,arn:aws:s3:::prod-image-layers,bucket,ZWQ6Q48CRJXX4FXE,21950000,Requests
2024-09-19T04:00:00.000Z,2024-09-19T05:00:00.000Z,USD,6.53,6.53,Usage,"$0.004 per 10,000 GET and all other requests",Amazon Simple Storage Service,Storage,us-east-1,11353890204,arn:aws:s3:::prod-image-layers,bucket,ZWQ6Q48CRJXX4FXE,16325000,Requests
2024-09-19T05:00:00.000Z,2024-09-19T06:00:00.000Z,USD,15.56,15.56,Usage,"$0.004 per 10,000 GET and all other requests",Amazon Simple Storage Service,Storage,us-east-1,11353890204,arn:aws:s3:::prod-image-layers,bucket,ZWQ6Q48CRJXX4FXE,38900000,Requests
2024-09-19T06:00:00.000Z,2024-09-19T07:00:00.000Z,USD,11.44,11.44,Usage,"$0.004 per 10,000 GET and all other requests",Amazon Simple Storage Service,Storage,us-east-1,11353890204,arn:aws:s3:::prod-image-layers,bucket,ZWQ6Q48CRJXX4FXE,28600000,Requests
2024-09-19T07:00:00.000Z,2024-09-19T08:00:00.000Z,USD,15.17,15.17,Usage,"$0.004 per 10,000 GET and all other requests",Amazon Simple Storage Service,Storage,us-east-1,11353890204,arn:aws:s3:::prod-image-layers,bucket,ZWQ6Q48CRJXX4FXE,37925000,Requests
2024-09-19T08:00:00.000Z,2024-09-19T09:00:00.000Z,USD,13.49,13.49,Usage,"$0.004 per 10,000 GET and all other requests",Amazon Simple Storage Service,Storage,us-east-1,11353890204,arn:aws:s3:::prod-image-layers,bucket,ZWQ6Q48CRJXX4FXE,33725000,Requests
2024-09-19T09:00:00.000Z,2024-09-19T10:00:00.000Z,USD,34.82,34.82,Usage,"$0.004 per 10,000 GET and all other requests",Amazon Simple Storage Service,Storage,us-east-1,11353890204,arn:aws:s3:::prod-image-layers,bucket,ZWQ6Q48CRJXX4FXE,87050000,Requests
2024-09-19T10:00:00.000Z,2024-09-19T11:00:00.000Z,USD,19.28,19.28,Usage,"$0.004 per 10,000 GET and all other requests",Amazon Simple Storage Service,Storage,us-east-1,11353890204,arn:aws:s3:::prod-image-layers,bucket,ZWQ6Q48CRJXX4FXE,48200000,Requests
2024-09-19T11:00:00.000Z,2024-09-19T12:00:00.000Z,USD,12.11,12.11,Usage,"$0.004 per 10,000 GET and all other requests",Amazon Simple Storage Service,Storage,us-east-1,11353890204,arn:aws:s3:::prod-image-layers,bucket,ZWQ6Q48CRJXX4FXE,30275000,Requests
2024-09-19T12:00:00.000Z,2024-09-19T13:00:00.000Z,USD,18.63,18.63,Usage,"$0.004 per 10,000 GET and all other requests",Amazon Simple Storage Service,Storage,us-east-1,11353890204,arn:aws:s3:::prod-image-layers,bucket,ZWQ6Q48CRJXX4FXE,46575000,Requests
2024-09-19T13:00:00.000Z,2024-09-19T14:00:00.000Z,USD,32.21,32.21,Usage,"$0.004 per 10,000 GET and all other requests",Amazon Simple Storage Service,Storage,us-east-1,11353890204,arn:aws:s3:::prod-image-layers,bucket,ZWQ6Q48CRJXX4FXE,80525000,Requests
2024-09-19T14:00:00.000Z,2024-09-19T15:00:00.000Z,USD,21.71,21.71,Usage,"$0.004 per 10,000 GET and all other requests",Amazon Simple Storage Service,Storage,us-east-1,11353890204,arn:aws:s3:::prod-image-layers,bucket,ZWQ6Q48CRJXX4FXE,54275000,Requests
2024-09-19T15:00:00.000Z,2024-09-19T16:00:00.000Z,USD,15.62,15.62,Usage,"$0.004 per 10,000 GET and all other requests",Amazon Simple Storage Service,Storage,us-east-1,11353890204,arn:aws:s3:::prod-image-layers,bucket,ZWQ6Q48CRJXX4FXE,39050000,Requests
2024-09-19T16:00:00.000Z,2024-09-19T17:00:00.000Z,USD,15.23,15.23,Usage,"$0.004 per 10,000 GET and all other requests",Amazon Simple Storage Service,Storage,us-east-1,11353890204,arn:aws:s3:::prod-image-layers,bucket,ZWQ6Q48CRJXX4FXE,38075000,Requests
2024-09-19T17:00:00.000Z,2024-09-19T18:00:00.000Z,USD,21.19,21.19,Usage,"$0.004 per 10,000 GET and all other requests",Amazon Simple Storage Service,Storage,us-east-1,11353890204,arn:aws:s3:::prod-image-layers,bucket,ZWQ6Q48CRJXX4FXE,52975000,Requests
2024-09-19T18:00:00.000Z,2024-09-19T19:00:00.000Z,USD,12.78,12.78,Usage,"$0.004 per 10,000 GET and all other requests",Amazon Simple Storage Service,Storage,us-east-1,11353890204,arn:aws:s3:::prod-image-layers,bucket,ZWQ6Q48CRJXX4FXE,31950000,Requests
2024-09-19T19:00:00.000Z,2024-09-19T20:00:00.000Z,USD,31.25,31.25,Usage,"$0.004 per 10,000 GET and all other requests",Amazon Simple Storage Service,Storage,us-east-1,11353890204,arn:aws:s3:::prod-image-layers,bucket,ZWQ6Q48CRJXX4FXE,78125000,Requests
2024-09-19T20:00:00.000Z,2024-09-19T21:00:00.000Z,USD,14.89,14.89,Usage,"$0.004 per 10,000 GET and all other requests",Amazon Simple Storage Service,Storage,us-east-1,11353890204,arn:aws:s3:::prod-image-layers,bucket,ZWQ6Q48CRJXX4FXE,37225000,Requests
2024-09-19T21:00:00.000Z,2024-09-19T22:00:00.000Z,USD,12.08,12.08,Usage,"$0.004 per 10,000 GET and all other requests",Amazon Simple Storage Service,Storage,us-east-1,11353890204,arn:aws:s3:::prod-image-layers,bucket,ZWQ6Q48CRJXX4FXE,30200000,Requests
2024-09-19T22:00:00.000Z,2024-09-19T23:00:00.000Z,USD,18.32,18.32,Usage,"$0.004 per 10,000 GET and all other requests",Amazon Simple Storage Service,Storage,us-east-1,11353890204,arn:aws:s3:::prod-image-layers,bucket,ZWQ6Q48CRJXX4FXE,45800000,Requests
2024-09-19T23:00:00.000Z,2024-09-20T00:00:00.000Z,USD,17.2,17.2,Usage,"$0.004 per 10,000 GET and all other requests",Amazon Simple Storage Service,Storage,us-east-1,11353890204,arn:aws:s3:::prod-image-layers,bucket,ZWQ6Q48CRJXX4FXE,43000000,Requests
2024-09-20T00:00:00.000Z,2024-09-20T01:00:00.000Z,USD,7.62,7.62,Usage,"$0.004 per 10,000 GET and all other requests",Amazon Simple Storage Service,Storage,us-east-1,11353890204,arn:aws:s3:::prod-image-layers,bucket,ZWQ6Q48CRJXX4FXE,19050000,Requests
2024-09-20T01:00:00.000Z,2024-09-20T02:00:00.000Z,USD,17.01,17.01,Usage,"$0.004 per 10,000 GET and all other requests",Amazon Simple Storage Service,Storage,us-east-1,11353890204,arn:aws:s3:::prod-image-layers,bucket,ZWQ6Q48CRJXX4FXE,42525000,Requests
2024-09-20T02:00:00.000Z,2024-09-20T03:00:00.000Z,USD,17,17,Usage,"$0.004 per 10,000 GET and all other requests",Amazon Simple Storage Service,Storage,us-east-1,11353890204,arn:aws:s3:::prod-image-layers,bucket,ZWQ6Q48CRJXX4FXE,42500000,Requests
2024-09-20T03:00:00.000Z,2024-09-20T04:00:00.000Z,USD,14.53,14.53,Usage,"$0.004 per 10,000 GET and all other requests",Amazon Simple Storage Service,Storage,us-east-1,11353890204,arn:aws:s3:::prod-image-layers,bucket,ZWQ6Q48CRJXX4FXE,36325000,Requests
2024-09-20T04:00:00.000Z,2024-09-20T05:00:00.000Z,USD,9.03,9.03,Usage,"$0.004 per 10,000 GET and all other requests",Amazon Simple Storage Service,Storage,us-east-1,11353890204,arn:aws:s3:::prod-image-layers,bucket,ZWQ6Q48CRJXX4FXE,22575000,Requests
2024-09-20T05:00:00.000Z,2024-09-20T06:00:00.000Z,USD,8.17,8.17,Usage,"$0.004 per 10,000 GET and all other requests",Amazon Simple Storage Service,Storage,us-east-1,11353890204,arn:aws:s3:::prod-image-layers,bucket,ZWQ6Q48CRJXX4FXE,20425000,Requests
2024-09-20T06:00:00.000Z,2024-09-20T07:00:00.000Z,USD,14.67,14.67,Usage,"$0.004 per 10,000 GET and all other requests",Amazon Simple Storage Service,Storage,us-east-1,11353890204,arn:aws:s3:::prod-image-layers,bucket,ZWQ6Q48CRJXX4FXE,36675000,Requests
2024-09-20T07:00:00.000Z,2024-09-20T08:00:00.000Z,USD,16.49,16.49,Usage,"$0.004 per 10,000 GET and all other requests",Amazon Simple Storage Service,Storage,us-east-1,11353890204,arn:aws:s3:::prod-image-layers,bucket,ZWQ6Q48CRJXX4FXE,41225000,Requests
2024-09-20T08:00:00.000Z,2024-09-20T09:00:00.000Z,USD,32.6,32.6,Usage,"$0.004 per 10,000 GET and all other requests",Amazon Simple Storage Service,Storage,us-east-1,11353890204,arn:aws:s3:::prod-image-layers,bucket,ZWQ6Q48CRJXX4FXE,81500000,Requests
2024-09-20T09:00:00.000Z,2024-09-20T10:00:00.000Z,USD,21.17,21.17,Usage,"$0.004 per 10,000 GET and all other requests",Amazon Simple Storage Service,Storage,us-east-1,11353890204,arn:aws:s3:::prod-image-layers,bucket,ZWQ6Q48CRJXX4FXE,52925000,Requests
2024-09-20T10:00:00.000Z,2024-09-20T11:00:00.000Z,USD,31.92,31.92,Usage,"$0.004 per 10,000 GET and all other requests",Amazon Simple Storage Service,Storage,us-east-1,11353890204,arn:aws:s3:::prod-image-layers,bucket,ZWQ6Q48CRJXX4FXE,79800000,Requests
2024-09-20T11:00:00.000Z,2024-09-20T12:00:00.000Z,USD,23.82,23.82,Usage,"$0.004 per 10,000 GET and all other requests",Amazon Simple Storage Service,Storage,us-east-1,11353890204,arn:aws:s3:::prod-image-layers,bucket,ZWQ6Q48CRJXX4FXE,59550000,Requests
2024-09-20T12:00:00.000Z,2024-09-20T13:00:00.000Z,USD,31.91,31.91,Usage,"$0.004 per 10,000 GET and all other requests",Amazon Simple Storage Service,Storage,us-east-1,11353890204,arn:aws:s3:::prod-image-layers,bucket,ZWQ6Q48CRJXX4FXE,79775000,Requests
2024-09-20T13:00:00.000Z,2024-09-20T14:00:00.000Z,USD,14.27,14.27,Usage,"$0.004 per 10,000 GET and all other requests",Amazon Simple Storage Service,Storage,us-east-1,11353890204,arn:aws:s3:::prod-image-layers,bucket,ZWQ6Q48CRJXX4FXE,35675000,Requests
2024-09-20T14:00:00.000Z,2024-09-20T15:00:00.000Z,USD,15.24,15.24,Usage,"$0.004 per 10,000 GET and all other requests",Amazon Simple Storage Service,Storage,us-east-1,11353890204,arn:aws:s3:::prod-image-layers,bucket,ZWQ6Q48CRJXX4FXE,38100000,Requests
2024-09-20T15:00:00.000Z,2024-09-20T16:00:00.000Z,USD,13,13,Usage,"$0.004 per 10,000 GET and all other requests",Amazon Simple Storage Service,Storage,us-east-1,11353890204,arn:aws:s3:::prod-image-layers,bucket,ZWQ6Q48CRJXX4FXE,32500000,Requests
2024-09-20T16:00:00.000Z,2024-09-20T17:00:00.000Z,USD,32.09,32.09,Usage,"$0.004 per 10,000 GET and all other requests",Amazon Simple Storage Service,Storage,us-east-1,11353890204,arn:aws:s3:::prod-image-layers,bucket,ZWQ6Q48CRJXX4FXE,80225000,Requests
2024-09-20T17:00:00.000Z,2024-09-20T18:00:00.000Z,USD,28.18,28.18,Usage,"$0.004 per 10,000 GET and all other requests",Amazon Simple Storage Service,Storage,us-east-1,11353890204,arn:aws:s3:::prod-image-layers,bucket,ZWQ6Q48CRJXX4FXE,70450000,Requests
2024-09-20T18:00:00.000Z,2024-09-20T19:00:00.000Z,USD,21.89,21.89,Usage,"$0.004 per 10,000 GET and all other requests",Amazon Simple Storage Service,Storage,us-east-1,11353890204,arn:aws:s3:::prod-image-layers,bucket,ZWQ6Q48CRJXX4FXE,54725000,Requests
2024-09-20T19:00:00.000Z,2024-09-20T20:00:00.000Z,USD,22.65,22.65,Usage,"$0.004 per 10,000 GET and all other requests",Amazon Simple Storage Service,Storage,us-east-1,11353890204,arn:aws:s3:::prod-image-layers,bucket,ZWQ6Q48CRJXX4FXE,56625000,Requests
2024-09-20T20:00:00.000Z,2024-09-20T21:00:00.000Z,USD,8.55,8.55,Usage,"$0.004 per 10,000 GET and all other requests",Amazon Simple Storage Service,Storage,us-east-1,11353890204,arn:aws:s3:::prod-image-layers,bucket,ZWQ6Q48CRJXX4FXE,21375000,Requests
2024-09-20T21:00:00.000Z,2024-09-20T22:00:00.000Z,USD,17.55,17.55,Usage,"$0.004 per 10,000 GET and all other requests",Amazon Simple Storage Service,Storage,us-east-1,11353890204,arn:aws:s3:::prod-image-layers,bucket,ZWQ6Q48CRJXX4FXE,43875000,Requests
2024-09-20T22:00:00.000Z,2024-09-20T23:00:00.000Z,USD,10.7,10.7,Usage,"$0.004 per 10,000 GET and all other requests",Amazon Simple Storage Service,Storage,us-east-1,11353890204,arn:aws:s3:::prod-image-layers,bucket,ZWQ6Q48CRJXX4FXE,26750000,Requests
2024-09-20T23:00:00.000Z,2024-09-21T00:00:00.000Z,USD,6.64,6.64,Usage,"$0.004 per 10,000 GET and all other requests",Amazon Simple Storage Service,Storage,us-east-1,11353890204,arn:aws:s3:::prod-image-layers,bucket,ZWQ6Q48CRJXX4FXE,16600000,Requests
2024-09-21T00:00:00.000Z,2024-09-21T01:00:00.000Z,USD,11.05,11.05,Usage,"$0.004 per 10,000 GET and all other requests",Amazon Simple Storage Service,Storage,us-east-1,11353890204,arn:aws:s3:::prod-image-layers,bucket,ZWQ6Q48CRJXX4FXE,27625000,Requests
2024-09-21T01:00:00.000Z,2024-09-21T02:00:00.000Z,USD,7.52,7.52,Usage,"$0.004 per 10,000 GET and all other requests",Amazon Simple Storage Service,Storage,us-east-1,11353890204,arn:aws:s3:::prod-image-layers,bucket,ZWQ6Q48CRJXX4FXE,18800000,Requests
2024-09-21T02:00:00.000Z,2024-09-21T03:00:00.000Z,USD,6.79,6.79,Usage,"$0.004 per 10,000 GET and all other requests",Amazon Simple Storage Service,Storage,us-east-1,11353890204,arn:aws:s3:::prod-image-layers,bucket,ZWQ6Q48CRJXX4FXE,16975000,Requests
2024-09-21T03:00:00.000Z,2024-09-21T04:00:00.000Z,USD,12.73,12.73,Usage,"$0.004 per 10,000 GET and all other requests",Amazon Simple Storage Service,Storage,us-east-1,11353890204,arn:aws:s3:::prod-image-layers,bucket,ZWQ6Q48CRJXX4FXE,31825000,Requests
2024-09-21T04:00:00.000Z,2024-09-21T05:00:00.000Z,USD,5.99,5.99,Usage,"$0.004 per 10,000 GET and all other requests",Amazon Simple Storage Service,Storage,us-east-1,11353890204,arn:aws:s3:::prod-image-layers,bucket,ZWQ6Q48CRJXX4FXE,14975000,Requests
2024-09-21T05:00:00.000Z,2024-09-21T06:00:00.000Z,USD,11.37,11.37,Usage,"$0.004 per 10,000 GET and all other requests",Amazon Simple Storage Service,Storage,us-east-1,11353890204,arn:aws:s3:::prod-image-layers,bucket,ZWQ6Q48CRJXX4FXE,28425000,Requests
2024-09-21T06:00:00.000Z,2024-09-21T07:00:00.000Z,USD,12.57,12.57,Usage,"$0.004 per 10,000 GET and all other requests",Amazon Simple Storage Service,Storage,us-east-1,11353890204,arn:aws:s3:::prod-image-layers,bucket,ZWQ6Q48CRJXX4FXE,31425000,Requests
2024-09-21T07:00:00.000Z,2024-09-21T08:00:00.000Z,USD,5.61,5.61,Usage,"$0.004 per 10,000 GET and all other requests",Amazon Simple Storage Service,Storage,us-east-1,11353890204,arn:aws:s3:::prod-image-layers,bucket,ZWQ6Q48CRJXX4FXE,14025000,Requests
2024-09-21T08:00:00.000Z,2024-09-21T09:00:00.000Z,USD,7.47,7.47,Usage,"$0.004 per 10,000 GET and all other requests",Amazon Simple Storage Service,Storage,us-east-1,11353890204,arn:aws:s3:::prod-image-layers,bucket,ZWQ6Q48CRJXX4FXE,18675000,Requests
2024-09-21T09:00:00.000Z,2024-09-21T10:00:00.000Z,USD,10.65,10.65,Usage,"$0.004 per 10,000 GET and all other requests",Amazon Simple Storage Service,Storage,us-east-1,11353890204,arn:aws:s3:::prod-image-layers,bucket,ZWQ6Q48CRJXX4FXE,26625000,Requests
2024-09-21T10:00:00.000Z,2024-09-21T11:00:00.000Z,USD,8.24,8.24,Usage,"$0.004 per 10,000 GET and all other requests",Amazon Simple Storage Service,Storage,us-east-1,11353890204,arn:aws:s3:::prod-image-layers,bucket,ZWQ6Q48CRJXX4FXE,20600000,Requests
2024-09-21T11:00:00.000Z,2024-09-21T12:00:00.000Z,USD,12.18,12.18,Usage,"$0.004 per 10,000 GET and all other requests",Amazon Simple Storage Service,Storage,us-east-1,11353890204,arn:aws:s3:::prod-image-layers,bucket,ZWQ6Q48CRJXX4FXE,30450000,Requests
2024-09-21T12:00:00.000Z,2024-09-21T13:00:00.000Z,USD,10.62,10.62,Usage,"$0.004 per 10,000 GET and all other requests",Amazon Simple Storage Service,Storage,us-east-1,11353890204,arn:aws:s3:::prod-image-layers,bucket,ZWQ6Q48CRJXX4FXE,26550000,Requests
2024-09-21T13:00:00.000Z,2024-09-21T14:00:00.000Z,USD,9.9,9.9,Usage,"$0.004 per 10,000 GET and all other requests",Amazon Simple Storage Service,Storage,us-east-1,11353890204,arn:aws:s3:::prod-image-layers,bucket,ZWQ6Q48CRJXX4FXE,24750000,Requests
2024-09-21T14:00:00.000Z,2024-09-21T15:00:00.000Z,USD,7.14,7.14,Usage,"$0.004 per 10,000 GET and all other requests",Amazon Simple Storage Service,Storage,us-east-1,11353890204,arn:aws:s3:::prod-image-layers,bucket,ZWQ6Q48CRJXX4FXE,17850000,Requests
2024-09-21T15:00:00.000Z,2024-09-21T16:00:00.000Z,USD,10.38,10.38,Usage,"$0.004 per 10,000 GET and all other requests",Amazon Simple Storage Service,Storage,us-east-1,11353890204,arn:aws:s3:::prod-image-layers,bucket,ZWQ6Q48CRJXX4FXE,25950000,Requests
2024-09-21T16:00:00.000Z,2024-09-21T17:00:00.000Z,USD,11.56,11.56,Usage,"$0.004 per 10,000 GET and all other requests",Amazon Simple Storage Service,Storage,us-east-1,11353890204,arn:aws:s3:::prod-image-layers,bucket,ZWQ6Q48CRJXX4FXE,28900000,Requests
2024-09-21T17:00:00.000Z,2024-09-21T18:00:00.000Z,USD,5.48,5.48,Usage,"$0.004 per 10,000 GET and all other requests",Amazon Simple Storage Service,Storage,us-east-1,11353890204,arn:aws:s3:::prod-image-layers,bucket,ZWQ6Q48CRJXX4FXE,13700000,Requests
2024-09-21T18:00:00.000Z,2024-09-21T19:00:00.000Z,USD,12.73,12.73,Usage,"$0.004 per 10,000 GET and all other requests",Amazon Simple Storage Service,Storage,us-east-1,11353890204,arn:aws:s3:::prod-image-layers,bucket,ZWQ6Q48CRJXX4FXE,31825000,Requests
2024-09-21T19:00:00.000Z,2024-09-21T20:00:00.000Z,USD,11.59,11.59,Usage,"$0.004 per 10,000 GET and all other requests",Amazon Simple Storage Service,Storage,us-east-1,11353890204,arn:aws:s3:::prod-image-layers,bucket,ZWQ6Q48CRJXX4FXE,28975000,Requests
2024-09-21T20:00:00.000Z,2024-09-21T21:00:00.000Z,USD,11.66,11.66,Usage,"$0.004 per 10,000 GET and all other requests",Amazon Simple Storage Service,Storage,us-east-1,11353890204,arn:aws:s3:::prod-image-layers,bucket,ZWQ6Q48CRJXX4FXE,29150000,Requests
2024-09-21T21:00:00.000Z,2024-09-21T22:00:00.000Z,USD,11.15,11.15,Usage,"$0.004 per 10,000 GET and all other requests",Amazon Simple Storage Service,Storage,us-east-1,11353890204,arn:aws:s3:::prod-image-layers,bucket,ZWQ6Q48CRJXX4FXE,27875000,Requests
2024-09-21T22:00:00.000Z,2024-09-21T23:00:00.000Z,USD,9.55,9.55,Usage,"$0.004 per 10,000 GET and all other requests",Amazon Simple Storage Service,Storage,us-east-1,11353890204,arn:aws:s3:::prod-image-layers,bucket,ZWQ6Q48CRJXX4FXE,23875000,Requests
2024-09-21T23:00:00.000Z,2024-09-22T00:00:00.000Z,USD,5.9,5.9,Usage,"$0.004 per 10,000 GET and all other requests",Amazon Simple Storage Service,Storage,us-east-1,11353890204,arn:aws:s3:::prod-image-layers,bucket,ZWQ6Q48CRJXX4FXE,14750000,Requests
2024-09-22T00:00:00.000Z,2024-09-22T01:00:00.000Z,USD,8.58,8.58,Usage,"$0.004 per 10,000 GET and all other requests",Amazon Simple Storage Service,Storage,us-east-1,11353890204,arn:aws:s3:::prod-image-layers,bucket,ZWQ6Q48CRJXX4FXE,21450000,Requests
2024-09-22T01:00:00.000Z,2024-09-22T02:00:00.000Z,USD,6.48,6.48,Usage,"$0.004 per 10,000 GET and all other requests",Amazon Simple Storage Service,Storage,us-east-1,11353890204,arn:aws:s3:::prod-image-layers,bucket,ZWQ6Q48CRJXX4FXE,16200000,Requests
2024-09-22T02:00:00.000Z,2024-09-22T03:00:00.000Z,USD,12.86,12.86,Usage,"$0.004 per 10,000 GET and all other requests",Amazon Simple Storage Service,Storage,us-east-1,11353890204,arn:aws:s3:::prod-image-layers,bucket,ZWQ6Q48CRJXX4FXE,32150000,Requests
2024-09-22T03:00:00.000Z,2024-09-22T04:00:00.000Z,USD,10.68,10.68,Usage,"$0.004 per 10,000 GET and all other requests",Amazon Simple Storage Service,Storage,us-east-1,11353890204,arn:aws:s3:::prod-image-layers,bucket,ZWQ6Q48CRJXX4FXE,26700000,Requests
2024-09-22T04:00:00.000Z,2024-09-22T05:00:00.000Z,USD,10.64,10.64,Usage,"$0.004 per 10,000 GET and all other requests",Amazon Simple Storage Service,Storage,us-east-1,11353890204,arn:aws:s3:::prod-image-layers,bucket,ZWQ6Q48CRJXX4FXE,26600000,Requests
2024-09-22T05:00:00.000Z,2024-09-22T06:00:00.000Z,USD,9.9,9.9,Usage,"$0.004 per 10,000 GET and all other requests",Amazon Simple Storage Service,Storage,us-east-1,11353890204,arn:aws:s3:::prod-image-layers,bucket,ZWQ6Q48CRJXX4FXE,24750000,Requests
2024-09-22T06:00:00.000Z,2024-09-22T07:00:00.000Z,USD,12.97,12.97,Usage,"$0.004 per 10,000 GET and all other requests",Amazon Simple Storage Service,Storage,us-east-1,11353890204,arn:aws:s3:::prod-image-layers,bucket,ZWQ6Q48CRJXX4FXE,32425000,Requests
2024-09-22T07:00:00.000Z,2024-09-22T08:00:00.000Z,USD,9.25,9.25,Usage,"$0.004 per 10,000 GET and all other requests",Amazon Simple Storage Service,Storage,us-east-1,11353890204,arn:aws:s3:::prod-image-layers,bucket,ZWQ6Q48CRJXX4FXE,23125000,Requests
2024-09-22T08:00:00.000Z,2024-09-22T09:00:00.000Z,USD,11.98,11.98,Usage,"$0.004 per 10,000 GET and all other requests",Amazon Simple Storage Service,Storage,us-east-1,11353890204,arn:aws:s3:::prod-image-layers,bucket,ZWQ6Q48CRJXX4FXE,29950000,Requests
2024-09-22T09:00:00.000Z,2024-09-22T10:00:00.000Z,USD,11.08,11.08,Usage,"$0.004 per 10,000 GET and all other requests",Amazon Simple Storage Service,Storage,us-east-1,11353890204,arn:aws:s3:::prod-image-layers,bucket,ZWQ6Q48CRJXX4FXE,27700000,Requests
2024-09-22T10:00:00.000Z,2024-09-22T11:00:00.000Z,USD,4.95,4.95,Usage,"$0.004 per 10,000 GET and all other requests",Amazon Simple Storage Service,Storage,us-east-1,11353890204,arn:aws:s3:::prod-image-layers,bucket,ZWQ6Q48CRJXX4FXE,12375000,Requests
2024-09-22T11:00:00.000Z,2024-09-22T12:00:00.000Z,USD,13.34,13.34,Usage,"$0.004 per 10,000 GET and all other requests",Amazon Simple Storage Service,Storage,us-east-1,11353890204,arn:aws:s3:::prod-image-layers,bucket,ZWQ6Q48CRJXX4FXE,33350000,Requests
2024-09-22T12:00:00.000Z,2024-09-22T13:00:00.000Z,USD,12.85,12.85,Usage,"$0.004 per 10,000 GET and all other requests",Amazon Simple Storage Service,Storage,us-east-1,11353890204,arn:aws:s3:::prod-image-layers,bucket,ZWQ6Q48CRJXX4FXE,32125000,Requests
2024-09-22T13:00:00.000Z,2024-09-22T14:00:00.000Z,USD,10.26,10.26,Usage,"$0.004 per 10,000 GET and all other requests",Amazon Simple Storage Service,Storage,us-east-1,11353890204,arn:aws:s3:::prod-image-layers,bucket,ZWQ6Q48CRJXX4FXE,25650000,Requests
2024-09-22T14:00:00.000Z,2024-09-22T15:00:00.000Z,USD,12.39,12.39,Usage,"$0.004 per 10,000 GET and all other requests",Amazon Simple Storage Service,Storage,us-east-1,11353890204,arn:aws:s3:::prod-image-layers,bucket,ZWQ6Q48CRJXX4FXE,30975000,Requests
2024-09-22T15:00:00.000Z,2024-09-22T16:00:00.000Z,USD,7.71,7.71,Usage,"$0.004 per 10,000 GET and all other requests",Amazon Simple Storage Service,Storage,us-east-1,11353890204,arn:aws:s3:::prod-image-layers,bucket,ZWQ6Q48CRJXX4FXE,19275000,Requests
2024-09-22T16:00:00.000Z,2024-09-22T17:00:00.000Z,USD,7.54,7.54,Usage,"$0.004 per 10,000 GET and all other requests",Amazon Simple Storage Service,Storage,us-east-1,11353890204,arn:aws:s3:::prod-image-layers,bucket,ZWQ6Q48CRJXX4FXE,18850000,Requests
2024-09-22T17:00:00.000Z,2024-09-22T18:00:00.000Z,USD,10.27,10.27,Usage,"$0.004 per 10,000 GET and all other requests",Amazon Simple Storage Service,Storage,us-east-1,11353890204,arn:aws:s3:::prod-image-layers,bucket,ZWQ6Q48CRJXX4FXE,25675000,Requests
2024-09-22T18:00:00.000Z,2024-09-22T19:00:00.000Z,USD,9.04,9.04,Usage,"$0.004 per 10,000 GET and all other requests",Amazon Simple Storage Service,Storage,us-east-1,11353890204,arn:aws:s3:::prod-image-layers,bucket,ZWQ6Q48CRJXX4FXE,22600000,Requests
2024-09-22T19:00:00.000Z,2024-09-22T20:00:00.000Z,USD,10.68,10.68,Usage,"$0.004 per 10,000 GET and all other requests",Amazon Simple Storage Service,Storage,us-east-1,11353890204,arn:aws:s3:::prod-image-layers,bucket,ZWQ6Q48CRJXX4FXE,26700000,Requests
2024-09-22T20:00:00.000Z,2024-09-22T21:00:00.000Z,USD,8.99,8.99,Usage,"$0.004 per 10,000 GET and all other requests",Amazon Simple Storage Service,Storage,us-east-1,11353890204,arn:aws:s3:::prod-image-layers,bucket,ZWQ6Q48CRJXX4FXE,22475000,Requests
2024-09-22T21:00:00.000Z,2024-09-22T22:00:00.000Z,USD,8.22,8.22,Usage,"$0.004 per 10,000 GET and all other requests",Amazon Simple Storage Service,Storage,us-east-1,11353890204,arn:aws:s3:::prod-image-layers,bucket,ZWQ6Q48CRJXX4FXE,20550000,Requests
2024-09-22T22:00:00.000Z,2024-09-22T23:00:00.000Z,USD,6.3,6.3,Usage,"$0.004 per 10,000 GET and all other requests",Amazon Simple Storage Service,Storage,us-east-1,11353890204,arn:aws:s3:::prod-image-layers,bucket,ZWQ6Q48CRJXX4FXE,15750000,Requests
2024-09-22T23:00:00.000Z,2024-09-23T00:00:00.000Z,USD,6.02,6.02,Usage,"$0.004 per 10,000 GET and all other requests",Amazon Simple Storage Service,Storage,us-east-1,11353890204,arn:aws:s3:::prod-image-layers,bucket,ZWQ6Q48CRJXX4FXE,15050000,Requests
2024-09-23T00:00:00.000Z,2024-09-23T01:00:00.000Z,USD,11.5,11.5,Usage,"$0.004 per 10,000 GET and all other requests",Amazon Simple Storage Service,Storage,us-east-1,11353890204,arn:aws:s3:::prod-image-layers,bucket,ZWQ6Q48CRJXX4FXE,28750000,Requests
2024-09-23T01:00:00.000Z,2024-09-23T02:00:00.000Z,USD,16.02,16.02,Usage,"$0.004 per 10,000 GET and all other requests",Amazon Simple Storage Service,Storage,us-east-1,11353890204,arn:aws:s3:::prod-image-layers,bucket,ZWQ6Q48CRJXX4FXE,40050000,Requests
2024-09-23T02:00:00.000Z,2024-09-23T03:00:00.000Z,USD,10.36,10.36,Usage,"$0.004 per 10,000 GET and all other requests",Amazon Simple Storage Service,Storage,us-east-1,11353890204,arn:aws:s3:::prod-image-layers,bucket,ZWQ6Q48CRJXX4FXE,25900000,Requests
2024-09-23T03:00:00.000Z,2024-09-23T04:00:00.000Z,USD,6.98,6.98,Usage,"$0.004 per 10,000 GET and all other requests",Amazon Simple Storage Service,Storage,us-east-1,11353890204,arn:aws:s3:::prod-image-layers,bucket,ZWQ6Q48CRJXX4FXE,17450000,Requests
2024-09-23T04:00:00.000Z,2024-09-23T05:00:00.000Z,USD,13.93,13.93,Usage,"$0.004 per 10,000 GET and all other requests",Amazon Simple Storage Service,Storage,us-east-1,11353890204,arn:aws:s3:::prod-image-layers,bucket,ZWQ6Q48CRJXX4FXE,34825000,Requests
2024-09-23T05:00:00.000Z,2024-09-23T06:00:00.000Z,USD,7.93,7.93,Usage,"$0.004 per 10,000 GET and all other requests",Amazon Simple Storage Service,Storage,us-east-1,11353890204,arn:aws:s3:::prod-image-layers,bucket,ZWQ6Q48CRJXX4FXE,19825000,Requests
2024-09-23T06:00:00.000Z,2024-09-23T07:00:00.000Z,USD,11.7,11.7,Usage,"$0.004 per 10,000 GET and all other requests",Amazon Simple Storage Service,Storage,us-east-1,11353890204,arn:aws:s3:::prod-image-layers,bucket,ZWQ6Q48CRJXX4FXE,29250000,Requests
2024-09-23T07:00:00.000Z,2024-09-23T08:00:00.000Z,USD,18.33,18.33,Usage,"$0.004 per 10,000 GET and all other requests",Amazon Simple Storage Service,Storage,us-east-1,11353890204,arn:aws:s3:::prod-image-layers,bucket,ZWQ6Q48CRJXX4FXE,45825000,Requests
2024-09-23T08:00:00.000Z,2024-09-23T09:00:00.000Z,USD,32.97,32.97,Usage,"$0.004 per 10,000 GET and all other requests",Amazon Simple Storage Service,Storage,us-east-1,11353890204,arn:aws:s3:::prod-image-layers,bucket,ZWQ6Q48CRJXX4FXE,82425000,Requests
2024-09-23T09:00:00.000Z,2024-09-23T10:00:00.000Z,USD,26.76,26.76,Usage,"$0.004 per 10,000 GET and all other requests",Amazon Simple Storage Service,Storage,us-east-1,11353890204,arn:aws:s3:::prod-image-layers,bucket,ZWQ6Q48CRJXX4FXE,66900000,Requests
2024-09-23T10:00:00.000Z,2024-09-23T11:00:00.000Z,USD,12.09,12.09,Usage,"$0.004 per 10,000 GET and all other requests",Amazon Simple Storage Service,Storage,us-east-1,11353890204,arn:aws:s3:::prod-image-layers,bucket,ZWQ6Q48CRJXX4FXE,30225000,Requests
2024-09-23T11:00:00.000Z,2024-09-23T12:00:00.000Z,USD,11.72,11.72,Usage,"$0.004 per 10,000 GET and all other requests",Amazon Simple Storage Service,Storage,us-east-1,11353890204,arn:aws:s3:::prod-image-layers,bucket,ZWQ6Q48CRJXX4FXE,29300000,Requests
2024-09-23T12:00:00.000Z,2024-09-23T13:00:00.000Z,USD,20.39,20.39,Usage,"$0.004 per 10,000 GET and all other requests",Amazon Simple Storage Service,Storage,us-east-1,11353890204,arn:aws:s3:::prod-image-layers,bucket,ZWQ6Q48CRJXX4FXE,50975000,Requests
2024-09-23T13:00:00.000Z,2024-09-23T14:00:00.000Z,USD,28.48,28.48,Usage,"$0.004 per 10,000 GET and all other requests",Amazon Simple Storage Service,Storage,us-east-1,11353890204,arn:aws:s3:::prod-image-layers,bucket,ZWQ6Q48CRJXX4FXE,71200000,Requests
2024-09-23T14:00:00.000Z,2024-09-23T15:00:00.000Z,USD,32.51,32.51,Usage,"$0.004 per 10,000 GET and all other requests",Amazon Simple Storage Service,Storage,us-east-1,11353890204,arn:aws:s3:::prod-image-layers,bucket,ZWQ6Q48CRJXX4FXE,81275000,Requests
2024-09-23T15:00:00.000Z,2024-09-23T16:00:00.000Z,USD,31.95,31.95,Usage,"$0.004 per 10,000 GET and all other requests",Amazon Simple Storage Service,Storage,us-east-1,11353890204,arn:aws:s3:::prod-image-layers,bucket,ZWQ6Q48CRJXX4FXE,79875000,Requests
2024-09-23T16:00:00.000Z,2024-09-23T17:00:00.000Z,USD,18.21,18.21,Usage,"$0.004 per 10,000 GET and all other requests",Amazon Simple Storage Service,Storage,us-east-1,11353890204,arn:aws:s3:::prod-image-layers,bucket,ZWQ6Q48CRJXX4FXE,45525000,Requests
2024-09-23T17:00:00.000Z,2024-09-23T18:00:00.000Z,USD,30.37,30.37,Usage,"$0.004 per 10,000 GET and all other requests",Amazon Simple Storage Service,Storage,us-east-1,11353890204,arn:aws:s3:::prod-image-layers,bucket,ZWQ6Q48CRJXX4FXE,75925000,Requests
2024-09-23T18:00:00.000Z,2024-09-23T19:00:00.000Z,USD,18.91,18.91,Usage,"$0.004 per 10,000 GET and all other requests",Amazon Simple Storage Service,Storage,us-east-1,11353890204,arn:aws:s3:::prod-image-layers,bucket,ZWQ6Q48CRJXX4FXE,47275000,Requests
2024-09-23T19:00:00.000Z,2024-09-23T20:00:00.000Z,USD,16.55,16.55,Usage,"$0.004 per 10,000 GET and all other requests",Amazon Simple Storage Service,Storage,us-east-1,11353890204,arn:aws:s3:::prod-image-layers,bucket,ZWQ6Q48CRJXX4FXE,41375000,Requests
2024-09-23T20:00:00.000Z,2024-09-23T21:00:00.000Z,USD,6.97,6.97,Usage,"$0.004 per 10,000 GET and all other requests",Amazon Simple Storage Service,Storage,us-east-1,11353890204,arn:aws:s3:::prod-image-layers,bucket,ZWQ6Q48CRJXX4FXE,17425000,Requests
2024-09-23T21:00:00.000Z,2024-09-23T22:00:00.000Z,USD,14.46,14.46,Usage,"$0.004 per 10,000 GET and all other requests",Amazon Simple Storage Service,Storage,us-east-1,11353890204,arn:aws:s3:::prod-image-layers,bucket,ZWQ6Q48CRJXX4FXE,36150000,Requests
2024-09-23T22:00:00.000Z,2024-09-23T23:00:00.000Z,USD,11.03,11.03,Usage,"$0.004 per 10,000 GET and all other requests",Amazon Simple Storage Service,Storage,us-east-1,11353890204,arn:aws:s3:::prod-image-layers,bucket,ZWQ6Q48CRJXX4FXE,27575000,Requests
2024-09-23T23:00:00.000Z,2024-09-24T00:00:00.000Z,USD,13.61,13.61,Usage,"$0.004 per 10,000 GET and all other requests",Amazon Simple Storage Service,Storage,us-east-1,11353890204,arn:aws:s3:::prod-image-layers,bucket,ZWQ6Q48CRJXX4FXE,34025000,Requests
2024-09-24T00:00:00.000Z,2024-09-24T01:00:00.000Z,USD,15.58,15.58,Usage,"$0.004 per 10,000 GET and all other requests",Amazon Simple Storage Service,Storage,us-east-1,11353890204,arn:aws:s3:::prod-image-layers,bucket,ZWQ6Q48CRJXX4FXE,38950000,Requests
2024-09-24T01:00:00.000Z,2024-09-24T02:00:00.000Z,USD,12.89,12.89,Usage,"$0.004 per 10,000 GET and all other requests",Amazon Simple Storage Service,Storage,us-east-1,11353890204,arn:aws:s3:::prod-image-layers,bucket,ZWQ6Q48CRJXX4FXE,32225000,Requests
2024-09-24T02:00:00.000Z,2024-09-24T03:00:00.000Z,USD,18.83,18.83,Usage,"$0.004 per 10,000 GET and all other requests",Amazon Simple Storage Service,Storage,us-east-1,11353890204,arn:aws:s3:::prod-image-layers,bucket,ZWQ6Q48CRJXX4FXE,47075000,Requests
2024-09-24T03:00:00.000Z,2024-09-24T04:00:00.000Z,USD,17.92,17.92,Usage,"$0.004 per 10,000 GET and all other requests",Amazon Simple Storage Service,Storage,us-east-1,11353890204,arn:aws:s3:::prod-image-layers,bucket,ZWQ6Q48CRJXX4FXE,44800000,Requests
2024-09-24T04:00:00.000Z,2024-09-24T05:00:00.000Z,USD,8.98,8.98,Usage,"$0.004 per 10,000 GET and all other requests",Amazon Simple Storage Service,Storage,us-east-1,11353890204,arn:aws:s3:::prod-image-layers,bucket,ZWQ6Q48CRJXX4FXE,22450000,Requests
2024-09-24T05:00:00.000Z,2024-09-24T06:00:00.000Z,USD,14.19,14.19,Usage,"$0.004 per 10,000 GET and all other requests",Amazon Simple Storage Service,Storage,us-east-1,11353890204,arn:aws:s3:::prod-image-layers,bucket,ZWQ6Q48CRJXX4FXE,35475000,Requests
2024-09-24T06:00:00.000Z,2024-09-24T07:00:00.000Z,USD,17.41,17.41,Usage,"$0.004 per 10,000 GET and all other requests",Amazon Simple Storage Service,Storage,us-east-1,11353890204,arn:aws:s3:::prod-image-layers,bucket,ZWQ6Q48CRJXX4FXE,43525000,Requests
2024-09-24T07:00:00.000Z,2024-09-24T08:00:00.000Z,USD,14.06,14.06,Usage,"$0.004 per 10,000 GET and all other requests",Amazon Simple Storage Service,Storage,us-east-1,11353890204,arn:aws:s3:::prod-image-layers,bucket,ZWQ6Q48CRJXX4FXE,35150000,Requests
2024-09-24T08:00:00.000Z,2024-09-24T09:00:00.000Z,USD,30.06,30.06,Usage,"$0.004 per 10,000 GET and all other requests",Amazon Simple Storage Service,Storage,us-east-1,11353890204,arn:aws:s3:::prod-image-layers,bucket,ZWQ6Q48CRJXX4FXE,75150000,Requests
2024-09-24T09:00:00.000Z,2024-09-24T10:00:00.000Z,USD,23.03,23.03,Usage,"$0.004 per 10,000 GET and all other requests",Amazon Simple Storage Service,Storage,us-east-1,11353890204,arn:aws:s3:::prod-image-layers,bucket,ZWQ6Q48CRJXX4FXE,57575000,Requests
2024-09-24T10:00:00.000Z,2024-09-24T11:00:00.000Z,USD,21.5,21.5,Usage,"$0.004 per 10,000 GET and all other requests",Amazon Simple Storage Service,Storage,us-east-1,11353890204,arn:aws:s3:::prod-image-layers,bucket,ZWQ6Q48CRJXX4FXE,53750000,Requests
2024-09-24T11:00:00.000Z,2024-09-24T12:00:00.000Z,USD,30.4,30.4,Usage,"$0.004 per 10,000 GET and all other requests",Amazon Simple Storage Service,Storage,us-east-1,11353890204,arn:aws:s3:::prod-image-layers,bucket,ZWQ6Q48CRJXX4FXE,76000000,Requests
2024-09-24T12:00:00.000Z,2024-09-24T13:00:00.000Z,USD,26.4,26.4,Usage,"$0.004 per 10,000 GET and all other requests",Amazon Simple Storage Service,Storage,us-east-1,11353890204,arn:aws:s3:::prod-image-layers,bucket,ZWQ6Q48CRJXX4FXE,66000000,Requests
2024-09-24T13:00:00.000Z,2024-09-24T14:00:00.000Z,USD,25.76,25.76,Usage,"$0.004 per 10,000 GET and all other requests",Amazon Simple Storage Service,Storage,us-east-1,11353890204,arn:aws:s3:::prod-image-layers,bucket,ZWQ6Q48CRJXX4FXE,64400000,Requests
2024-09-24T14:00:00.000Z,2024-09-24T15:00:00.000Z,USD,13.17,13.17,Usage,"$0.004 per 10,000 GET and all other requests",Amazon Simple Storage Service,Storage,us-east-1,11353890204,arn:aws:s3:::prod-image-layers,bucket,ZWQ6Q48CRJXX4FXE,32925000,Requests
2024-09-24T15:00:00.000Z,2024-09-24T16:00:00.000Z,USD,23.68,23.68,Usage,"$0.004 per 10,000 GET and all other requests",Amazon Simple Storage Service,Storage,us-east-1,11353890204,arn:aws:s3:::prod-image-layers,bucket,ZWQ6Q48CRJXX4FXE,59200000,Requests
2024-09-24T16:00:00.000Z,2024-09-24T17:00:00.000Z,USD,23.61,23.61,Usage,"$0.004 per 10,000 GET and all other requests",Amazon Simple Storage Service,Storage,us-east-1,11353890204,arn:aws:s3:::prod-image-layers,bucket,ZWQ6Q48CRJXX4FXE,59025000,Requests
2024-09-24T17:00:00.000Z,2024-09-24T18:00:00.000Z,USD,33.15,33.15,Usage,"$0.004 per 10,000 GET and all other requests",Amazon Simple Storage Service,Storage,us-east-1,11353890204,arn:aws:s3:::prod-image-layers,bucket,ZWQ6Q48CRJXX4FXE,82875000,Requests
2024-09-24T18:00:00.000Z,2024-09-24T19:00:00.000Z,USD,22.12,22.12,Usage,"$0.004 per 10,000 GET and all other requests",Amazon Simple Storage Service,Storage,us-east-1,11353890204,arn:aws:s3:::prod-image-layers,bucket,ZWQ6Q48CRJXX4FXE,55300000,Requests
2024-09-24T19:00:00.000Z,2024-09-24T20:00:00.000Z,USD,21.56,21.56,Usage,"$0.004 per 10,000 GET and all other requests",Amazon Simple Storage Service,Storage,us-east-1,11353890204,arn:aws:s3:::prod-image-layers,bucket,ZWQ6Q48CRJXX4FXE,53900000,Requests
2024-09-24T20:00:00.000Z,2024-09-24T21:00:00.000Z,USD,16.71,16.71,Usage,"$0.004 per 10,000 GET and all other requests",Amazon Simple Storage Service,Storage,us-east-1,11353890204,arn:aws:s3:::prod-image-layers,bucket,ZWQ6Q48CRJXX4FXE,41775000,Requests
2024-09-24T21:00:00.000Z,2024-09-24T22:00:00.000Z,USD,12.54,12.54,Usage,"$0.004 per 10,000 GET and all other requests",Amazon Simple Storage Service,Storage,us-east-1,11353890204,arn:aws:s3:::prod-image-layers,bucket,ZWQ6Q48CRJXX4FXE,31350000,Requests
2024-09-24T22:00:00.000Z,2024-09-24T23:00:00.000Z,USD,14.28,14.28,Usage,"$0.004 per 10,000 GET and all other requests",Amazon Simple Storage Service,Storage,us-east-1,11353890204,arn:aws:s3:::prod-image-layers,bucket,ZWQ6Q48CRJXX4FXE,35700000,Requests
2024-09-24T23:00:00.000Z,2024-09-25T00:00:00.000Z,USD,10.33,10.33,Usage,"$0.004 per 10,000 GET and all other requests",Amazon Simple Storage Service,Storage,us-east-1,11353890204,arn:aws:s3:::prod-image-layers,bucket,ZWQ6Q48CRJXX4FXE,25825000,Requests
2024-09-25T00:00:00.000Z,2024-09-25T01:00:00.000Z,USD,10.13,10.13,Usage,"$0.004 per 10,000 GET and all other requests",Amazon Simple Storage Service,Storage,us-east-1,11353890204,arn:aws:s3:::prod-image-layers,bucket,ZWQ6Q48CRJXX4FXE,25325000,Requests
2024-09-25T01:00:00.000Z,2024-09-25T02:00:00.000Z,USD,11.13,11.13,Usage,"$0.004 per 10,000 GET and all other requests",Amazon Simple Storage Service,Storage,us-east-1,11353890204,arn:aws:s3:::prod-image-layers,bucket,ZWQ6Q48CRJXX4FXE,27825000,Requests
2024-09-25T02:00:00.000Z,2024-09-25T03:00:00.000Z,USD,16.49,16.49,Usage,"$0.004 per 10,000 GET and all other requests",Amazon Simple Storage Service,Storage,us-east-1,11353890204,arn:aws:s3:::prod-image-layers,bucket,ZWQ6Q48CRJXX4FXE,41225000,Requests
2024-09-25T03:00:00.000Z,2024-09-25T04:00:00.000Z,USD,15.46,15.46,Usage,"$0.004 per 10,000 GET and all other requests",Amazon Simple Storage Service,Storage,us-east-1,11353890204,arn:aws:s3:::prod-image-layers,bucket,ZWQ6Q48CRJXX4FXE,38650000,Requests
2024-09-25T04:00:00.000Z,2024-09-25T05:00:00.000Z,USD,14.73,14.73,Usage,"$0.004 per 10,000 GET and all other requests",Amazon Simple Storage Service,Storage,us-east-1,11353890204,arn:aws:s3:::prod-image-layers,bucket,ZWQ6Q48CRJXX4FXE,36825000,Requests
2024-09-25T05:00:00.000Z,2024-09-25T06:00:00.000Z,USD,6.68,6.68,Usage,"$0.004 per 10,000 GET and all other requests",Amazon Simple Storage Service,Storage,us-east-1,11353890204,arn:aws:s3:::prod-image-layers,bucket,ZWQ6Q48CRJXX4FXE,16700000,Requests
2024-09-25T06:00:00.000Z,2024-09-25T07:00:00.000Z,USD,11.99,11.99,Usage,"$0.004 per 10,000 GET and all other requests",Amazon Simple Storage Service,Storage,us-east-1,11353890204,arn:aws:s3:::prod-image-layers,bucket,ZWQ6Q48CRJXX4FXE,29975000,Requests
2024-09-25T07:00:00.000Z,2024-09-25T08:00:00.000Z,USD,9.35,9.35,Usage,"$0.004 per 10,000 GET and all other requests",Amazon Simple Storage Service,Storage,us-east-1,11353890204,arn:aws:s3:::prod-image-layers,bucket,ZWQ6Q48CRJXX4FXE,23375000,Requests
2024-09-25T08:00:00.000Z,2024-09-25T09:00:00.000Z,USD,33.35,33.35,Usage,"$0.004 per 10,000 GET and all other requests",Amazon Simple Storage Service,Storage,us-east-1,11353890204,arn:aws:s3:::prod-image-layers,bucket,ZWQ6Q48CRJXX4FXE,83375000,Requests
2024-09-25T09:00:00.000Z,2024-09-25T10:00:00.000Z,USD,20.64,20.64,Usage,"$0.004 per 10,000 GET and all other requests",Amazon Simple Storage Service,Storage,us-east-1,11353890204,arn:aws:s3:::prod-image-layers,bucket,ZWQ6Q48CRJXX4FXE,51600000,Requests
2024-09-25T10:00:00.000Z,2024-09-25T11:00:00.000Z,USD,15.97,15.97,Usage,"$0.004 per 10,000 GET and all other requests",Amazon Simple Storage Service,Storage,us-east-1,11353890204,arn:aws:s3:::prod-image-layers,bucket,ZWQ6Q48CRJXX4FXE,39925000,Requests
2024-09-25T11:00:00.000Z,2024-09-25T12:00:00.000Z,USD,27.84,27.84,Usage,"$0.004 per 10,000 GET and all other requests",Amazon Simple Storage Service,Storage,us-east-1,11353890204,arn:aws:s3:::prod-image-layers,bucket,ZWQ6Q48CRJXX4FXE,69600000,Requests
2024-09-25T12:00:00.000Z,2024-09-25T13:00:00.000Z,USD,24.6,24.6,Usage,"$0.004 per 10,000 GET and all other requests",Amazon Simple Storage Service,Storage,us-east-1,11353890204,arn:aws:s3:::prod-image-layers,bucket,ZWQ6Q48CRJXX4FXE,61500000,Requests
2024-09-25T13:00:00.000Z,2024-09-25T14:00:00.000Z,USD,29.36,29.36,Usage,"$0.004 per 10,000 GET and all other requests",Amazon Simple Storage Service,Storage,us-east-1,11353890204,arn:aws:s3:::prod-image-layers,bucket,ZWQ6Q48CRJXX4FXE,73400000,Requests
2024-09-25T14:00:00.000Z,2024-09-25T15:00:00.000Z,USD,27.47,27.47,Usage,"$0.004 per 10,000 GET and all other requests",Amazon Simple Storage Service,Storage,us-east-1,11353890204,arn:aws:s3:::prod-image-layers,bucket,ZWQ6Q48CRJXX4FXE,68675000,Requests
2024-09-25T15:00:00.000Z,2024-09-25T16:00:00.000Z,USD,32.85,32.85,Usage,"$0.004 per 10,000 GET and all other requests",Amazon Simple Storage Service,Storage,us-east-1,11353890204,arn:aws:s3:::prod-image-layers,bucket,ZWQ6Q48CRJXX4FXE,82125000,Requests
2024-09-25T16:00:00.000Z,2024-09-25T17:00:00.000Z,USD,18.22,18.22,Usage,"$0.004 per 10,000 GET and all other requests",Amazon Simple Storage Service,Storage,us-east-1,11353890204,arn:aws:s3:::prod-image-layers,bucket,ZWQ6Q48CRJXX4FXE,45550000,Requests
2024-09-25T17:00:00.000Z,2024-09-25T18:00:00.000Z,USD,30.3,30.3,Usage,"$0.004 per 10,000 GET and all other requests",Amazon Simple Storage Service,Storage,us-east-1,11353890204,arn:aws:s3:::prod-image-layers,bucket,ZWQ6Q48CRJXX4FXE,75750000,Requests
2024-09-25T18:00:00.000Z,2024-09-25T19:00:00.000Z,USD,16.6,16.6,Usage,"$0.004 per 10,000 GET and all other requests",Amazon Simple Storage Service,Storage,us-east-1,11353890204,arn:aws:s3:::prod-image-layers,bucket,ZWQ6Q48CRJXX4FXE,41500000,Requests
2024-09-25T19:00:00.000Z,2024-09-25T20:00:00.000Z,USD,16.18,16.18,Usage,"$0.004 per 10,000 GET and all other requests",Amazon Simple Storage Service,Storage,us-east-1,11353890204,arn:aws:s3:::prod-image-layers,bucket,ZWQ6Q48CRJXX4FXE,40450000,Requests
2024-09-25T20:00:00.000Z,2024-09-25T21:00:00.000Z,USD,14.56,14.56,Usage,"$0.004 per 10,000 GET and all other requests",Amazon Simple Storage Service,Storage,us-east-1,11353890204,arn:aws:s3:::prod-image-layers,bucket,ZWQ6Q48CRJXX4FXE,36400000,Requests
2024-09-25T21:00:00.000Z,2024-09-25T22:00:00.000Z,USD,11.86,11.86,Usage,"$0.004 per 10,000 GET and all other requests",Amazon Simple Storage Service,Storage,us-east-1,11353890204,arn:aws:s3:::prod-image-layers,bucket,ZWQ6Q48CRJXX4FXE,29650000,Requests
2024-09-25T22:00:00.000Z,2024-09-25T23:00:00.000Z,USD,9.39,9.39,Usage,"$0.004 per 10,000 GET and all other requests",Amazon Simple Storage Service,Storage,us-east-1,11353890204,arn:aws:s3:::prod-image-layers,bucket,ZWQ6Q48CRJXX4FXE,23475000,Requests
2024-09-25T23:00:00.000Z,2024-09-26T00:00:00.000Z,USD,12.31,12.31,Usage,"$0.004 per 10,000 GET and all other requests",Amazon Simple Storage Service,Storage,us-east-1,11353890204,arn:aws:s3:::prod-image-layers,bucket,ZWQ6Q48CRJXX4FXE,30775000,Requests
2024-09-26T00:00:00.000Z,2024-09-26T01:00:00.000Z,USD,18.51,18.51,Usage,"$0.004 per 10,000 GET and all other requests",Amazon Simple Storage Service,Storage,us-east-1,11353890204,arn:aws:s3:::prod-image-layers,bucket,ZWQ6Q48CRJXX4FXE,46275000,Requests
2024-09-26T01:00:00.000Z,2024-09-26T02:00:00.000Z,USD,6.81,6.81,Usage,"$0.004 per 10,000 GET and all other requests",Amazon Simple Storage Service,Storage,us-east-1,11353890204,arn:aws:s3:::prod-image-layers,bucket,ZWQ6Q48CRJXX4FXE,17025000,Requests
2024-09-26T02:00:00.000Z,2024-09-26T03:00:00.000Z,USD,8.04,8.04,Usage,"$0.004 per 10,000 GET and all other requests",Amazon Simple Storage Service,Storage,us-east-1,11353890204,arn:aws:s3:::prod-image-layers,bucket,ZWQ6Q48CRJXX4FXE,20100000,Requests
2024-09-26T03:00:00.000Z,2024-09-26T04:00:00.000Z,USD,17.58,17.58,Usage,"$0.004 per 10,000 GET and all other requests",Amazon Simple Storage Service,Storage,us-east-1,11353890204,arn:aws:s3:::prod-image-layers,bucket,ZWQ6Q48CRJXX4FXE,43950000,Requests
2024-09-26T04:00:00.000Z,2024-09-26T05:00:00.000Z,USD,12.16,12.16,Usage,"$0.004 per 10,000 GET and all other requests",Amazon Simple Storage Service,Storage,us-east-1,11353890204,arn:aws:s3:::prod-image-layers,bucket,ZWQ6Q48CRJXX4FXE,30400000,Requests
2024-09-26T05:00:00.000Z,2024-09-26T06:00:00.000Z,USD,16.27,16.27,Usage,"$0.004 per 10,000 GET and all other requests",Amazon Simple Storage Service,Storage,us-east-1,11353890204,arn:aws:s3:::prod-image-layers,bucket,ZWQ6Q48CRJXX4FXE,40675000,Requests
2024-09-26T06:00:00.000Z,2024-09-26T07:00:00.000Z,USD,13.1,13.1,Usage,"$0.004 per 10,000 GET and all other requests",Amazon Simple Storage Service,Storage,us-east-1,11353890204,arn:aws:s3:::prod-image-layers,bucket,ZWQ6Q48CRJXX4FXE,32750000,Requests
2024-09-26T07:00:00.000Z,2024-09-26T08:00:00.000Z,USD,14.76,14.76,Usage,"$0.004 per 10,000 GET and all other requests",Amazon Simple Storage Service,Storage,us-east-1,11353890204,arn:aws:s3:::prod-image-layers,bucket,ZWQ6Q48CRJXX4FXE,36900000,Requests
2024-09-26T08:00:00.000Z,2024-09-26T09:00:00.000Z,USD,22.02,22.02,Usage,"$0.004 per 10,000 GET and all other requests",Amazon Simple Storage Service,Storage,us-east-1,11353890204,arn:aws:s3:::prod-image-layers,bucket,ZWQ6Q48CRJXX4FXE,55050000,Requests
2024-09-26T09:00:00.000Z,2024-09-26T10:00:00.000Z,USD,23.02,23.02,Usage,"$0.004 per 10,000 GET and all other requests",Amazon Simple Storage Service,Storage,us-east-1,11353890204,arn:aws:s3:::prod-image-layers,bucket,ZWQ6Q48CRJXX4FXE,57550000,Requests
2024-09-26T10:00:00.000Z,2024-09-26T11:00:00.000Z,USD,14.05,14.05,Usage,"$0.004 per 10,000 GET and all other requests",Amazon Simple Storage Service,Storage,us-east-1,11353890204,arn:aws:s3:::prod-image-layers,bucket,ZWQ6Q48CRJXX4FXE,35125000,Requests
2024-09-26T11:00:00.000Z,2024-09-26T12:00:00.000Z,USD,28.88,28.88,Usage,"$0.004 per 10,000 GET and all other requests",Amazon Simple Storage Service,Storage,us-east-1,11353890204,arn:aws:s3:::prod-image-layers,bucket,ZWQ6Q48CRJXX4FXE,72200000,Requests
2024-09-26T12:00:00.000Z,2024-09-26T13:00:00.000Z,USD,14.23,14.23,Usage,"$0.004 per 10,000 GET and all other requests",Amazon Simple Storage Service,Storage,us-east-1,11353890204,arn:aws:s3:::prod-image-layers,bucket,ZWQ6Q48CRJXX4FXE,35575000,Requests
2024-09-26T13:00:00.000Z,2024-09-26T14:00:00.000Z,USD,26.94,26.94,Usage,"$0.004 per 10,000 GET and all other requests",Amazon Simple Storage Service,Storage,us-east-1,11353890204,arn:aws:s3:::prod-image-layers,bucket,ZWQ6Q48CRJXX4FXE,67350000,Requests
2024-09-26T14:00:00.000Z,2024-09-26T15:00:00.000Z,USD,21.22,21.22,Usage,"$0.004 per 10,000 GET and all other requests",Amazon Simple Storage Service,Storage,us-east-1,11353890204,arn:aws:s3:::prod-image-layers,bucket,ZWQ6Q48CRJXX4FXE,53050000,Requests
2024-09-26T15:00:00.000Z,2024-09-26T16:00:00.000Z,USD,15.42,15.42,Usage,"$0.004 per 10,000 GET and all other requests",Amazon Simple Storage Service,Storage,us-east-1,11353890204,arn:aws:s3:::prod-image-layers,bucket,ZWQ6Q48CRJXX4FXE,38550000,Requests
2024-09-26T16:00:00.000Z,2024-09-26T17:00:00.000Z,USD,34.63,34.63,Usage,"$0.004 per 10,000 GET and all other requests",Amazon Simple Storage Service,Storage,us-east-1,11353890204,arn:aws:s3:::prod-image-layers,bucket,ZWQ6Q48CRJXX4FXE,86575000,Requests
2024-09-26T17:00:00.000Z,2024-09-26T18:00:00.000Z,USD,17.61,17.61,Usage,"$0.004 per 10,000 GET and all other requests",Amazon Simple Storage Service,Storage,us-east-1,11353890204,arn:aws:s3:::prod-image-layers,bucket,ZWQ6Q48CRJXX4FXE,44025000,Requests
2024-09-26T18:00:00.000Z,2024-09-26T19:00:00.000Z,USD,17.05,17.05,Usage,"$0.004 per 10,000 GET and all other requests",Amazon Simple Storage Service,Storage,us-east-1,11353890204,arn:aws:s3:::prod-image-layers,bucket,ZWQ6Q48CRJXX4FXE,42625000,Requests
2024-09-26T19:00:00.000Z,2024-09-26T20:00:00.000Z,USD,27.86,27.86,Usage,"$0.004 per 10,000 GET and all other requests",Amazon Simple Storage Service,Storage,us-east-1,11353890204,arn:aws:s3:::prod-image-layers,bucket,ZWQ6Q48CRJXX4FXE,69650000,Requests
2024-09-26T20:00:00.000Z,2024-09-26T21:00:00.000Z,USD,11.39,11.39,Usage,"$0.004 per 10,000 GET and all other requests",Amazon Simple Storage Service,Storage,us-east-1,11353890204,arn:aws:s3:::prod-image-layers,bucket,ZWQ6Q48CRJXX4FXE,28475000,Requests
2024-09-26T21:00:00.000Z,2024-09-26T22:00:00.000Z,USD,16.76,16.76,Usage,"$0.004 per 10,000 GET and all other requests",Amazon Simple Storage Service,Storage,us-east-1,11353890204,arn:aws:s3:::prod-image-layers,bucket,ZWQ6Q48CRJXX4FXE,41900000,Requests
2024-09-26T22:00:00.000Z,2024-09-26T23:00:00.000Z,USD,9.2,9.2,Usage,"$0.004 per 10,000 GET and all other requests",Amazon Simple Storage Service,Storage,us-east-1,11353890204,arn:aws:s3:::prod-image-layers,bucket,ZWQ6Q48CRJXX4FXE,23000000,Requests
2024-09-26T23:00:00.000Z,2024-09-27T00:00:00.000Z,USD,10.04,10.04,Usage,"$0.004 per 10,000 GET and all other requests",Amazon Simple Storage Service,Storage,us-east-1,11353890204,arn:aws:s3:::prod-image-layers,bucket,ZWQ6Q48CRJXX4FXE,25100000,Requests
2024-09-27T00:00:00.000Z,2024-09-27T01:00:00.000Z,USD,13.61,13.61,Usage,"$0.004 per 10,000 GET and all other requests",Amazon Simple Storage Service,Storage,us-east-1,11353890204,arn:aws:s3:::prod-image-layers,bucket,ZWQ6Q48CRJXX4FXE,34025000,Requests
2024-09-27T01:00:00.000Z,2024-09-27T02:00:00.000Z,USD,13.89,13.89,Usage,"$0.004 per 10,000 GET and all other requests",Amazon Simple Storage Service,Storage,us-east-1,11353890204,arn:aws:s3:::prod-image-layers,bucket,ZWQ6Q48CRJXX4FXE,34725000,Requests
2024-09-27T02:00:00.000Z,2024-09-27T03:00:00.000Z,USD,7.67,7.67,Usage,"$0.004 per 10,000 GET and all other requests",Amazon Simple Storage Service,Storage,us-east-1,11353890204,arn:aws:s3:::prod-image-layers,bucket,ZWQ6Q48CRJXX4FXE,19175000,Requests
2024-09-27T03:00:00.000Z,2024-09-27T04:00:00.000Z,USD,9.91,9.91,Usage,"$0.004 per 10,000 GET and all other requests",Amazon Simple Storage Service,Storage,us-east-1,11353890204,arn:aws:s3:::prod-image-layers,bucket,ZWQ6Q48CRJXX4FXE,24775000,Requests
2024-09-27T04:00:00.000Z,2024-09-27T05:00:00.000Z,USD,15.73,15.73,Usage,"$0.004 per 10,000 GET and all other requests",Amazon Simple Storage Service,Storage,us-east-1,11353890204,arn:aws:s3:::prod-image-layers,bucket,ZWQ6Q48CRJXX4FXE,39325000,Requests
2024-09-27T05:00:00.000Z,2024-09-27T06:00:00.000Z,USD,9.84,9.84,Usage,"$0.004 per 10,000 GET and all other requests",Amazon Simple Storage Service,Storage,us-east-1,11353890204,arn:aws:s3:::prod-image-layers,bucket,ZWQ6Q48CRJXX4FXE,24600000,Requests
2024-09-27T06:00:00.000Z,2024-09-27T07:00:00.000Z,USD,12.66,12.66,Usage,"$0.004 per 10,000 GET and all other requests",Amazon Simple Storage Service,Storage,us-east-1,11353890204,arn:aws:s3:::prod-image-layers,bucket,ZWQ6Q48CRJXX4FXE,31650000,Requests
2024-09-27T07:00:00.000Z,2024-09-27T08:00:00.000Z,USD,10.79,10.79,Usage,"$0.004 per 10,000 GET and all other requests",Amazon Simple Storage Service,Storage,us-east-1,11353890204,arn:aws:s3:::prod-image-layers,bucket,ZWQ6Q48CRJXX4FXE,26975000,Requests
2024-09-27T08:00:00.000Z,2024-09-27T09:00:00.000Z,USD,21.42,21.42,Usage,"$0.004 per 10,000 GET and all other requests",Amazon Simple Storage Service,Storage,us-east-1,11353890204,arn:aws:s3:::prod-image-layers,bucket,ZWQ6Q48CRJXX4FXE,53550000,Requests
2024-09-27T09:00:00.000Z,2024-09-27T10:00:00.000Z,USD,28.21,28.21,Usage,"$0.004 per 10,000 GET and all other requests",Amazon Simple Storage Service,Storage,us-east-1,11353890204,arn:aws:s3:::prod-image-layers,bucket,ZWQ6Q48CRJXX4FXE,70525000,Requests
2024-09-27T10:00:00.000Z,2024-09-27T11:00:00.000Z,USD,24.37,24.37,Usage,"$0.004 per 10,000 GET and all other requests",Amazon Simple Storage Service,Storage,us-east-1,11353890204,arn:aws:s3:::prod-image-layers,bucket,ZWQ6Q48CRJXX4FXE,60925000,Requests
2024-09-27T11:00:00.000Z,2024-09-27T12:00:00.000Z,USD,18.51,18.51,Usage,"$0.004 per 10,000 GET and all other requests",Amazon Simple Storage Service,Storage,us-east-1,11353890204,arn:aws:s3:::prod-image-layers,bucket,ZWQ6Q48CRJXX4FXE,46275000,Requests
2024-09-27T12:00:00.000Z,2024-09-27T13:00:00.000Z,USD,20.63,20.63,Usage,"$0.004 per 10,000 GET and all other requests",Amazon Simple Storage Service,Storage,us-east-1,11353890204,arn:aws:s3:::prod-image-layers,bucket,ZWQ6Q48CRJXX4FXE,51575000,Requests
2024-09-27T13:00:00.000Z,2024-09-27T14:00:00.000Z,USD,21.18,21.18,Usage,"$0.004 per 10,000 GET and all other requests",Amazon Simple Storage Service,Storage,us-east-1,11353890204,arn:aws:s3:::prod-image-layers,bucket,ZWQ6Q48CRJXX4FXE,52950000,Requests
2024-09-27T14:00:00.000Z,2024-09-27T15:00:00.000Z,USD,14.53,14.53,Usage,"$0.004 per 10,000 GET and all other requests",Amazon Simple Storage Service,Storage,us-east-1,11353890204,arn:aws:s3:::prod-image-layers,bucket,ZWQ6Q48CRJXX4FXE,36325000,Requests
2024-09-27T15:00:00.000Z,2024-09-27T16:00:00.000Z,USD,15.44,15.44,Usage,"$0.004 per 10,000 GET and all other requests",Amazon Simple Storage Service,Storage,us-east-1,11353890204,arn:aws:s3:::prod-image-layers,bucket,ZWQ6Q48CRJXX4FXE,38600000,Requests
2024-09-27T16:00:00.000Z,2024-09-27T17:00:00.000Z,USD,13.93,13.93,Usage,"$0.004 per 10,000 GET and all other requests",Amazon Simple Storage Service,Storage,us-east-1,11353890204,arn:aws:s3:::prod-image-layers,bucket,ZWQ6Q48CRJXX4FXE,34825000,Requests
2024-09-27T17:00:00.000Z,2024-09-27T18:00:00.000Z,USD,31.08,31.08,Usage,"$0.004 per 10,000 GET and all other requests",Amazon Simple Storage Service,Storage,us-east-1,11353890204,arn:aws:s3:::prod-image-layers,bucket,ZWQ6Q48CRJXX4FXE,77700000,Requests
2024-09-27T18:00:00.000Z,2024-09-27T19:00:00.000Z,USD,21.22,21.22,Usage,"$0.004 per 10,000 GET and all other requests",Amazon Simple Storage Service,Storage,us-east-1,11353890204,arn:aws:s3:::prod-image-layers,bucket,ZWQ6Q48CRJXX4FXE,53050000,Requests
2024-09-27T19:00:00.000Z,2024-09-27T20:00:00.000Z,USD,26.82,26.82,Usage,"$0.004 per 10,000 GET and all other requests",Amazon Simple Storage Service,Storage,us-east-1,11353890204,arn:aws:s3:::prod-image-layers,bucket,ZWQ6Q48CRJXX4FXE,67050000,Requests
2024-09-27T20:00:00.000Z,2024-09-27T21:00:00.000Z,USD,7.31,7.31,Usage,"$0.004 per 10,000 GET and all other requests",Amazon Simple Storage Service,Storage,us-east-1,11353890204,arn:aws:s3:::prod-image-layers,bucket,ZWQ6Q48CRJXX4FXE,18275000,Requests
2024-09-27T21:00:00.000Z,2024-09-27T22:00:00.000Z,USD,9.19,9.19,Usage,"$0.004 per 10,000 GET and all other requests",Amazon Simple Storage Service,Storage,us-east-1,11353890204,arn:aws:s3:::prod-image-layers,bucket,ZWQ6Q48CRJXX4FXE,22975000,Requests
2024-09-27T22:00:00.000Z,2024-09-27T23:00:00.000Z,USD,12.32,12.32,Usage,"$0.004 per 10,000 GET and all other requests",Amazon Simple Storage Service,Storage,us-east-1,11353890204,arn:aws:s3:::prod-image-layers,bucket,ZWQ6Q48CRJXX4FXE,30800000,Requests
2024-09-27T23:00:00.000Z,2024-09-28T00:00:00.000Z,USD,15.64,15.64,Usage,"$0.004 per 10,000 GET and all other requests",Amazon Simple Storage Service,Storage,us-east-1,11353890204,arn:aws:s3:::prod-image-layers,bucket,ZWQ6Q48CRJXX4FXE,39100000,Requests
2024-09-28T00:00:00.000Z,2024-09-28T01:00:00.000Z,USD,7.57,7.57,Usage,"$0.004 per 10,000 GET and all other requests",Amazon Simple Storage Service,Storage,us-east-1,11353890204,arn:aws:s3:::prod-image-layers,bucket,ZWQ6Q48CRJXX4FXE,18925000,Requests
2024-09-28T01:00:00.000Z,2024-09-28T02:00:00.000Z,USD,5.7,5.7,Usage,"$0.004 per 10,000 GET and all other requests",Amazon Simple Storage Service,Storage,us-east-1,11353890204,arn:aws:s3:::prod-image-layers,bucket,ZWQ6Q48CRJXX4FXE,14250000,Requests
2024-09-28T02:00:00.000Z,2024-09-28T03:00:00.000Z,USD,11.31,11.31,Usage,"$0.004 per 10,000 GET and all other requests",Amazon Simple Storage Service,Storage,us-east-1,11353890204,arn:aws:s3:::prod-image-layers,bucket,ZWQ6Q48CRJXX4FXE,28275000,Requests
2024-09-28T03:00:00.000Z,2024-09-28T04:00:00.000Z,USD,8.28,8.28,Usage,"$0.004 per 10,000 GET and all other requests",Amazon Simple Storage Service,Storage,us-east-1,11353890204,arn:aws:s3:::prod-image-layers,bucket,ZWQ6Q48CRJXX4FXE,20700000,Requests
2024-09-28T04:00:00.000Z,2024-09-28T05:00:00.000Z,USD,9.33,9.33,Usage,"$0.004 per 10,000 GET and all other requests",Amazon Simple Storage Service,Storage,us-east-1,11353890204,arn:aws:s3:::prod-image-layers,bucket,ZWQ6Q48CRJXX4FXE,23325000,Requests
2024-09-28T05:00:00.000Z,2024-09-28T06:00:00.000Z,USD,13.23,13.23,Usage,"$0.004 per 10,000 GET and all other requests",Amazon Simple Storage Service,Storage,us-east-1,11353890204,arn:aws:s3:::prod-image-layers,bucket,ZWQ6Q48CRJXX4FXE,33075000,Requests
2024-09-28T06:00:00.000Z,2024-09-28T07:00:00.000Z,USD,7.16,7.16,Usage,"$0.004 per 10,000 GET and all other requests",Amazon Simple Storage Service,Storage,us-east-1,11353890204,arn:aws:s3:::prod-image-layers,bucket,ZWQ6Q48CRJXX4FXE,17900000,Requests
2024-09-28T07:00:00.000Z,2024-09-28T08:00:00.000Z,USD,12.87,12.87,Usage,"$0.004 per 10,000 GET and all other requests",Amazon Simple Storage Service,Storage,us-east-1,11353890204,arn:aws:s3:::prod-image-layers,bucket,ZWQ6Q48CRJXX4FXE,32175000,Requests
2024-09-28T08:00:00.000Z,2024-09-28T09:00:00.000Z,USD,11.36,11.36,Usage,"$0.004 per 10,000 GET and all other requests",Amazon Simple Storage Service,Storage,us-east-1,11353890204,arn:aws:s3:::prod-image-layers,bucket,ZWQ6Q48CRJXX4FXE,28400000,Requests
2024-09-28T09:00:00.000Z,2024-09-28T10:00:00.000Z,USD,4.74,4.74,Usage,"$0.004 per 10,000 GET and all other requests",Amazon Simple Storage Service,Storage,us-east-1,11353890204,arn:aws:s3:::prod-image-layers,bucket,ZWQ6Q48CRJXX4FXE,11850000,Requests
2024-09-28T10:00:00.000Z,2024-09-28T11:00:00.000Z,USD,4.62,4.62,Usage,"$0.004 per 10,000 GET and all other requests",Amazon Simple Storage Service,Storage,us-east-1,11353890204,arn:aws:s3:::prod-image-layers,bucket,ZWQ6Q48CRJXX4FXE,11550000,Requests
2024-09-28T11:00:00.000Z,2024-09-28T12:00:00.000Z,USD,12.65,12.65,Usage,"$0.004 per 10,000 GET and all other requests",Amazon Simple Storage Service,Storage,us-east-1,11353890204,arn:aws:s3:::prod-image-layers,bucket,ZWQ6Q48CRJXX4FXE,31625000,Requests
2024-09-28T12:00:00.000Z,2024-09-28T13:00:00.000Z,USD,9.65,9.65,Usage,"$0.004 per 10,000 GET and all other requests",Amazon Simple Storage Service,Storage,us-east-1,11353890204,arn:aws:s3:::prod-image-layers,bucket,ZWQ6Q48CRJXX4FXE,24125000,Requests
2024-09-28T13:00:00.000Z,2024-09-28T14:00:00.000Z,USD,12.97,12.97,Usage,"$0.004 per 10,000 GET and all other requests",Amazon Simple Storage Service,Storage,us-east-1,11353890204,arn:aws:s3:::prod-image-layers,bucket,ZWQ6Q48CRJXX4FXE,32425000,Requests
2024-09-28T14:00:00.000Z,2024-09-28T15:00:00.000Z,USD,11.43,11.43,Usage,"$0.004 per 10,000 GET and all other requests",Amazon Simple Storage Service,Storage,us-east-1,11353890204,arn:aws:s3:::prod-image-layers,bucket,ZWQ6Q48CRJXX4FXE,28575000,Requests
2024-09-28T15:00:00.000Z,2024-09-28T16:00:00.000Z,USD,5.79,5.79,Usage,"$0.004 per 10,000 GET and all other requests",Amazon Simple Storage Service,Storage,us-east-1,11353890204,arn:aws:s3:::prod-image-layers,bucket,ZWQ6Q48CRJXX4FXE,14475000,Requests
2024-09-28T16:00:00.000Z,2024-09-28T17:00:00.000Z,USD,8.74,8.74,Usage,"$0.004 per 10,000 GET and all other requests",Amazon Simple Storage Service,Storage,us-east-1,11353890204,arn:aws:s3:::prod-image-layers,bucket,ZWQ6Q48CRJXX4FXE,21850000,Requests
2024-09-28T17:00:00.000Z,2024-09-28T18:00:00.000Z,USD,8.57,8.57,Usage,"$0.004 per 10,000 GET and all other requests",Amazon Simple Storage Service,Storage,us-east-1,11353890204,arn:aws:s3:::prod-image-layers,bucket,ZWQ6Q48CRJXX4FXE,21425000,Requests
2024-09-28T18:00:00.000Z,2024-09-28T19:00:00.000Z,USD,5.26,5.26,Usage,"$0.004 per 10,000 GET and all other requests",Amazon Simple Storage Service,Storage,us-east-1,11353890204,arn:aws:s3:::prod-image-layers,bucket,ZWQ6Q48CRJXX4FXE,13150000,Requests
2024-09-28T19:00:00.000Z,2024-09-28T20:00:00.000Z,USD,11.39,11.39,Usage,"$0.004 per 10,000 GET and all other requests",Amazon Simple Storage Service,Storage,us-east-1,11353890204,arn:aws:s3:::prod-image-layers,bucket,ZWQ6Q48CRJXX4FXE,28475000,Requests
2024-09-28T20:00:00.000Z,2024-09-28T21:00:00.000Z,USD,10.53,10.53,Usage,"$0.004 per 10,000 GET and all other requests",Amazon Simple Storage Service,Storage,us-east-1,11353890204,arn:aws:s3:::prod-image-layers,bucket,ZWQ6Q48CRJXX4FXE,26325000,Requests
2024-09-28T21:00:00.000Z,2024-09-28T22:00:00.000Z,USD,4.92,4.92,Usage,"$0.004 per 10,000 GET and all other requests",Amazon Simple Storage Service,Storage,us-east-1,11353890204,arn:aws:s3:::prod-image-layers,bucket,ZWQ6Q48CRJXX4FXE,12300000,Requests
2024-09-28T22:00:00.000Z,2024-09-28T23:00:00.000Z,USD,5.27,5.27,Usage,"$0.004 per 10,000 GET and all other requests",Amazon Simple Storage Service,Storage,us-east-1,11353890204,arn:aws:s3:::prod-image-layers,bucket,ZWQ6Q48CRJXX4FXE,13175000,Requests
2024-09-28T23:00:00.000Z,2024-09-29T00:00:00.000Z,USD,11.45,11.45,Usage,"$0.004 per 10,000 GET and all other requests",Amazon Simple Storage Service,Storage,us-east-1,11353890204,arn:aws:s3:::prod-image-layers,bucket,ZWQ6Q48CRJXX4FXE,28625000,Requests
2024-09-01T00:00:00.000Z,2024-09-01T01:00:00.000Z,USD,5.68,5.68,Usage,"USD 0.10 per hour per vCPU running RDS Extended Support for MySQL 5.7 in Year 1, Year 2",Amazon Relational Database Service,Databases,us-west-2,46124420288,,,TB3JHXC6ZCYSVN98,56.8,vCPU-Hours
2024-09-01T01:00:00.000Z,2024-09-01T02:00:00.000Z,USD,8.19,8.19,Usage,"USD 0.10 per hour per vCPU running RDS Extended Support for MySQL 5.7 in Year 1, Year 2",Amazon Relational Database Service,Databases,us-west-2,46124420288,,,TB3JHXC6ZCYSVN98,81.9,vCPU-Hours
2024-09-01T02:00:00.000Z,2024-09-01T03:00:00.000Z,USD,10.37,10.37,Usage,"USD 0.10 per hour per vCPU running RDS Extended Support for MySQL 5.7 in Year 1, Year 2",Amazon Relational Database Service,Databases,us-west-2,46124420288,,,TB3JHXC6ZCYSVN98,103.7,vCPU-Hours
2024-09-01T03:00:00.000Z,2024-09-01T04:00:00.000Z,USD,6.25,6.25,Usage,"USD 0.10 per hour per vCPU running RDS Extended Support for MySQL 5.7 in Year 1, Year 2",Amazon Relational Database Service,Databases,us-west-2,46124420288,,,TB3JHXC6ZCYSVN98,62.5,vCPU-Hours
2024-09-01T04:00:00.000Z,2024-09-01T05:00:00.000Z,USD,3.52,3.52,Usage,"USD 0.10 per hour per vCPU running RDS Extended Support for MySQL 5.7 in Year 1, Year 2",Amazon Relational Database Service,Databases,us-west-2,46124420288,,,TB3JHXC6ZCYSVN98,35.2,vCPU-Hours
2024-09-01T05:00:00.000Z,2024-09-01T06:00:00.000Z,USD,4.46,4.46,Usage,"USD 0.10 per hour per vCPU running RDS Extended Support for MySQL 5.7 in Year 1, Year 2",Amazon Relational Database Service,Databases,us-west-2,46124420288,,,TB3JHXC6ZCYSVN98,44.6,vCPU-Hours
2024-09-01T06:00:00.000Z,2024-09-01T07:00:00.000Z,USD,6.26,6.26,Usage,"USD 0.10 per hour per vCPU running RDS Extended Support for MySQL 5.7 in Year 1, Year 2",Amazon Relational Database Service,Databases,us-west-2,46124420288,,,TB3JHXC6ZCYSVN98,62.6,vCPU-Hours
2024-09-01T07:00:00.000Z,2024-09-01T08:00:00.000Z,USD,9.35,9.35,Usage,"USD 0.10 per hour per vCPU running RDS Extended Support for MySQL 5.7 in Year 1, Year 2",Amazon Relational Database Service,Databases,us-west-2,46124420288,,,TB3JHXC6ZCYSVN98,93.5,vCPU-Hours
2024-09-01T08:00:00.000Z,2024-09-01T09:00:00.000Z,USD,4.73,4.73,Usage,"USD 0.10 per hour per vCPU running RDS Extended Support for MySQL 5.7 in Year 1, Year 2",Amazon Relational Database Service,Databases,us-west-2,46124420288,,,TB3JHXC6ZCYSVN98,47.3,vCPU-Hours
2024-09-01T09:00:00.000Z,2024-09-01T10:00:00.000Z,USD,8.97,8.97,Usage,"USD 0.10 per hour per vCPU running RDS Extended Support for MySQL 5.7 in Year 1, Year 2",Amazon Relational Database Service,Databases,us-west-2,46124420288,,,TB3JHXC6ZCYSVN98,89.7,vCPU-Hours
2024-09-01T10:00:00.000Z,2024-09-01T11:00:00.000Z,USD,4.2,4.2,Usage,"USD 0.10 per hour per vCPU running RDS Extended Support for MySQL 5.7 in Year 1, Year 2",Amazon Relational Database Service,Databases,us-west-2,46124420288,,,TB3JHXC6ZCYSVN98,42,vCPU-Hours
2024-09-01T11:00:00.000Z,2024-09-01T12:00:00.000Z,USD,6.14,6.14,Usage,"USD 0.10 per hour per vCPU running RDS Extended Support for MySQL 5.7 in Year 1, Year 2",Amazon Relational Database Service,Databases,us-west-2,46124420288,,,TB3JHXC6ZCYSVN98,61.4,vCPU-Hours
2024-09-01T12:00:00.000Z,2024-09-01T13:00:00.000Z,USD,5.13,5.13,Usage,"USD 0.10 per hour per vCPU running RDS Extended Support for MySQL 5.7 in Year 1, Year 2",Amazon Relational Database Service,Databases,us-west-2,46124420288,,,TB3JHXC6ZCYSVN98,51.3,vCPU-Hours
2024-09-01T13:00:00.000Z,2024-09-01T14:00:00.000Z,USD,9.4,9.4,Usage,"USD 0.10 per hour per vCPU running RDS Extended Support for MySQL 5.7 in Year 1, Year 2",Amazon Relational Database Service,Databases,us-west-2,46124420288,,,TB3JHXC6ZCYSVN98,94,vCPU-Hours
2024-09-01T14:00:00.000Z,2024-09-01T15:00:00.000Z,USD,4.43,4.43,Usage,"USD 0.10 per hour per vCPU running RDS Extended Support for MySQL 5.7 in Year 1, Year 2",Amazon Relational Database Service,Databases,us-west-2,46124420288,,,TB3JHXC6ZCYSVN98,44.3,vCPU-Hours
2024-09-01T15:00:00.000Z,2024-09-01T16:00:00.000Z,USD,7.09,7.09,Usage,"USD 0.10 per hour per vCPU running RDS Extended Support for MySQL 5.7 in Year 1, Year 2",Amazon Relational Database Service,Databases,us-west-2,46124420288,,,TB3JHXC6ZCYSVN98,70.9,vCPU-Hours
2024-09-01T16:00:00.000Z,2024-09-01T17:00:00.000Z,USD,8.46,8.46,Usage,"USD 0.10 per hour per vCPU running RDS Extended Support for MySQL 5.7 in Year 1, Year 2",Amazon Relational Database Service,Databases,us-west-2,46124420288,,,TB3JHXC6ZCYSVN98,84.6,vCPU-Hours
2024-09-01T17:00:00.000Z,2024-09-01T18:00:00.000Z,USD,7.08,7.08,Usage,"USD 0.10 per hour per vCPU running RDS Extended Support for MySQL 5.7 in Year 1, Year 2",Amazon Relational Database Service,Databases,us-west-2,46124420288,,,TB3JHXC6ZCYSVN98,70.8,vCPU-Hours
2024-09-01T18:00:00.000Z,2024-09-01T19:00:00.000Z,USD,5.84,5.84,Usage,"USD 0.10 per hour per vCPU running RDS Extended Support for MySQL 5.7 in Year 1, Year 2",Amazon Relational Database Service,Databases,us-west-2,46124420288,,,TB3JHXC6ZCYSVN98,58.4,vCPU-Hours
2024-09-01T19:00:00.000Z,2024-09-01T20:00:00.000Z,USD,7.18,7.18,Usage,"USD 0.10 per hour per vCPU running RDS Extended Support for MySQL 5.7 in Year 1, Year 2",Amazon Relational Database Service,Databases,us-west-2,46124420288,,,TB3JHXC6ZCYSVN98,71.8,vCPU-Hours
2024-09-01T20:00:00.000Z,2024-09-01T21:00:00.000Z,USD,5.01,5.01,Usage,"USD 0.10 per hour per vCPU running RDS Extended Support for MySQL 5.7 in Year 1, Year 2",Amazon Relational Database Service,Databases,us-west-2,46124420288,,,TB3JHXC6ZCYSVN98,50.1,vCPU-Hours
2024-09-01T21:00:00.000Z,2024-09-01T22:00:00.000Z,USD,5.65,5.65,Usage,"USD 0.10 per hour per vCPU running RDS Extended Support for MySQL 5.7 in Year 1, Year 2",Amazon Relational Database Service,Databases,us-west-2,46124420288,,,TB3JHXC6ZCYSVN98,56.5,vCPU-Hours
2024-09-01T22:00:00.000Z,2024-09-01T23:00:00.000Z,USD,7.92,7.92,Usage,"USD 0.10 per hour per vCPU running RDS Extended Support for MySQL 5.7 in Year 1, Year 2",Amazon Relational Database Service,Databases,us-west-2,46124420288,,,TB3JHXC6ZCYSVN98,79.2,vCPU-Hours
2024-09-01T23:00:00.000Z,2024-09-02T00:00:00.000Z,USD,5.32,5.32,Usage,"USD 0.10 per hour per vCPU running RDS Extended Support for MySQL 5.7 in Year 1, Year 2",Amazon Relational Database Service,Databases,us-west-2,46124420288,,,TB3JHXC6ZCYSVN98,53.2,vCPU-Hours
2024-09-02T00:00:00.000Z,2024-09-02T01:00:00.000Z,USD,6.03,6.03,Usage,"USD 0.10 per hour per vCPU running RDS Extended Support for MySQL 5.7 in Year 1, Year 2",Amazon Relational Database Service,Databases,us-west-2,46124420288,,,TB3JHXC6ZCYSVN98,60.3,vCPU-Hours
2024-09-02T01:00:00.000Z,2024-09-02T02:00:00.000Z,USD,10.3,10.3,Usage,"USD 0.10 per hour per vCPU running RDS Extended Support for MySQL 5.7 in Year 1, Year 2",Amazon Relational Database Service,Databases,us-west-2,46124420288,,,TB3JHXC6ZCYSVN98,103,vCPU-Hours
2024-09-02T02:00:00.000Z,2024-09-02T03:00:00.000Z,USD,9.09,9.09,Usage,"USD 0.10 per hour per vCPU running RDS Extended Support for MySQL 5.7 in Year 1, Year 2",Amazon Relational Database Service,Databases,us-west-2,46124420288,,,TB3JHXC6ZCYSVN98,90.9,vCPU-Hours
2024-09-02T03:00:00.000Z,2024-09-02T04:00:00.000Z,USD,11.35,11.35,Usage,"USD 0.10 per hour per vCPU running RDS Extended Support for MySQL 5.7 in Year 1, Year 2",Amazon Relational Database Service,Databases,us-west-2,46124420288,,,TB3JHXC6ZCYSVN98,113.5,vCPU-Hours
2024-09-02T04:00:00.000Z,2024-09-02T05:00:00.000Z,USD,6.17,6.17,Usage,"USD 0.10 per hour per vCPU running RDS Extended Support for MySQL 5.7 in Year 1, Year 2",Amazon Relational Database Service,Databases,us-west-2,46124420288,,,TB3JHXC6ZCYSVN98,61.7,vCPU-Hours
2024-09-02T05:00:00.000Z,2024-09-02T06:00:00.000Z,USD,9.35,9.35,Usage,"USD 0.10 per hour per vCPU running RDS Extended Support for MySQL 5.7 in Year 1, Year 2",Amazon Relational Database Service,Databases,us-west-2,46124420288,,,TB3JHXC6ZCYSVN98,93.5,vCPU-Hours
2024-09-02T06:00:00.000Z,2024-09-02T07:00:00.000Z,USD,11.26,11.26,Usage,"USD 0.10 per hour per vCPU running RDS Extended Support for MySQL 5.7 in Year 1, Year 2",Amazon Relational Database Service,Databases,us-west-2,46124420288,,,TB3JHXC6ZCYSVN98,112.6,vCPU-Hours
2024-09-02T07:00:00.000Z,2024-09-02T08:00:00.000Z,USD,13.56,13.56,Usage,"USD 0.10 per hour per vCPU running RDS Extended Support for MySQL 5.7 in Year 1, Year 2",Amazon Relational Database Service,Databases,us-west-2,46124420288,,,TB3JHXC6ZCYSVN98,135.6,vCPU-Hours
2024-09-02T08:00:00.000Z,2024-09-02T09:00:00.000Z,USD,27.02,27.02,Usage,"USD 0.10 per hour per vCPU running RDS Extended Support for MySQL 5.7 in Year 1, Year 2",Amazon Relational Database Service,Databases,us-west-2,46124420288,,,TB3JHXC6ZCYSVN98,270.2,vCPU-Hours
2024-09-02T09:00:00.000Z,2024-09-02T10:00:00.000Z,USD,24.26,24.26,Usage,"USD 0.10 per hour per vCPU running RDS Extended Support for MySQL 5.7 in Year 1, Year 2",Amazon Relational Database Service,Databases,us-west-2,46124420288,,,TB3JHXC6ZCYSVN98,242.6,vCPU-Hours
2024-09-02T10:00:00.000Z,2024-09-02T11:00:00.000Z,USD,15.86,15.86,Usage,"USD 0.10 per hour per vCPU running RDS Extended Support for MySQL 5.7 in Year 1, Year 2",Amazon Relational Database Service,Databases,us-west-2,46124420288,,,TB3JHXC6ZCYSVN98,158.6,vCPU-Hours
2024-09-02T11:00:00.000Z,2024-09-02T12:00:00.000Z,USD,14.29,14.29,Usage,"USD 0.10 per hour per vCPU running RDS Extended Support for MySQL 5.7 in Year 1, Year 2",Amazon Relational Database Service,Databases,us-west-2,46124420288,,,TB3JHXC6ZCYSVN98,142.9,vCPU-Hours
2024-09-02T12:00:00.000Z,2024-09-02T13:00:00.000Z,USD,23.5,23.5,Usage,"USD 0.10 per hour per vCPU running RDS Extended Support for MySQL 5.7 in Year 1, Year 2",Amazon Relational Database Service,Databases,us-west-2,46124420288,,,TB3JHXC6ZCYSVN98,235,vCPU-Hours
2024-09-02T13:00:00.000Z,2024-09-02T14:00:00.000Z,USD,22.09,22.09,Usage,"USD 0.10 per hour per vCPU running RDS Extended Support for MySQL 5.7 in Year 1, Year 2",Amazon Relational Database Service,Databases,us-west-2,46124420288,,,TB3JHXC6ZCYSVN98,220.9,vCPU-Hours
2024-09-02T14:00:00.000Z,2024-09-02T15:00:00.000Z,USD,13.95,13.95,Usage,"USD 0.10 per hour per vCPU running RDS Extended Support for MySQL 5.7 in Year 1, Year 2",Amazon Relational Database Service,Databases,us-west-2,46124420288,,,TB3JHXC6ZCYSVN98,139.5,vCPU-Hours
2024-09-02T15:00:00.000Z,2024-09-02T16:00:00.000Z,USD,9.15,9.15,Usage,"USD 0.10 per hour per vCPU running RDS Extended Support for MySQL 5.7 in Year 1, Year 2",Amazon Relational Database Service,Databases,us-west-2,46124420288,,,TB3JHXC6ZCYSVN98,91.5,vCPU-Hours
2024-09-02T16:00:00.000Z,2024-09-02T17:00:00.000Z,USD,20.85,20.85,Usage,"USD 0.10 per hour per vCPU running RDS Extended Support for MySQL 5.7 in Year 1, Year 2",Amazon Relational Database Service,Databases,us-west-2,46124420288,,,TB3JHXC6ZCYSVN98,208.5,vCPU-Hours
2024-09-02T17:00:00.000Z,2024-09-02T18:00:00.000Z,USD,14.09,14.09,Usage,"USD 0.10 per hour per vCPU running RDS Extended Support for MySQL 5.7 in Year 1, Year 2",Amazon Relational Database Service,Databases,us-west-2,46124420288,,,TB3JHXC6ZCYSVN98,140.9,vCPU-Hours
2024-09-02T18:00:00.000Z,2024-09-02T19:00:00.000Z,USD,27.08,27.08,Usage,"USD 0.10 per hour per vCPU running RDS Extended Support for MySQL 5.7 in Year 1, Year 2",Amazon Relational Database Service,Databases,us-west-2,46124420288,,,TB3JHXC6ZCYSVN98,270.8,vCPU-Hours
2024-09-02T19:00:00.000Z,2024-09-02T20:00:00.000Z,USD,10.21,10.21,Usage,"USD 0.10 per hour per vCPU running RDS Extended Support for MySQL 5.7 in Year 1, Year 2",Amazon Relational Database Service,Databases,us-west-2,46124420288,,,TB3JHXC6ZCYSVN98,102.1,vCPU-Hours
2024-09-02T20:00:00.000Z,2024-09-02T21:00:00.000Z,USD,4.97,4.97,Usage,"USD 0.10 per hour per vCPU running RDS Extended Support for MySQL 5.7 in Year 1, Year 2",Amazon Relational Database Service,Databases,us-west-2,46124420288,,,TB3JHXC6ZCYSVN98,49.7,vCPU-Hours
2024-09-02T21:00:00.000Z,2024-09-02T22:00:00.000Z,USD,8.08,8.08,Usage,"USD 0.10 per hour per vCPU running RDS Extended Support for MySQL 5.7 in Year 1, Year 2",Amazon Relational Database Service,Databases,us-west-2,46124420288,,,TB3JHXC6ZCYSVN98,80.8,vCPU-Hours
2024-09-02T22:00:00.000Z,2024-09-02T23:00:00.000Z,USD,5.06,5.06,Usage,"USD 0.10 per hour per vCPU running RDS Extended Support for MySQL 5.7 in Year 1, Year 2",Amazon Relational Database Service,Databases,us-west-2,46124420288,,,TB3JHXC6ZCYSVN98,50.6,vCPU-Hours
2024-09-02T23:00:00.000Z,2024-09-03T00:00:00.000Z,USD,5.48,5.48,Usage,"USD 0.10 per hour per vCPU running RDS Extended Support for MySQL 5.7 in Year 1, Year 2",Amazon Relational Database Service,Databases,us-west-2,46124420288,,,TB3JHXC6ZCYSVN98,54.8,vCPU-Hours
2024-09-03T00:00:00.000Z,2024-09-03T01:00:00.000Z,USD,11.28,11.28,Usage,"USD 0.10 per hour per vCPU running RDS Extended Support for MySQL 5.7 in Year 1, Year 2",Amazon Relational Database Service,Databases,us-west-2,46124420288,,,TB3JHXC6ZCYSVN98,112.8,vCPU-Hours
2024-09-03T01:00:00.000Z,2024-09-03T02:00:00.000Z,USD,12.33,12.33,Usage,"USD 0.10 per hour per vCPU running RDS Extended Support for MySQL 5.7 in Year 1, Year 2",Amazon Relational Database Service,Databases,us-west-2,46124420288,,,TB3JHXC6ZCYSVN98,123.3,vCPU-Hours
2024-09-03T02:00:00.000Z,2024-09-03T03:00:00.000Z,USD,8.43,8.43,Usage,"USD 0.10 per hour per vCPU running RDS Extended Support for MySQL 5.7 in Year 1, Year 2",Amazon Relational Database Service,Databases,us-west-2,46124420288,,,TB3JHXC6ZCYSVN98,84.3,vCPU-Hours
2024-09-03T03:00:00.000Z,2024-09-03T04:00:00.000Z,USD,7.02,7.02,Usage,"USD 0.10 per hour per vCPU running RDS Extended Support for MySQL 5.7 in Year 1, Year 2",Amazon Relational Database Service,Databases,us-west-2,46124420288,,,TB3JHXC6ZCYSVN98,70.2,vCPU-Hours
2024-09-03T04:00:00.000Z,2024-09-03T05:00:00.000Z,USD,7.72,7.72,Usage,"USD 0.10 per hour per vCPU running RDS Extended Support for MySQL 5.7 in Year 1, Year 2",Amazon Relational Database Service,Databases,us-west-2,46124420288,,,TB3JHXC6ZCYSVN98,77.2,vCPU-Hours
2024-09-03T05:00:00.000Z,2024-09-03T06:00:00.000Z,USD,8.62,8.62,Usage,"USD 0.10 per hour per vCPU running RDS Extended Support for MySQL 5.7 in Year 1, Year 2",Amazon Relational Database Service,Databases,us-west-2,46124420288,,,TB3JHXC6ZCYSVN98,86.2,vCPU-Hours
2024-09-03T06:00:00.000Z,2024-09-03T07:00:00.000Z,USD,12.39,12.39,Usage,"USD 0.10 per hour per vCPU running RDS Extended Support for MySQL 5.7 in Year 1, Year 2",Amazon Relational Database Service,Databases,us-west-2,46124420288,,,TB3JHXC6ZCYSVN98,123.9,vCPU-Hours
2024-09-03T07:00:00.000Z,2024-09-03T08:00:00.000Z,USD,4.94,4.94,Usage,"USD 0.10 per hour per vCPU running RDS Extended Support for MySQL 5.7 in Year 1, Year 2",Amazon Relational Database Service,Databases,us-west-2,46124420288,,,TB3JHXC6ZCYSVN98,49.4,vCPU-Hours
2024-09-03T08:00:00.000Z,2024-09-03T09:00:00.000Z,USD,12.88,12.88,Usage,"USD 0.10 per hour per vCPU running RDS Extended Support for MySQL 5.7 in Year 1, Year 2",Amazon Relational Database Service,Databases,us-west-2,46124420288,,,TB3JHXC6ZCYSVN98,128.8,vCPU-Hours
2024-09-03T09:00:00.000Z,2024-09-03T10:00:00.000Z,USD,14.11,14.11,Usage,"USD 0.10 per hour per vCPU running RDS Extended Support for MySQL 5.7 in Year 1, Year 2",Amazon Relational Database Service,Databases,us-west-2,46124420288,,,TB3JHXC6ZCYSVN98,141.1,vCPU-Hours
2024-09-03T10:00:00.000Z,2024-09-03T11:00:00.000Z,USD,18.16,18.16,Usage,"USD 0.10 per hour per vCPU running RDS Extended Support for MySQL 5.7 in Year 1, Year 2",Amazon Relational Database Service,Databases,us-west-2,46124420288,,,TB3JHXC6ZCYSVN98,181.6,vCPU-Hours
2024-09-03T11:00:00.000Z,2024-09-03T12:00:00.000Z,USD,11.65,11.65,Usage,"USD 0.10 per hour per vCPU running RDS Extended Support for MySQL 5.7 in Year 1, Year 2",Amazon Relational Database Service,Databases,us-west-2,46124420288,,,TB3JHXC6ZCYSVN98,116.5,vCPU-Hours
2024-09-03T12:00:00.000Z,2024-09-03T13:00:00.000Z,USD,20.4,20.4,Usage,"USD 0.10 per hour per vCPU running RDS Extended Support for MySQL 5.7 in Year 1, Year 2",Amazon Relational Database Service,Databases,us-west-2,46124420288,,,TB3JHXC6ZCYSVN98,204,vCPU-Hours
2024-09-03T13:00:00.000Z,2024-09-03T14:00:00.000Z,USD,12.27,12.27,Usage,"USD 0.10 per hour per vCPU running RDS Extended Support for MySQL 5.7 in Year 1, Year 2",Amazon Relational Database Service,Databases,us-west-2,46124420288,,,TB3JHXC6ZCYSVN98,122.7,vCPU-Hours
2024-09-03T14:00:00.000Z,2024-09-03T15:00:00.000Z,USD,15.08,15.08,Usage,"USD 0.10 per hour per vCPU running RDS Extended Support for MySQL 5.7 in Year 1, Year 2",Amazon Relational Database Service,Databases,us-west-2,46124420288,,,TB3JHXC6ZCYSVN98,150.8,vCPU-Hours
2024-09-03T15:00:00.000Z,2024-09-03T16:00:00.000Z,USD,17.07,17.07,Usage,"USD 0.10 per hour per vCPU running RDS Extended Support for MySQL 5.7 in Year 1, Year 2",Amazon Relational Database Service,Databases,us-west-2,46124420288,,,TB3JHXC6ZCYSVN98,170.7,vCPU-Hours
2024-09-03T16:00:00.000Z,2024-09-03T17:00:00.000Z,USD,24.98,24.98,Usage,"USD 0.10 per hour per vCPU running RDS Extended Support for MySQL 5.7 in Year 1, Year 2",Amazon Relational Database Service,Databases,us-west-2,46124420288,,,TB3JHXC6ZCYSVN98,249.8,vCPU-Hours
2024-09-03T17:00:00.000Z,2024-09-03T18:00:00.000Z,USD,21.36,21.36,Usage,"USD 0.10 per hour per vCPU running RDS Extended Support for MySQL 5.7 in Year 1, Year 2",Amazon Relational Database Service,Databases,us-west-2,46124420288,,,TB3JHXC6ZCYSVN98,213.6,vCPU-Hours
2024-09-03T18:00:00.000Z,2024-09-03T19:00:00.000Z,USD,15.52,15.52,Usage,"USD 0.10 per hour per vCPU running RDS Extended Support for MySQL 5.7 in Year 1, Year 2",Amazon Relational Database Service,Databases,us-west-2,46124420288,,,TB3JHXC6ZCYSVN98,155.2,vCPU-Hours
2024-09-03T19:00:00.000Z,2024-09-03T20:00:00.000Z,USD,18.76,18.76,Usage,"USD 0.10 per hour per vCPU running RDS Extended Support for MySQL 5.7 in Year 1, Year 2",Amazon Relational Database Service,Databases,us-west-2,46124420288,,,TB3JHXC6ZCYSVN98,187.6,vCPU-Hours
2024-09-03T20:00:00.000Z,2024-09-03T21:00:00.000Z,USD,9.7,9.7,Usage,"USD 0.10 per hour per vCPU running RDS Extended Support for MySQL 5.7 in Year 1, Year 2",Amazon Relational Database Service,Databases,us-west-2,46124420288,,,TB3JHXC6ZCYSVN98,97,vCPU-Hours
2024-09-03T21:00:00.000Z,2024-09-03T22:00:00.000Z,USD,9.58,9.58,Usage,"USD 0.10 per hour per vCPU running RDS Extended Support for MySQL 5.7 in Year 1, Year 2",Amazon Relational Database Service,Databases,us-west-2,46124420288,,,TB3JHXC6ZCYSVN98,95.8,vCPU-Hours
2024-09-03T22:00:00.000Z,2024-09-03T23:00:00.000Z,USD,6.48,6.48,Usage,"USD 0.10 per hour per vCPU running RDS Extended Support for MySQL 5.7 in Year 1, Year 2",Amazon Relational Database Service,Databases,us-west-2,46124420288,,,TB3JHXC6ZCYSVN98,64.8,vCPU-Hours
2024-09-03T23:00:00.000Z,2024-09-04T00:00:00.000Z,USD,6,6,Usage,"USD 0.10 per hour per vCPU running RDS Extended Support for MySQL 5.7 in Year 1, Year 2",Amazon Relational Database Service,Databases,us-west-2,46124420288,,,TB3JHXC6ZCYSVN98,60,vCPU-Hours
2024-09-04T00:00:00.000Z,2024-09-04T01:00:00.000Z,USD,9.31,9.31,Usage,"USD 0.10 per hour per vCPU running RDS Extended Support for MySQL 5.7 in Year 1, Year 2",Amazon Relational Database Service,Databases,us-west-2,46124420288,,,TB3JHXC6ZCYSVN98,93.1,vCPU-Hours
2024-09-04T01:00:00.000Z,2024-09-04T02:00:00.000Z,USD,13.33,13.33,Usage,"USD 0.10 per hour per vCPU running RDS Extended Support for MySQL 5.7 in Year 1, Year 2",Amazon Relational Database Service,Databases,us-west-2,46124420288,,,TB3JHXC6ZCYSVN98,133.3,vCPU-Hours
2024-09-04T02:00:00.000Z,2024-09-04T03:00:00.000Z,USD,13.86,13.86,Usage,"USD 0.10 per hour per vCPU running RDS Extended Support for MySQL 5.7 in Year 1, Year 2",Amazon Relational Database Service,Databases,us-west-2,46124420288,,,TB3JHXC6ZCYSVN98,138.6,vCPU-Hours
2024-09-04T03:00:00.000Z,2024-09-04T04:00:00.000Z,USD,14.13,14.13,Usage,"USD 0.10 per hour per vCPU running RDS Extended Support for MySQL 5.7 in Year 1, Year 2",Amazon Relational Database Service,Databases,us-west-2,46124420288,,,TB3JHXC6ZCYSVN98,141.3,vCPU-Hours
2024-09-04T04:00:00.000Z,2024-09-04T05:00:00.000Z,USD,11.27,11.27,Usage,"USD 0.10 per hour per vCPU running RDS Extended Support for MySQL 5.7 in Year 1, Year 2",Amazon Relational Database Service,Databases,us-west-2,46124420288,,,TB3JHXC6ZCYSVN98,112.7,vCPU-Hours
2024-09-04T05:00:00.000Z,2024-09-04T06:00:00.000Z,USD,12.23,12.23,Usage,"USD 0.10 per hour per vCPU running RDS Extended Support for MySQL 5.7 in Year 1, Year 2",Amazon Relational Database Service,Databases,us-west-2,46124420288,,,TB3JHXC6ZCYSVN98,122.3,vCPU-Hours
2024-09-04T06:00:00.000Z,2024-09-04T07:00:00.000Z,USD,10.44,10.44,Usage,"USD 0.10 per hour per vCPU running RDS Extended Support for MySQL 5.7 in Year 1, Year 2",Amazon Relational Database Service,Databases,us-west-2,46124420288,,,TB3JHXC6ZCYSVN98,104.4,vCPU-Hours
2024-09-04T07:00:00.000Z,2024-09-04T08:00:00.000Z,USD,9.97,9.97,Usage,"USD 0.10 per hour per vCPU running RDS Extended Support for MySQL 5.7 in Year 1, Year 2",Amazon Relational Database Service,Databases,us-west-2,46124420288,,,TB3JHXC6ZCYSVN98,99.7,vCPU-Hours
2024-09-04T08:00:00.000Z,2024-09-04T09:00:00.000Z,USD,23.61,23.61,Usage,"USD 0.10 per hour per vCPU running RDS Extended Support for MySQL 5.7 in Year 1, Year 2",Amazon Relational Database Service,Databases,us-west-2,46124420288,,,TB3JHXC6ZCYSVN98,236.1,vCPU-Hours
2024-09-04T09:00:00.000Z,2024-09-04T10:00:00.000Z,USD,20.17,20.17,Usage,"USD 0.10 per hour per vCPU running RDS Extended Support for MySQL 5.7 in Year 1, Year 2",Amazon Relational Database Service,Databases,us-west-2,46124420288,,,TB3JHXC6ZCYSVN98,201.7,vCPU-Hours
2024-09-04T10:00:00.000Z,2024-09-04T11:00:00.000Z,USD,20.61,20.61,Usage,"USD 0.10 per hour per vCPU running RDS Extended Support for MySQL 5.7 in Year 1, Year 2",Amazon Relational Database Service,Databases,us-west-2,46124420288,,,TB3JHXC6ZCYSVN98,206.1,vCPU-Hours
2024-09-04T11:00:00.000Z,2024-09-04T12:00:00.000Z,USD,13.7,13.7,Usage,"USD 0.10 per hour per vCPU running RDS Extended Support for MySQL 5.7 in Year 1, Year 2",Amazon Relational Database Service,Databases,us-west-2,46124420288,,,TB3JHXC6ZCYSVN98,137,vCPU-Hours
2024-09-04T12:00:00.000Z,2024-09-04T13:00:00.000Z,USD,18.56,18.56,Usage,"USD 0.10 per hour per vCPU running RDS Extended Support for MySQL 5.7 in Year 1, Year 2",Amazon Relational Database Service,Databases,us-west-2,46124420288,,,TB3JHXC6ZCYSVN98,185.6,vCPU-Hours
2024-09-04T13:00:00.000Z,2024-09-04T14:00:00.000Z,USD,9.58,9.58,Usage,"USD 0.10 per hour per vCPU running RDS Extended Support for MySQL 5.7 in Year 1, Year 2",Amazon Relational Database Service,Databases,us-west-2,46124420288,,,TB3JHXC6ZCYSVN98,95.8,vCPU-Hours
2024-09-04T14:00:00.000Z,2024-09-04T15:00:00.000Z,USD,9.77,9.77,Usage,"USD 0.10 per hour per vCPU running RDS Extended Support for MySQL 5.7 in Year 1, Year 2",Amazon Relational Database Service,Databases,us-west-2,46124420288,,,TB3JHXC6ZCYSVN98,97.7,vCPU-Hours
2024-09-04T15:00:00.000Z,2024-09-04T16:00:00.000Z,USD,20.1,20.1,Usage,"USD 0.10 per hour per vCPU running RDS Extended Support for MySQL 5.7 in Year 1, Year 2",Amazon Relational Database Service,Databases,us-west-2,46124420288,,,TB3JHXC6ZCYSVN98,201,vCPU-Hours
2024-09-04T16:00:00.000Z,2024-09-04T17:00:00.000Z,USD,14.34,14.34,Usage,"USD 0.10 per hour per vCPU running RDS Extended Support for MySQL 5.7 in Year 1, Year 2",Amazon Relational Database Service,Databases,us-west-2,46124420288,,,TB3JHXC6ZCYSVN98,143.4,vCPU-Hours
2024-09-04T17:00:00.000Z,2024-09-04T18:00:00.000Z,USD,19.8,19.8,Usage,"USD 0.10 per hour per vCPU running RDS Extended Support for MySQL 5.7 in Year 1, Year 2",Amazon Relational Database Service,Databases,us-west-2,46124420288,,,TB3JHXC6ZCYSVN98,198,vCPU-Hours
2024-09-04T18:00:00.000Z,2024-09-04T19:00:00.000Z,USD,21.56,21.56,Usage,"USD 0.10 per hour per vCPU running RDS Extended Support for MySQL 5.7 in Year 1, Year 2",Amazon Relational Database Service,Databases,us-west-2,46124420288,,,TB3JHXC6ZCYSVN98,215.6,vCPU-Hours
2024-09-04T19:00:00.000Z,2024-09-04T20:00:00.000Z,USD,16.93,16.93,Usage,"USD 0.10 per hour per vCPU running RDS Extended Support for MySQL 5.7 in Year 1, Year 2",Amazon Relational Database Service,Databases,us-west-2,46124420288,,,TB3JHXC6ZCYSVN98,169.3,vCPU-Hours
2024-09-04T20:00:00.000Z,2024-09-04T21:00:00.000Z,USD,8.13,8.13,Usage,"USD 0.10 per hour per vCPU running RDS Extended Support for MySQL 5.7 in Year 1, Year 2",Amazon Relational Database Service,Databases,us-west-2,46124420288,,,TB3JHXC6ZCYSVN98,81.3,vCPU-Hours
2024-09-04T21:00:00.000Z,2024-09-04T22:00:00.000Z,USD,13.15,13.15,Usage,"USD 0.10 per hour per vCPU running RDS Extended Support for MySQL 5.7 in Year 1, Year 2",Amazon Relational Database Service,Databases,us-west-2,46124420288,,,TB3JHXC6ZCYSVN98,131.5,vCPU-Hours
2024-09-04T22:00:00.000Z,2024-09-04T23:00:00.000Z,USD,6.66,6.66,Usage,"USD 0.10 per hour per vCPU running RDS Extended Support for MySQL 5.7 in Year 1, Year 2",Amazon Relational Database Service,Databases,us-west-2,46124420288,,,TB3JHXC6ZCYSVN98,66.6,vCPU-Hours
2024-09-04T23:00:00.000Z,2024-09-05T00:00:00.000Z,USD,7.31,7.31,Usage,"USD 0.10 per hour per vCPU running RDS Extended Support for MySQL 5.7 in Year 1, Year 2",Amazon Relational Database Service,Databases,us-west-2,46124420288,,,TB3JHXC6ZCYSVN98,73.1,vCPU-Hours
2024-09-05T00:00:00.000Z,2024-09-05T01:00:00.000Z,USD,8.59,8.59,Usage,"USD 0.10 per hour per vCPU running RDS Extended Support for MySQL 5.7 in Year 1, Year 2",Amazon Relational Database Service,Databases,us-west-2,46124420288,,,TB3JHXC6ZCYSVN98,85.9,vCPU-Hours
2024-09-05T01:00:00.000Z,2024-09-05T02:00:00.000Z,USD,12.69,12.69,Usage,"USD 0.10 per hour per vCPU running RDS Extended Support for MySQL 5.7 in Year 1, Year 2",Amazon Relational Database Service,Databases,us-west-2,46124420288,,,TB3JHXC6ZCYSVN98,126.9,vCPU-Hours
2024-09-05T02:00:00.000Z,2024-09-05T03:00:00.000Z,USD,11.87,11.87,Usage,"USD 0.10 per hour per vCPU running RDS Extended Support for MySQL 5.7 in Year 1, Year 2",Amazon Relational Database Service,Databases,us-west-2,46124420288,,,TB3JHXC6ZCYSVN98,118.7,vCPU-Hours
2024-09-05T03:00:00.000Z,2024-09-05T04:00:00.000Z,USD,13.45,13.45,Usage,"USD 0.10 per hour per vCPU running RDS Extended Support for MySQL 5.7 in Year 1, Year 2",Amazon Relational Database Service,Databases,us-west-2,46124420288,,,TB3JHXC6ZCYSVN98,134.5,vCPU-Hours
2024-09-05T04:00:00.000Z,2024-09-05T05:00:00.000Z,USD,7.21,7.21,Usage,"USD 0.10 per hour per vCPU running RDS Extended Support for MySQL 5.7 in Year 1, Year 2",Amazon Relational Database Service,Databases,us-west-2,46124420288,,,TB3JHXC6ZCYSVN98,72.1,vCPU-Hours
2024-09-05T05:00:00.000Z,2024-09-05T06:00:00.000Z,USD,9.59,9.59,Usage,"USD 0.10 per hour per vCPU running RDS Extended Support for MySQL 5.7 in Year 1, Year 2",Amazon Relational Database Service,Databases,us-west-2,46124420288,,,TB3JHXC6ZCYSVN98,95.9,vCPU-Hours
2024-09-05T06:00:00.000Z,2024-09-05T07:00:00.000Z,USD,9.51,9.51,Usage,"USD 0.10 per hour per vCPU running RDS Extended Support for MySQL 5.7 in Year 1, Year 2",Amazon Relational Database Service,Databases,us-west-2,46124420288,,,TB3JHXC6ZCYSVN98,95.1,vCPU-Hours
2024-09-05T07:00:00.000Z,2024-09-05T08:00:00.000Z,USD,7.54,7.54,Usage,"USD 0.10 per hour per vCPU running RDS Extended Support for MySQL 5.7 in Year 1, Year 2",Amazon Relational Database Service,Databases,us-west-2,46124420288,,,TB3JHXC6ZCYSVN98,75.4,vCPU-Hours
2024-09-05T08:00:00.000Z,2024-09-05T09:00:00.000Z,USD,13.51,13.51,Usage,"USD 0.10 per hour per vCPU running RDS Extended Support for MySQL 5.7 in Year 1, Year 2",Amazon Relational Database Service,Databases,us-west-2,46124420288,,,TB3JHXC6ZCYSVN98,135.1,vCPU-Hours
2024-09-05T09:00:00.000Z,2024-09-05T10:00:00.000Z,USD,17.75,17.75,Usage,"USD 0.10 per hour per vCPU running RDS Extended Support for MySQL 5.7 in Year 1, Year 2",Amazon Relational Database Service,Databases,us-west-2,46124420288,,,TB3JHXC6ZCYSVN98,177.5,vCPU-Hours
2024-09-05T10:00:00.000Z,2024-09-05T11:00:00.000Z,USD,23.1,23.1,Usage,"USD 0.10 per hour per vCPU running RDS Extended Support for MySQL 5.7 in Year 1, Year 2",Amazon Relational Database Service,Databases,us-west-2,46124420288,,,TB3JHXC6ZCYSVN98,231,vCPU-Hours
2024-09-05T11:00:00.000Z,2024-09-05T12:00:00.000Z,USD,17.09,17.09,Usage,"USD 0.10 per hour per vCPU running RDS Extended Support for MySQL 5.7 in Year 1, Year 2",Amazon Relational Database Service,Databases,us-west-2,46124420288,,,TB3JHXC6ZCYSVN98,170.9,vCPU-Hours
2024-09-05T12:00:00.000Z,2024-09-05T13:00:00.000Z,USD,19.49,19.49,Usage,"USD 0.10 per hour per vCPU running RDS Extended Support for MySQL 5.7 in Year 1, Year 2",Amazon Relational Database Service,Databases,us-west-2,46124420288,,,TB3JHXC6ZCYSVN98,194.9,vCPU-Hours
2024-09-05T13:00:00.000Z,2024-09-05T14:00:00.000Z,USD,9.61,9.61,Usage,"USD 0.10 per hour per vCPU running RDS Extended Support for MySQL 5.7 in Year 1, Year 2",Amazon Relational Database Service,Databases,us-west-2,46124420288,,,TB3JHXC6ZCYSVN98,96.1,vCPU-Hours
2024-09-05T14:00:00.000Z,2024-09-05T15:00:00.000Z,USD,19.57,19.57,Usage,"USD 0.10 per hour per vCPU running RDS Extended Support for MySQL 5.7 in Year 1, Year 2",Amazon Relational Database Service,Databases,us-west-2,46124420288,,,TB3JHXC6ZCYSVN98,195.7,vCPU-Hours
2024-09-05T15:00:00.000Z,2024-09-05T16:00:00.000Z,USD,21.5,21.5,Usage,"USD 0.10 per hour per vCPU running RDS Extended Support for MySQL 5.7 in Year 1, Year 2",Amazon Relational Database Service,Databases,us-west-2,46124420288,,,TB3JHXC6ZCYSVN98,215,vCPU-Hours
2024-09-05T16:00:00.000Z,2024-09-05T17:00:00.000Z,USD,20.49,20.49,Usage,"USD 0.10 per hour per vCPU running RDS Extended Support for MySQL 5.7 in Year 1, Year 2",Amazon Relational Database Service,Databases,us-west-2,46124420288,,,TB3JHXC6ZCYSVN98,204.9,vCPU-Hours
2024-09-05T17:00:00.000Z,2024-09-05T18:00:00.000Z,USD,10.93,10.93,Usage,"USD 0.10 per hour per vCPU running RDS Extended Support for MySQL 5.7 in Year 1, Year 2",Amazon Relational Database Service,Databases,us-west-2,46124420288,,,TB3JHXC6ZCYSVN98,109.3,vCPU-Hours
2024-09-05T18:00:00.000Z,2024-09-05T19:00:00.000Z,USD,27.12,27.12,Usage,"USD 0.10 per hour per vCPU running RDS Extended Support for MySQL 5.7 in Year 1, Year 2",Amazon Relational Database Service,Databases,us-west-2,46124420288,,,TB3JHXC6ZCYSVN98,271.2,vCPU-Hours
2024-09-05T19:00:00.000Z,2024-09-05T20:00:00.000Z,USD,13.52,13.52,Usage,"USD 0.10 per hour per vCPU running RDS Extended Support for MySQL 5.7 in Year 1, Year 2",Amazon Relational Database Service,Databases,us-west-2,46124420288,,,TB3JHXC6ZCYSVN98,135.2,vCPU-Hours
2024-09-05T20:00:00.000Z,2024-09-05T21:00:00.000Z,USD,7.6,7.6,Usage,"USD 0.10 per hour per vCPU running RDS Extended Support for MySQL 5.7 in Year 1, Year 2",Amazon Relational Database Service,Databases,us-west-2,46124420288,,,TB3JHXC6ZCYSVN98,76,vCPU-Hours
2024-09-05T21:00:00.000Z,2024-09-05T22:00:00.000Z,USD,8.13,8.13,Usage,"USD 0.10 per hour per vCPU running RDS Extended Support for MySQL 5.7 in Year 1, Year 2",Amazon Relational Database Service,Databases,us-west-2,46124420288,,,TB3JHXC6ZCYSVN98,81.3,vCPU-Hours
2024-09-05T22:00:00.000Z,2024-09-05T23:00:00.000Z,USD,10.83,10.83,Usage,"USD 0.10 per hour per vCPU running RDS Extended Support for MySQL 5.7 in Year 1, Year 2",Amazon Relational Database Service,Databases,us-west-2,46124420288,,,TB3JHXC6ZCYSVN98,108.3,vCPU-Hours
2024-09-05T23:00:00.000Z,2024-09-06T00:00:00.000Z,USD,6.67,6.67,Usage,"USD 0.10 per hour per vCPU running RDS Extended Support for MySQL 5.7 in Year 1, Year 2",Amazon Relational Database Service,Databases,us-west-2,46124420288,,,TB3JHXC6ZCYSVN98,66.7,vCPU-Hours
2024-09-06T00:00:00.000Z,2024-09-06T01:00:00.000Z,USD,14.49,14.49,Usage,"USD 0.10 per hour per vCPU running RDS Extended Support for MySQL 5.7 in Year 1, Year 2",Amazon Relational Database Service,Databases,us-west-2,46124420288,,,TB3JHXC6ZCYSVN98,144.9,vCPU-Hours
2024-09-06T01:00:00.000Z,2024-09-06T02:00:00.000Z,USD,11.05,11.05,Usage,"USD 0.10 per hour per vCPU running RDS Extended Support for MySQL 5.7 in Year 1, Year 2",Amazon Relational Database Service,Databases,us-west-2,46124420288,,,TB3JHXC6ZCYSVN98,110.5,vCPU-Hours
2024-09-06T02:00:00.000Z,2024-09-06T03:00:00.000Z,USD,12.32,12.32,Usage,"USD 0.10 per hour per vCPU running RDS Extended Support for MySQL 5.7 in Year 1, Year 2",Amazon Relational Database Service,Databases,us-west-2,46124420288,,,TB3JHXC6ZCYSVN98,123.2,vCPU-Hours
2024-09-06T03:00:00.000Z,2024-09-06T04:00:00.000Z,USD,12.3,12.3,Usage,"USD 0.10 per hour per vCPU running RDS Extended Support for MySQL 5.7 in Year 1, Year 2",Amazon Relational Database Service,Databases,us-west-2,46124420288,,,TB3JHXC6ZCYSVN98,123,vCPU-Hours
2024-09-06T04:00:00.000Z,2024-09-06T05:00:00.000Z,USD,10.97,10.97,Usage,"USD 0.10 per hour per vCPU running RDS Extended Support for MySQL 5.7 in Year 1, Year 2",Amazon Relational Database Service,Databases,us-west-2,46124420288,,,TB3JHXC6ZCYSVN98,109.7,vCPU-Hours
2024-09-06T05:00:00.000Z,2024-09-06T06:00:00.000Z,USD,9.19,9.19,Usage,"USD 0.10 per hour per vCPU running RDS Extended Support for MySQL 5.7 in Year 1, Year 2",Amazon Relational Database Service,Databases,us-west-2,46124420288,,,TB3JHXC6ZCYSVN98,91.9,vCPU-Hours
2024-09-06T06:00:00.000Z,2024-09-06T07:00:00.000Z,USD,5.74,5.74,Usage,"USD 0.10 per hour per vCPU running RDS Extended Support for MySQL 5.7 in Year 1, Year 2",Amazon Relational Database Service,Databases,us-west-2,46124420288,,,TB3JHXC6ZCYSVN98,57.4,vCPU-Hours
2024-09-06T07:00:00.000Z,2024-09-06T08:00:00.000Z,USD,7.53,7.53,Usage,"USD 0.10 per hour per vCPU running RDS Extended Support for MySQL 5.7 in Year 1, Year 2",Amazon Relational Database Service,Databases,us-west-2,46124420288,,,TB3JHXC6ZCYSVN98,75.3,vCPU-Hours
2024-09-06T08:00:00.000Z,2024-09-06T09:00:00.000Z,USD,18.21,18.21,Usage,"USD 0.10 per hour per vCPU running RDS Extended Support for MySQL 5.7 in Year 1, Year 2",Amazon Relational Database Service,Databases,us-west-2,46124420288,,,TB3JHXC6ZCYSVN98,182.1,vCPU-Hours
2024-09-06T09:00:00.000Z,2024-09-06T10:00:00.000Z,USD,11.71,11.71,Usage,"USD 0.10 per hour per vCPU running RDS Extended Support for MySQL 5.7 in Year 1, Year 2",Amazon Relational Database Service,Databases,us-west-2,46124420288,,,TB3JHXC6ZCYSVN98,117.1,vCPU-Hours
2024-09-06T10:00:00.000Z,2024-09-06T11:00:00.000Z,USD,22.39,22.39,Usage,"USD 0.10 per hour per vCPU running RDS Extended Support for MySQL 5.7 in Year 1, Year 2",Amazon Relational Database Service,Databases,us-west-2,46124420288,,,TB3JHXC6ZCYSVN98,223.9,vCPU-Hours
2024-09-06T11:00:00.000Z,2024-09-06T12:00:00.000Z,USD,21.81,21.81,Usage,"USD 0.10 per hour per vCPU running RDS Extended Support for MySQL 5.7 in Year 1, Year 2",Amazon Relational Database Service,Databases,us-west-2,46124420288,,,TB3JHXC6ZCYSVN98,218.1,vCPU-Hours
2024-09-06T12:00:00.000Z,2024-09-06T13:00:00.000Z,USD,12.85,12.85,Usage,"USD 0.10 per hour per vCPU running RDS Extended Support for MySQL 5.7 in Year 1, Year 2",Amazon Relational Database Service,Databases,us-west-2,46124420288,,,TB3JHXC6ZCYSVN98,128.5,vCPU-Hours
2024-09-06T13:00:00.000Z,2024-09-06T14:00:00.000Z,USD,24.21,24.21,Usage,"USD 0.10 per hour per vCPU running RDS Extended Support for MySQL 5.7 in Year 1, Year 2",Amazon Relational Database Service,Databases,us-west-2,46124420288,,,TB3JHXC6ZCYSVN98,242.1,vCPU-Hours
2024-09-06T14:00:00.000Z,2024-09-06T15:00:00.000Z,USD,10.04,10.04,Usage,"USD 0.10 per hour per vCPU running RDS Extended Support for MySQL 5.7 in Year 1, Year 2",Amazon Relational Database Service,Databases,us-west-2,46124420288,,,TB3JHXC6ZCYSVN98,100.4,vCPU-Hours
2024-09-06T15:00:00.000Z,2024-09-06T16:00:00.000Z,USD,18.72,18.72,Usage,"USD 0.10 per hour per vCPU running RDS Extended Support for MySQL 5.7 in Year 1, Year 2",Amazon Relational Database Service,Databases,us-west-2,46124420288,,,TB3JHXC6ZCYSVN98,187.2,vCPU-Hours
2024-09-06T16:00:00.000Z,2024-09-06T17:00:00.000Z,USD,10.04,10.04,Usage,"USD 0.10 per hour per vCPU running RDS Extended Support for MySQL 5.7 in Year 1, Year 2",Amazon Relational Database Service,Databases,us-west-2,46124420288,,,TB3JHXC6ZCYSVN98,100.4,vCPU-Hours
2024-09-06T17:00:00.000Z,2024-09-06T18:00:00.000Z,USD,24.94,24.94,Usage,"USD 0.10 per hour per vCPU running RDS Extended Support for MySQL 5.7 in Year 1, Year 2",Amazon Relational Database Service,Databases,us-west-2,46124420288,,,TB3JHXC6ZCYSVN98,249.4,vCPU-Hours
2024-09-06T18:00:00.000Z,2024-09-06T19:00:00.000Z,USD,21.77,21.77,Usage,"USD 0.10 per hour per vCPU running RDS Extended Support for MySQL 5.7 in Year 1, Year 2",Amazon Relational Database Service,Databases,us-west-2,46124420288,,,TB3JHXC6ZCYSVN98,217.7,vCPU-Hours
2024-09-06T19:00:00.000Z,2024-09-06T20:00:00.000Z,USD,9.39,9.39,Usage,"USD 0.10 per hour per vCPU running RDS Extended Support for MySQL 5.7 in Year 1, Year 2",Amazon Relational Database Service,Databases,us-west-2,46124420288,,,TB3JHXC6ZCYSVN98,93.9,vCPU-Hours
2024-09-06T20:00:00.000Z,2024-09-06T21:00:00.000Z,USD,6.6,6.6,Usage,"USD 0.10 per hour per vCPU running RDS Extended Support for MySQL 5.7 in Year 1, Year 2",Amazon Relational Database Service,Databases,us-west-2,46124420288,,,TB3JHXC6ZCYSVN98,66,vCPU-Hours
2024-09-06T21:00:00.000Z,2024-09-06T22:00:00.000Z,USD,14.67,14.67,Usage,"USD 0.10 per hour per vCPU running RDS Extended Support for MySQL 5.7 in Year 1, Year 2",Amazon Relational Database Service,Databases,us-west-2,46124420288,,,TB3JHXC6ZCYSVN98,146.7,vCPU-Hours
2024-09-06T22:00:00.000Z,2024-09-06T23:00:00.000Z,USD,11.63,11.63,Usage,"USD 0.10 per hour per vCPU running RDS Extended Support for MySQL 5.7 in Year 1, Year 2",Amazon Relational Database Service,Databases,us-west-2,46124420288,,,TB3JHXC6ZCYSVN98,116.3,vCPU-Hours
2024-09-06T23:00:00.000Z,2024-09-07T00:00:00.000Z,USD,10.1,10.1,Usage,"USD 0.10 per hour per vCPU running RDS Extended Support for MySQL 5.7 in Year 1, Year 2",Amazon Relational Database Service,Databases,us-west-2,46124420288,,,TB3JHXC6ZCYSVN98,101,vCPU-Hours
2024-09-07T00:00:00.000Z,2024-09-07T01:00:00.000Z,USD,6.24,6.24,Usage,"USD 0.10 per hour per vCPU running RDS Extended Support for MySQL 5.7 in Year 1, Year 2",Amazon Relational Database Service,Databases,us-west-2,46124420288,,,TB3JHXC6ZCYSVN98,62.4,vCPU-Hours
2024-09-07T01:00:00.000Z,2024-09-07T02:00:00.000Z,USD,10.28,10.28,Usage,"USD 0.10 per hour per vCPU running RDS Extended Support for MySQL 5.7 in Year 1, Year 2",Amazon Relational Database Service,Databases,us-west-2,46124420288,,,TB3JHXC6ZCYSVN98,102.8,vCPU-Hours
2024-09-07T02:00:00.000Z,2024-09-07T03:00:00.000Z,USD,5.82,5.82,Usage,"USD 0.10 per hour per vCPU running RDS Extended Support for MySQL 5.7 in Year 1, Year 2",Amazon Relational Database Service,Databases,us-west-2,46124420288,,,TB3JHXC6ZCYSVN98,58.2,vCPU-Hours
2024-09-07T03:00:00.000Z,2024-09-07T04:00:00.000Z,USD,8.5,8.5,Usage,"USD 0.10 per hour per vCPU running RDS Extended Support for MySQL 5.7 in Year 1, Year 2",Amazon Relational Database Service,Databases,us-west-2,46124420288,,,TB3JHXC6ZCYSVN98,85,vCPU-Hours
2024-09-07T04:00:00.000Z,2024-09-07T05:00:00.000Z,USD,8.89,8.89,Usage,"USD 0.10 per hour per vCPU running RDS Extended Support for MySQL 5.7 in Year 1, Year 2",Amazon Relational Database Service,Databases,us-west-2,46124420288,,,TB3JHXC6ZCYSVN98,88.9,vCPU-Hours
2024-09-07T05:00:00.000Z,2024-09-07T06:00:00.000Z,USD,8.01,8.01,Usage,"USD 0.10 per hour per vCPU running RDS Extended Support for MySQL 5.7 in Year 1, Year 2",Amazon Relational Database Service,Databases,us-west-2,46124420288,,,TB3JHXC6ZCYSVN98,80.1,vCPU-Hours
2024-09-07T06:00:00.000Z,2024-09-07T07:00:00.000Z,USD,3.53,3.53,Usage,"USD 0.10 per hour per vCPU running RDS Extended Support for MySQL 5.7 in Year 1, Year 2",Amazon Relational Database Service,Databases,us-west-2,46124420288,,,TB3JHXC6ZCYSVN98,35.3,vCPU-Hours
2024-09-07T07:00:00.000Z,2024-09-07T08:00:00.000Z,USD,5.83,5.83,Usage,"USD 0.10 per hour per vCPU running RDS Extended Support for MySQL 5.7 in Year 1, Year 2",Amazon Relational Database Service,Databases,us-west-2,46124420288,,,TB3JHXC6ZCYSVN98,58.3,vCPU-Hours
2024-09-07T08:00:00.000Z,2024-09-07T09:00:00.000Z,USD,7.12,7.12,Usage,"USD 0.10 per hour per vCPU running RDS Extended Support for MySQL 5.7 in Year 1, Year 2",Amazon Relational Database Service,Databases,us-west-2,46124420288,,,TB3JHXC6ZCYSVN98,71.2,vCPU-Hours
2024-09-07T09:00:00.000Z,2024-09-07T10:00:00.000Z,USD,6.73,6.73,Usage,"USD 0.10 per hour per vCPU running RDS Extended Support for MySQL 5.7 in Year 1, Year 2",Amazon Relational Database Service,Databases,us-west-2,46124420288,,,TB3JHXC6ZCYSVN98,67.3,vCPU-Hours
2024-09-07T10:00:00.000Z,2024-09-07T11:00:00.000Z,USD,4.47,4.47,Usage,"USD 0.10 per hour per vCPU running RDS Extended Support for MySQL 5.7 in Year 1, Year 2",Amazon Relational Database Service,Databases,us-west-2,46124420288,,,TB3JHXC6ZCYSVN98,44.7,vCPU-Hours
2024-09-07T11:00:00.000Z,2024-09-07T12:00:00.000Z,USD,3.89,3.89,Usage,"USD 0.10 per hour per vCPU running RDS Extended Support for MySQL 5.7 in Year 1, Year 2",Amazon Relational Database Service,Databases,us-west-2,46124420288,,,TB3JHXC6ZCYSVN98,38.9,vCPU-Hours
2024-09-07T12:00:00.000Z,2024-09-07T13:00:00.000Z,USD,4.53,4.53,Usage,"USD 0.10 per hour per vCPU running RDS Extended Support for MySQL 5.7 in Year 1, Year 2",Amazon Relational Database Service,Databases,us-west-2,46124420288,,,TB3JHXC6ZCYSVN98,45.3,vCPU-Hours
2024-09-07T13:00:00.000Z,2024-09-07T14:00:00.000Z,USD,6.84,6.84,Usage,"USD 0.10 per hour per vCPU running RDS Extended Support for MySQL 5.7 in Year 1, Year 2",Amazon Relational Database Service,Databases,us-west-2,46124420288,,,TB3JHXC6ZCYSVN98,68.4,vCPU-Hours
2024-09-07T14:00:00.000Z,2024-09-07T15:00:00.000Z,USD,9.22,9.22,Usage,"USD 0.10 per hour per vCPU running RDS Extended Support for MySQL 5.7 in Year 1, Year 2",Amazon Relational Database Service,Databases,us-west-2,46124420288,,,TB3JHXC6ZCYSVN98,92.2,vCPU-Hours
2024-09-07T15:00:00.000Z,2024-09-07T16:00:00.000Z,USD,10.46,10.46,Usage,"USD 0.10 per hour per vCPU running RDS Extended Support for MySQL 5.7 in Year 1, Year 2",Amazon Relational Database Service,Databases,us-west-2,46124420288,,,TB3JHXC6ZCYSVN98,104.6,vCPU-Hours
2024-09-07T16:00:00.000Z,2024-09-07T17:00:00.000Z,USD,4.88,4.88,Usage,"USD 0.10 per hour per vCPU running RDS Extended Support for MySQL 5.7 in Year 1, Year 2",Amazon Relational Database Service,Databases,us-west-2,46124420288,,,TB3JHXC6ZCYSVN98,48.8,vCPU-Hours
2024-09-07T17:00:00.000Z,2024-09-07T18:00:00.000Z,USD,4.55,4.55,Usage,"USD 0.10 per hour per vCPU running RDS Extended Support for MySQL 5.7 in Year 1, Year 2",Amazon Relational Database Service,Databases,us-west-2,46124420288,,,TB3JHXC6ZCYSVN98,45.5,vCPU-Hours
2024-09-07T18:00:00.000Z,2024-09-07T19:00:00.000Z,USD,8.18,8.18,Usage,"USD 0.10 per hour per vCPU running RDS Extended Support for MySQL 5.7 in Year 1, Year 2",Amazon Relational Database Service,Databases,us-west-2,46124420288,,,TB3JHXC6ZCYSVN98,81.8,vCPU-Hours
2024-09-07T19:00:00.000Z,2024-09-07T20:00:00.000Z,USD,7.49,7.49,Usage,"USD 0.10 per hour per vCPU running RDS Extended Support for MySQL 5.7 in Year 1, Year 2",Amazon Relational Database Service,Databases,us-west-2,46124420288,,,TB3JHXC6ZCYSVN98,74.9,vCPU-Hours
2024-09-07T20:00:00.000Z,2024-09-07T21:00:00.000Z,USD,9.18,9.18,Usage,"USD 0.10 per hour per vCPU running RDS Extended Support for MySQL 5.7 in Year 1, Year 2",Amazon Relational Database Service,Databases,us-west-2,46124420288,,,TB3JHXC6ZCYSVN98,91.8,vCPU-Hours
2024-09-07T21:00:00.000Z,2024-09-07T22:00:00.000Z,USD,9.55,9.55,Usage,"USD 0.10 per hour per vCPU running RDS Extended Support for MySQL 5.7 in Year 1, Year 2",Amazon Relational Database Service,Databases,us-west-2,46124420288,,,TB3JHXC6ZCYSVN98,95.5,vCPU-Hours
2024-09-07T22:00:00.000Z,2024-09-07T23:00:00.000Z,USD,9.56,9.56,Usage,"USD 0.10 per hour per vCPU running RDS Extended Support for MySQL 5.7 in Year 1, Year 2",Amazon Relational Database Service,Databases,us-west-2,46124420288,,,TB3JHXC6ZCYSVN98,95.6,vCPU-Hours
2024-09-07T23:00:00.000Z,2024-09-08T00:00:00.000Z,USD,8.89,8.89,Usage,"USD 0.10 per hour per vCPU running RDS Extended Support for MySQL 5.7 in Year 1, Year 2",Amazon Relational Database Service,Databases,us-west-2,46124420288,,,TB3JHXC6ZCYSVN98,88.9,vCPU-Hours
2024-09-08T00:00:00.000Z,2024-09-08T01:00:00.000Z,USD,8.99,8.99,Usage,"USD 0.10 per hour per vCPU running RDS Extended Support for MySQL 5.7 in Year 1, Year 2",Amazon Relational Database Service,Databases,us-west-2,46124420288,,,TB3JHXC6ZCYSVN98,89.9,vCPU-Hours
2024-09-08T01:00:00.000Z,2024-09-08T02:00:00.000Z,USD,5.46,5.46,Usage,"USD 0.10 per hour per vCPU running RDS Extended Support for MySQL 5.7 in Year 1, Year 2",Amazon Relational Database Service,Databases,us-west-2,46124420288,,,TB3JHXC6ZCYSVN98,54.6,vCPU-Hours
2024-09-08T02:00:00.000Z,2024-09-08T03:00:00.000Z,USD,5.28,5.28,Usage,"USD 0.10 per hour per vCPU running RDS Extended Support for MySQL 5.7 in Year 1, Year 2",Amazon Relational Database Service,Databases,us-west-2,46124420288,,,TB3JHXC6ZCYSVN98,52.8,vCPU-Hours
2024-09-08T03:00:00.000Z,2024-09-08T04:00:00.000Z,USD,4.41,4.41,Usage,"USD 0.10 per hour per vCPU running RDS Extended Support for MySQL 5.7 in Year 1, Year 2",Amazon Relational Database Service,Databases,us-west-2,46124420288,,,TB3JHXC6ZCYSVN98,44.1,vCPU-Hours
2024-09-08T04:00:00.000Z,2024-09-08T05:00:00.000Z,USD,8.57,8.57,Usage,"USD 0.10 per hour per vCPU running RDS Extended Support for MySQL 5.7 in Year 1, Year 2",Amazon Relational Database Service,Databases,us-west-2,46124420288,,,TB3JHXC6ZCYSVN98,85.7,vCPU-Hours
2024-09-08T05:00:00.000Z,2024-09-08T06:00:00.000Z,USD,4.97,4.97,Usage,"USD 0.10 per hour per vCPU running RDS Extended Support for MySQL 5.7 in Year 1, Year 2",Amazon Relational Database Service,Databases,us-west-2,46124420288,,,TB3JHXC6ZCYSVN98,49.7,vCPU-Hours
2024-09-08T06:00:00.000Z,2024-09-08T07:00:00.000Z,USD,6.59,6.59,Usage,"USD 0.10 per hour per vCPU running RDS Extended Support for MySQL 5.7 in Year 1, Year 2",Amazon Relational Database Service,Databases,us-west-2,46124420288,,,TB3JHXC6ZCYSVN98,65.9,vCPU-Hours
2024-09-08T07:00:00.000Z,2024-09-08T08:00:00.000Z,USD,8.06,8.06,Usage,"USD 0.10 per hour per vCPU running RDS Extended Support for MySQL 5.7 in Year 1, Year 2",Amazon Relational Database Service,Databases,us-west-2,46124420288,,,TB3JHXC6ZCYSVN98,80.6,vCPU-Hours
2024-09-08T08:00:00.000Z,2024-09-08T09:00:00.000Z,USD,4.52,4.52,Usage,"USD 0.10 per hour per vCPU running RDS Extended Support for MySQL 5.7 in Year 1, Year 2",Amazon Relational Database Service,Databases,us-west-2,46124420288,,,TB3JHXC6ZCYSVN98,45.2,vCPU-Hours
2024-09-08T09:00:00.000Z,2024-09-08T10:00:00.000Z,USD,6.18,6.18,Usage,"USD 0.10 per hour per vCPU running RDS Extended Support for MySQL 5.7 in Year 1, Year 2",Amazon Relational Database Service,Databases,us-west-2,46124420288,,,TB3JHXC6ZCYSVN98,61.8,vCPU-Hours
2024-09-08T10:00:00.000Z,2024-09-08T11:00:00.000Z,USD,9.98,9.98,Usage,"USD 0.10 per hour per vCPU running RDS Extended Support for MySQL 5.7 in Year 1, Year 2",Amazon Relational Database Service,Databases,us-west-2,46124420288,,,TB3JHXC6ZCYSVN98,99.8,vCPU-Hours
2024-09-08T11:00:00.000Z,2024-09-08T12:00:00.000Z,USD,8.23,8.23,Usage,"USD 0.10 per hour per vCPU running RDS Extended Support for MySQL 5.7 in Year 1, Year 2",Amazon Relational Database Service,Databases,us-west-2,46124420288,,,TB3JHXC6ZCYSVN98,82.3,vCPU-Hours
2024-09-08T12:00:00.000Z,2024-09-08T13:00:00.000Z,USD,7.94,7.94,Usage,"USD 0.10 per hour per vCPU running RDS Extended Support for MySQL 5.7 in Year 1, Year 2",Amazon Relational Database Service,Databases,us-west-2,46124420288,,,TB3JHXC6ZCYSVN98,79.4,vCPU-Hours
2024-09-08T13:00:00.000Z,2024-09-08T14:00:00.000Z,USD,7.36,7.36,Usage,"USD 0.10 per hour per vCPU running RDS Extended Support for MySQL 5.7 in Year 1, Year 2",Amazon Relational Database Service,Databases,us-west-2,46124420288,,,TB3JHXC6ZCYSVN98,73.6,vCPU-Hours
2024-09-08T14:00:00.000Z,2024-09-08T15:00:00.000Z,USD,8.67,8.67,Usage,"USD 0.10 per hour per vCPU running RDS Extended Support for MySQL 5.7 in Year 1, Year 2",Amazon Relational Database Service,Databases,us-west-2,46124420288,,,TB3JHXC6ZCYSVN98,86.7,vCPU-Hours
2024-09-08T15:00:00.000Z,2024-09-08T16:00:00.000Z,USD,10.37,10.37,Usage,"USD 0.10 per hour per vCPU running RDS Extended Support for MySQL 5.7 in Year 1, Year 2",Amazon Relational Database Service,Databases,us-west-2,46124420288,,,TB3JHXC6ZCYSVN98,103.7,vCPU-Hours
2024-09-08T16:00:00.000Z,2024-09-08T17:00:00.000Z,USD,8.49,8.49,Usage,"USD 0.10 per hour per vCPU running RDS Extended Support for MySQL 5.7 in Year 1, Year 2",Amazon Relational Database Service,Databases,us-west-2,46124420288,,,TB3JHXC6ZCYSVN98,84.9,vCPU-Hours
2024-09-08T17:00:00.000Z,2024-09-08T18:00:00.000Z,USD,7.09,7.09,Usage,"USD 0.10 per hour per vCPU running RDS Extended Support for MySQL 5.7 in Year 1, Year 2",Amazon Relational Database Service,Databases,us-west-2,46124420288,,,TB3JHXC6ZCYSVN98,70.9,vCPU-Hours
2024-09-08T18:00:00.000Z,2024-09-08T19:00:00.000Z,USD,5.51,5.51,Usage,"USD 0.10 per hour per vCPU running RDS Extended Support for MySQL 5.7 in Year 1, Year 2",Amazon Relational Database Service,Databases,us-west-2,46124420288,,,TB3JHXC6ZCYSVN98,55.1,vCPU-Hours
2024-09-08T19:00:00.000Z,2024-09-08T20:00:00.000Z,USD,3.81,3.81,Usage,"USD 0.10 per hour per vCPU running RDS Extended Support for MySQL 5.7 in Year 1, Year 2",Amazon Relational Database Service,Databases,us-west-2,46124420288,,,TB3JHXC6ZCYSVN98,38.1,vCPU-Hours
2024-09-08T20:00:00.000Z,2024-09-08T21:00:00.000Z,USD,7.64,7.64,Usage,"USD 0.10 per hour per vCPU running RDS Extended Support for MySQL 5.7 in Year 1, Year 2",Amazon Relational Database Service,Databases,us-west-2,46124420288,,,TB3JHXC6ZCYSVN98,76.4,vCPU-Hours
2024-09-08T21:00:00.000Z,2024-09-08T22:00:00.000Z,USD,4.14,4.14,Usage,"USD 0.10 per hour per vCPU running RDS Extended Support for MySQL 5.7 in Year 1, Year 2",Amazon Relational Database Service,Databases,us-west-2,46124420288,,,TB3JHXC6ZCYSVN98,41.4,vCPU-Hours
2024-09-08T22:00:00.000Z,2024-09-08T23:00:00.000Z,USD,6.56,6.56,Usage,"USD 0.10 per hour per vCPU running RDS Extended Support for MySQL 5.7 in Year 1, Year 2",Amazon Relational Database Service,Databases,us-west-2,46124420288,,,TB3JHXC6ZCYSVN98,65.6,vCPU-Hours
2024-09-08T23:00:00.000Z,2024-09-09T00:00:00.000Z,USD,4.43,4.43,Usage,"USD 0.10 per hour per vCPU running RDS Extended Support for MySQL 5.7 in Year 1, Year 2",Amazon Relational Database Service,Databases,us-west-2,46124420288,,,TB3JHXC6ZCYSVN98,44.3,vCPU-Hours
2024-09-09T00:00:00.000Z,2024-09-09T01:00:00.000Z,USD,9.27,9.27,Usage,"USD 0.10 per hour per vCPU running RDS Extended Support for MySQL 5.7 in Year 1, Year 2",Amazon Relational Database Service,Databases,us-west-2,46124420288,,,TB3JHXC6ZCYSVN98,92.7,vCPU-Hours
2024-09-09T01:00:00.000Z,2024-09-09T02:00:00.000Z,USD,6.18,6.18,Usage,"USD 0.10 per hour per vCPU running RDS Extended Support for MySQL 5.7 in Year 1, Year 2",Amazon Relational Database Service,Databases,us-west-2,46124420288,,,TB3JHXC6ZCYSVN98,61.8,vCPU-Hours
2024-09-09T02:00:00.000Z,2024-09-09T03:00:00.000Z,USD,11.16,11.16,Usage,"USD 0.10 per hour per vCPU running RDS Extended Support for MySQL 5.7 in Year 1, Year 2",Amazon Relational Database Service,Databases,us-west-2,46124420288,,,TB3JHXC6ZCYSVN98,111.6,vCPU-Hours
2024-09-09T03:00:00.000Z,2024-09-09T04:00:00.000Z,USD,8.19,8.19,Usage,"USD 0.10 per hour per vCPU running RDS Extended Support for MySQL 5.7 in Year 1, Year 2",Amazon Relational Database Service,Databases,us-west-2,46124420288,,,TB3JHXC6ZCYSVN98,81.9,vCPU-Hours
2024-09-09T04:00:00.000Z,2024-09-09T05:00:00.000Z,USD,10.12,10.12,Usage,"USD 0.10 per hour per vCPU running RDS Extended Support for MySQL 5.7 in Year 1, Year 2",Amazon Relational Database Service,Databases,us-west-2,46124420288,,,TB3JHXC6ZCYSVN98,101.2,vCPU-Hours
2024-09-09T05:00:00.000Z,2024-09-09T06:00:00.000Z,USD,7.35,7.35,Usage,"USD 0.10 per hour per vCPU running RDS Extended Support for MySQL 5.7 in Year 1, Year 2",Amazon Relational Database Service,Databases,us-west-2,46124420288,,,TB3JHXC6ZCYSVN98,73.5,vCPU-Hours
2024-09-09T06:00:00.000Z,2024-09-09T07:00:00.000Z,USD,7.42,7.42,Usage,"USD 0.10 per hour per vCPU running RDS Extended Support for MySQL 5.7 in Year 1, Year 2",Amazon Relational Database Service,Databases,us-west-2,46124420288,,,TB3JHXC6ZCYSVN98,74.2,vCPU-Hours
2024-09-09T07:00:00.000Z,2024-09-09T08:00:00.000Z,USD,10.03,10.03,Usage,"USD 0.10 per hour per vCPU running RDS Extended Support for MySQL 5.7 in Year 1, Year 2",Amazon Relational Database Service,Databases,us-west-2,46124420288,,,TB3JHXC6ZCYSVN98,100.3,vCPU-Hours
2024-09-09T08:00:00.000Z,2024-09-09T09:00:00.000Z,USD,19.06,19.06,Usage,"USD 0.10 per hour per vCPU running RDS Extended Support for MySQL 5.7 in Year 1, Year 2",Amazon Relational Database Service,Databases,us-west-2,46124420288,,,TB3JHXC6ZCYSVN98,190.6,vCPU-Hours
2024-09-09T09:00:00.000Z,2024-09-09T10:00:00.000Z,USD,15.26,15.26,Usage,"USD 0.10 per hour per vCPU running RDS Extended Support for MySQL 5.7 in Year 1, Year 2",Amazon Relational Database Service,Databases,us-west-2,46124420288,,,TB3JHXC6ZCYSVN98,152.6,vCPU-Hours
2024-09-09T10:00:00.000Z,2024-09-09T11:00:00.000Z,USD,12.99,12.99,Usage,"USD 0.10 per hour per vCPU running RDS Extended Support for MySQL 5.7 in Year 1, Year 2",Amazon Relational Database Service,Databases,us-west-2,46124420288,,,TB3JHXC6ZCYSVN98,129.9,vCPU-Hours
2024-09-09T11:00:00.000Z,2024-09-09T12:00:00.000Z,USD,17.53,17.53,Usage,"USD 0.10 per hour per vCPU running RDS Extended Support for MySQL 5.7 in Year 1, Year 2",Amazon Relational Database Service,Databases,us-west-2,46124420288,,,TB3JHXC6ZCYSVN98,175.3,vCPU-Hours
2024-09-09T12:00:00.000Z,2024-09-09T13:00:00.000Z,USD,14.18,14.18,Usage,"USD 0.10 per hour per vCPU running RDS Extended Support for MySQL 5.7 in Year 1, Year 2",Amazon Relational Database Service,Databases,us-west-2,46124420288,,,TB3JHXC6ZCYSVN98,141.8,vCPU-Hours
2024-09-09T13:00:00.000Z,2024-09-09T14:00:00.000Z,USD,26.99,26.99,Usage,"USD 0.10 per hour per vCPU running RDS Extended Support for MySQL 5.7 in Year 1, Year 2",Amazon Relational Database Service,Databases,us-west-2,46124420288,,,TB3JHXC6ZCYSVN98,269.9,vCPU-Hours
2024-09-09T14:00:00.000Z,2024-09-09T15:00:00.000Z,USD,14.18,14.18,Usage,"USD 0.10 per hour per vCPU running RDS Extended Support for MySQL 5.7 in Year 1, Year 2",Amazon Relational Database Service,Databases,us-west-2,46124420288,,,TB3JHXC6ZCYSVN98,141.8,vCPU-Hours
2024-09-09T15:00:00.000Z,2024-09-09T16:00:00.000Z,USD,26.53,26.53,Usage,"USD 0.10 per hour per vCPU running RDS Extended Support for MySQL 5.7 in Year 1, Year 2",Amazon Relational Database Service,Databases,us-west-2,46124420288,,,TB3JHXC6ZCYSVN98,265.3,vCPU-Hours
2024-09-09T16:00:00.000Z,2024-09-09T17:00:00.000Z,USD,20.93,20.93,Usage,"USD 0.10 per hour per vCPU running RDS Extended Support for MySQL 5.7 in Year 1, Year 2",Amazon Relational Database Service,Databases,us-west-2,46124420288,,,TB3JHXC6ZCYSVN98,209.3,vCPU-Hours
2024-09-09T17:00:00.000Z,2024-09-09T18:00:00.000Z,USD,21.23,21.23,Usage,"USD 0.10 per hour per vCPU running RDS Extended Support for MySQL 5.7 in Year 1, Year 2",Amazon Relational Database Service,Databases,us-west-2,46124420288,,,TB3JHXC6ZCYSVN98,212.3,vCPU-Hours
2024-09-09T18:00:00.000Z,2024-09-09T19:00:00.000Z,USD,23.91,23.91,Usage,"USD 0.10 per hour per vCPU running RDS Extended Support for MySQL 5.7 in Year 1, Year 2",Amazon Relational Database Service,Databases,us-west-2,46124420288,,,TB3JHXC6ZCYSVN98,239.1,vCPU-Hours
2024-09-09T19:00:00.000Z,2024-09-09T20:00:00.000Z,USD,22.87,22.87,Usage,"USD 0.10 per hour per vCPU running RDS Extended Support for MySQL 5.7 in Year 1, Year 2",Amazon Relational Database Service,Databases,us-west-2,46124420288,,,TB3JHXC6ZCYSVN98,228.7,vCPU-Hours
2024-09-09T20:00:00.000Z,2024-09-09T21:00:00.000Z,USD,8.95,8.95,Usage,"USD 0.10 per hour per vCPU running RDS Extended Support for MySQL 5.7 in Year 1, Year 2",Amazon Relational Database Service,Databases,us-west-2,46124420288,,,TB3JHXC6ZCYSVN98,89.5,vCPU-Hours
2024-09-09T21:00:00.000Z,2024-09-09T22:00:00.000Z,USD,12.91,12.91,Usage,"USD 0.10 per hour per vCPU running RDS Extended Support for MySQL 5.7 in Year 1, Year 2",Amazon Relational Database Service,Databases,us-west-2,46124420288,,,TB3JHXC6ZCYSVN98,129.1,vCPU-Hours
2024-09-09T22:00:00.000Z,2024-09-09T23:00:00.000Z,USD,5.56,5.56,Usage,"USD 0.10 per hour per vCPU running RDS Extended Support for MySQL 5.7 in Year 1, Year 2",Amazon Relational Database Service,Databases,us-west-2,46124420288,,,TB3JHXC6ZCYSVN98,55.6,vCPU-Hours
2024-09-09T23:00:00.000Z,2024-09-10T00:00:00.000Z,USD,14.14,14.14,Usage,"USD 0.10 per hour per vCPU running RDS Extended Support for MySQL 5.7 in Year 1, Year 2",Amazon Relational Database Service,Databases,us-west-2,46124420288,,,TB3JHXC6ZCYSVN98,141.4,vCPU-Hours
2024-09-10T00:00:00.000Z,2024-09-10T01:00:00.000Z,USD,10.19,10.19,Usage,"USD 0.10 per hour per vCPU running RDS Extended Support for MySQL 5.7 in Year 1, Year 2",Amazon Relational Database Service,Databases,us-west-2,46124420288,,,TB3JHXC6ZCYSVN98,101.9,vCPU-Hours
2024-09-10T01:00:00.000Z,2024-09-10T02:00:00.000Z,USD,10.73,10.73,Usage,"USD 0.10 per hour per vCPU running RDS Extended Support for MySQL 5.7 in Year 1, Year 2",Amazon Relational Database Service,Databases,us-west-2,46124420288,,,TB3JHXC6ZCYSVN98,107.3,vCPU-Hours
2024-09-10T02:00:00.000Z,2024-09-10T03:00:00.000Z,USD,12.97,12.97,Usage,"USD 0.10 per hour per vCPU running RDS Extended Support for MySQL 5.7 in Year 1, Year 2",Amazon Relational Database Service,Databases,us-west-2,46124420288,,,TB3JHXC6ZCYSVN98,129.7,vCPU-Hours
2024-09-10T03:00:00.000Z,2024-09-10T04:00:00.000Z,USD,10.74,10.74,Usage,"USD 0.10 per hour per vCPU running RDS Extended Support for MySQL 5.7 in Year 1, Year 2",Amazon Relational Database Service,Databases,us-west-2,46124420288,,,TB3JHXC6ZCYSVN98,107.4,vCPU-Hours
2024-09-10T04:00:00.000Z,2024-09-10T05:00:00.000Z,USD,8.97,8.97,Usage,"USD 0.10 per hour per vCPU running RDS Extended Support for MySQL 5.7 in Year 1, Year 2",Amazon Relational Database Service,Databases,us-west-2,46124420288,,,TB3JHXC6ZCYSVN98,89.7,vCPU-Hours
2024-09-10T05:00:00.000Z,2024-09-10T06:00:00.000Z,USD,13.06,13.06,Usage,"USD 0.10 per hour per vCPU running RDS Extended Support for MySQL 5.7 in Year 1, Year 2",Amazon Relational Database Service,Databases,us-west-2,46124420288,,,TB3JHXC6ZCYSVN98,130.6,vCPU-Hours
2024-09-10T06:00:00.000Z,2024-09-10T07:00:00.000Z,USD,12,12,Usage,"USD 0.10 per hour per vCPU running RDS Extended Support for MySQL 5.7 in Year 1, Year 2",Amazon Relational Database Service,Databases,us-west-2,46124420288,,,TB3JHXC6ZCYSVN98,120,vCPU-Hours
2024-09-10T07:00:00.000Z,2024-09-10T08:00:00.000Z,USD,6.23,6.23,Usage,"USD 0.10 per hour per vCPU running RDS Extended Support for MySQL 5.7 in Year 1, Year 2",Amazon Relational Database Service,Databases,us-west-2,46124420288,,,TB3JHXC6ZCYSVN98,62.3,vCPU-Hours
2024-09-10T08:00:00.000Z,2024-09-10T09:00:00.000Z,USD,14.62,14.62,Usage,"USD 0.10 per hour per vCPU running RDS Extended Support for MySQL 5.7 in Year 1, Year 2",Amazon Relational Database Service,Databases,us-west-2,46124420288,,,TB3JHXC6ZCYSVN98,146.2,vCPU-Hours
2024-09-10T09:00:00.000Z,2024-09-10T10:00:00.000Z,USD,15.98,15.98,Usage,"USD 0.10 per hour per vCPU running RDS Extended Support for MySQL 5.7 in Year 1, Year 2",Amazon Relational Database Service,Databases,us-west-2,46124420288,,,TB3JHXC6ZCYSVN98,159.8,vCPU-Hours
2024-09-10T10:00:00.000Z,2024-09-10T11:00:00.000Z,USD,15.14,15.14,Usage,"USD 0.10 per hour per vCPU running RDS Extended Support for MySQL 5.7 in Year 1, Year 2",Amazon Relational Database Service,Databases,us-west-2,46124420288,,,TB3JHXC6ZCYSVN98,151.4,vCPU-Hours
2024-09-10T11:00:00.000Z,2024-09-10T12:00:00.000Z,USD,19.95,19.95,Usage,"USD 0.10 per hour per vCPU running RDS Extended Support for MySQL 5.7 in Year 1, Year 2",Amazon Relational Database Service,Databases,us-west-2,46124420288,,,TB3JHXC6ZCYSVN98,199.5,vCPU-Hours
2024-09-10T12:00:00.000Z,2024-09-10T13:00:00.000Z,USD,16.41,16.41,Usage,"USD 0.10 per hour per vCPU running RDS Extended Support for MySQL 5.7 in Year 1, Year 2",Amazon Relational Database Service,Databases,us-west-2,46124420288,,,TB3JHXC6ZCYSVN98,164.1,vCPU-Hours
2024-09-10T13:00:00.000Z,2024-09-10T14:00:00.000Z,USD,13.98,13.98,Usage,"USD 0.10 per hour per vCPU running RDS Extended Support for MySQL 5.7 in Year 1, Year 2",Amazon Relational Database Service,Databases,us-west-2,46124420288,,,TB3JHXC6ZCYSVN98,139.8,vCPU-Hours
2024-09-10T14:00:00.000Z,2024-09-10T15:00:00.000Z,USD,13.68,13.68,Usage,"USD 0.10 per hour per vCPU running RDS Extended Support for MySQL 5.7 in Year 1, Year 2",Amazon Relational Database Service,Databases,us-west-2,46124420288,,,TB3JHXC6ZCYSVN98,136.8,vCPU-Hours
2024-09-10T15:00:00.000Z,2024-09-10T16:00:00.000Z,USD,10.73,10.73,Usage,"USD 0.10 per hour per vCPU running RDS Extended Support for MySQL 5.7 in Year 1, Year 2",Amazon Relational Database Service,Databases,us-west-2,46124420288,,,TB3JHXC6ZCYSVN98,107.3,vCPU-Hours
2024-09-10T16:00:00.000Z,2024-09-10T17:00:00.000Z,USD,22.14,22.14,Usage,"USD 0.10 per hour per vCPU running RDS Extended Support for MySQL 5.7 in Year 1, Year 2",Amazon Relational Database Service,Databases,us-west-2,46124420288,,,TB3JHXC6ZCYSVN98,221.4,vCPU-Hours
2024-09-10T17:00:00.000Z,2024-09-10T18:00:00.000Z,USD,24.85,24.85,Usage,"USD 0.10 per hour per vCPU running RDS Extended Support for MySQL 5.7 in Year 1, Year 2",Amazon Relational Database Service,Databases,us-west-2,46124420288,,,TB3JHXC6ZCYSVN98,248.5,vCPU-Hours
2024-09-10T18:00:00.000Z,2024-09-10T19:00:00.000Z,USD,10.13,10.13,Usage,"USD 0.10 per hour per vCPU running RDS Extended Support for MySQL 5.7 in Year 1, Year 2",Amazon Relational Database Service,Databases,us-west-2,46124420288,,,TB3JHXC6ZCYSVN98,101.3,vCPU-Hours
2024-09-10T19:00:00.000Z,2024-09-10T20:00:00.000Z,USD,22.71,22.71,Usage,"USD 0.10 per hour per vCPU running RDS Extended Support for MySQL 5.7 in Year 1, Year 2",Amazon Relational Database Service,Databases,us-west-2,46124420288,,,TB3JHXC6ZCYSVN98,227.1,vCPU-Hours
2024-09-10T20:00:00.000Z,2024-09-10T21:00:00.000Z,USD,10.75,10.75,Usage,"USD 0.10 per hour per vCPU running RDS Extended Support for MySQL 5.7 in Year 1, Year 2",Amazon Relational Database Service,Databases,us-west-2,46124420288,,,TB3JHXC6ZCYSVN98,107.5,vCPU-Hours
2024-09-10T21:00:00.000Z,2024-09-10T22:00:00.000Z,USD,12.42,12.42,Usage,"USD 0.10 per hour per vCPU running RDS Extended Support for MySQL 5.7 in Year 1, Year 2",Amazon Relational Database Service,Databases,us-west-2,46124420288,,,TB3JHXC6ZCYSVN98,124.2,vCPU-Hours
2024-09-10T22:00:00.000Z,2024-09-10T23:00:00.000Z,USD,9.79,9.79,Usage,"USD 0.10 per hour per vCPU running RDS Extended Support for MySQL 5.7 in Year 1, Year 2",Amazon Relational Database Service,Databases,us-west-2,46124420288,,,TB3JHXC6ZCYSVN98,97.9,vCPU-Hours
2024-09-10T23:00:00.000Z,2024-09-11T00:00:00.000Z,USD,13.33,13.33,Usage,"USD 0.10 per hour per vCPU running RDS Extended Support for MySQL 5.7 in Year 1, Year 2",Amazon Relational Database Service,Databases,us-west-2,46124420288,,,TB3JHXC6ZCYSVN98,133.3,vCPU-Hours
2024-09-11T00:00:00.000Z,2024-09-11T01:00:00.000Z,USD,9.99,9.99,Usage,"USD 0.10 per hour per vCPU running RDS Extended Support for MySQL 5.7 in Year 1, Year 2",Amazon Relational Database Service,Databases,us-west-2,46124420288,,,TB3JHXC6ZCYSVN98,99.9,vCPU-Hours
2024-09-11T01:00:00.000Z,2024-09-11T02:00:00.000Z,USD,7.58,7.58,Usage,"USD 0.10 per hour per vCPU running RDS Extended Support for MySQL 5.7 in Year 1, Year 2",Amazon Relational Database Service,Databases,us-west-2,46124420288,,,TB3JHXC6ZCYSVN98,75.8,vCPU-Hours
2024-09-11T02:00:00.000Z,2024-09-11T03:00:00.000Z,USD,8.35,8.35,Usage,"USD 0.10 per hour per vCPU running RDS Extended Support for MySQL 5.7 in Year 1, Year 2",Amazon Relational Database Service,Databases,us-west-2,46124420288,,,TB3JHXC6ZCYSVN98,83.5,vCPU-Hours
2024-09-11T03:00:00.000Z,2024-09-11T04:00:00.000Z,USD,12.39,12.39,Usage,"USD 0.10 per hour per vCPU running RDS Extended Support for MySQL 5.7 in Year 1, Year 2",Amazon Relational Database Service,Databases,us-west-2,46124420288,,,TB3JHXC6ZCYSVN98,123.9,vCPU-Hours
2024-09-11T04:00:00.000Z,2024-09-11T05:00:00.000Z,USD,11.54,11.54,Usage,"USD 0.10 per hour per vCPU running RDS Extended Support for MySQL 5.7 in Year 1, Year 2",Amazon Relational Database Service,Databases,us-west-2,46124420288,,,TB3JHXC6ZCYSVN98,115.4,vCPU-Hours
2024-09-11T05:00:00.000Z,2024-09-11T06:00:00.000Z,USD,6.08,6.08,Usage,"USD 0.10 per hour per vCPU running RDS Extended Support for MySQL 5.7 in Year 1, Year 2",Amazon Relational Database Service,Databases,us-west-2,46124420288,,,TB3JHXC6ZCYSVN98,60.8,vCPU-Hours
2024-09-11T06:00:00.000Z,2024-09-11T07:00:00.000Z,USD,11.23,11.23,Usage,"USD 0.10 per hour per vCPU running RDS Extended Support for MySQL 5.7 in Year 1, Year 2",Amazon Relational Database Service,Databases,us-west-2,46124420288,,,TB3JHXC6ZCYSVN98,112.3,vCPU-Hours
2024-09-11T07:00:00.000Z,2024-09-11T08:00:00.000Z,USD,9.7,9.7,Usage,"USD 0.10 per hour per vCPU running RDS Extended Support for MySQL 5.7 in Year 1, Year 2",Amazon Relational Database Service,Databases,us-west-2,46124420288,,,TB3JHXC6ZCYSVN98,97,vCPU-Hours
2024-09-11T08:00:00.000Z,2024-09-11T09:00:00.000Z,USD,24.35,24.35,Usage,"USD 0.10 per hour per vCPU running RDS Extended Support for MySQL 5.7 in Year 1, Year 2",Amazon Relational Database Service,Databases,us-west-2,46124420288,,,TB3JHXC6ZCYSVN98,243.5,vCPU-Hours
2024-09-11T09:00:00.000Z,2024-09-11T10:00:00.000Z,USD,10.36,10.36,Usage,"USD 0.10 per hour per vCPU running RDS Extended Support for MySQL 5.7 in Year 1, Year 2",Amazon Relational Database Service,Databases,us-west-2,46124420288,,,TB3JHXC6ZCYSVN98,103.6,vCPU-Hours
2024-09-11T10:00:00.000Z,2024-09-11T11:00:00.000Z,USD,23.69,23.69,Usage,"USD 0.10 per hour per vCPU running RDS Extended Support for MySQL 5.7 in Year 1, Year 2",Amazon Relational Database Service,Databases,us-west-2,46124420288,,,TB3JHXC6ZCYSVN98,236.9,vCPU-Hours
2024-09-11T11:00:00.000Z,2024-09-11T12:00:00.000Z,USD,23.49,23.49,Usage,"USD 0.10 per hour per vCPU running RDS Extended Support for MySQL 5.7 in Year 1, Year 2",Amazon Relational Database Service,Databases,us-west-2,46124420288,,,TB3JHXC6ZCYSVN98,234.9,vCPU-Hours
2024-09-11T12:00:00.000Z,2024-09-11T13:00:00.000Z,USD,15.2,15.2,Usage,"USD 0.10 per hour per vCPU running RDS Extended Support for MySQL 5.7 in Year 1, Year 2",Amazon Relational Database Service,Databases,us-west-2,46124420288,,,TB3JHXC6ZCYSVN98,152,vCPU-Hours
2024-09-11T13:00:00.000Z,2024-09-11T14:00:00.000Z,USD,9.74,9.74,Usage,"USD 0.10 per hour per vCPU running RDS Extended Support for MySQL 5.7 in Year 1, Year 2",Amazon Relational Database Service,Databases,us-west-2,46124420288,,,TB3JHXC6ZCYSVN98,97.4,vCPU-Hours
2024-09-11T14:00:00.000Z,2024-09-11T15:00:00.000Z,USD,21.54,21.54,Usage,"USD 0.10 per hour per vCPU running RDS Extended Support for MySQL 5.7 in Year 1, Year 2",Amazon Relational Database Service,Databases,us-west-2,46124420288,,,TB3JHXC6ZCYSVN98,215.4,vCPU-Hours
2024-09-11T15:00:00.000Z,2024-09-11T16:00:00.000Z,USD,16.43,16.43,Usage,"USD 0.10 per hour per vCPU running RDS Extended Support for MySQL 5.7 in Year 1, Year 2",Amazon Relational Database Service,Databases,us-west-2,46124420288,,,TB3JHXC6ZCYSVN98,164.3,vCPU-Hours
2024-09-11T16:00:00.000Z,2024-09-11T17:00:00.000Z,USD,16.9,16.9,Usage,"USD 0.10 per hour per vCPU running RDS Extended Support for MySQL 5.7 in Year 1, Year 2",Amazon Relational Database Service,Databases,us-west-2,46124420288,,,TB3JHXC6ZCYSVN98,169,vCPU-Hours
2024-09-11T17:00:00.000Z,2024-09-11T18:00:00.000Z,USD,24.61,24.61,Usage,"USD 0.10 per hour per vCPU running RDS Extended Support for MySQL 5.7 in Year 1, Year 2",Amazon Relational Database Service,Databases,us-west-2,46124420288,,,TB3JHXC6ZCYSVN98,246.1,vCPU-Hours
2024-09-11T18:00:00.000Z,2024-09-11T19:00:00.000Z,USD,14.22,14.22,Usage,"USD 0.10 per hour per vCPU running RDS Extended Support for MySQL 5.7 in Year 1, Year 2",Amazon Relational Database Service,Databases,us-west-2,46124420288,,,TB3JHXC6ZCYSVN98,142.2,vCPU-Hours
2024-09-11T19:00:00.000Z,2024-09-11T20:00:00.000Z,USD,16.78,16.78,Usage,"USD 0.10 per hour per vCPU running RDS Extended Support for MySQL 5.7 in Year 1, Year 2",Amazon Relational Database Service,Databases,us-west-2,46124420288,,,TB3JHXC6ZCYSVN98,167.8,vCPU-Hours
2024-09-11T20:00:00.000Z,2024-09-11T21:00:00.000Z,USD,6.42,6.42,Usage,"USD 0.10 per hour per vCPU running RDS Extended Support for MySQL 5.7 in Year 1, Year 2",Amazon Relational Database Service,Databases,us-west-2,46124420288,,,TB3JHXC6ZCYSVN98,64.2,vCPU-Hours
2024-09-11T21:00:00.000Z,2024-09-11T22:00:00.000Z,USD,8.35,8.35,Usage,"USD 0.10 per hour per vCPU running RDS Extended Support for MySQL 5.7 in Year 1, Year 2",Amazon Relational Database Service,Databases,us-west-2,46124420288,,,TB3JHXC6ZCYSVN98,83.5,vCPU-Hours
2024-09-11T22:00:00.000Z,2024-09-11T23:00:00.000Z,USD,12.83,12.83,Usage,"USD 0.10 per hour per vCPU running RDS Extended Support for MySQL 5.7 in Year 1, Year 2",Amazon Relational Database Service,Databases,us-west-2,46124420288,,,TB3JHXC6ZCYSVN98,128.3,vCPU-Hours
2024-09-11T23:00:00.000Z,2024-09-12T00:00:00.000Z,USD,12.41,12.41,Usage,"USD 0.10 per hour per vCPU running RDS Extended Support for MySQL 5.7 in Year 1, Year 2",Amazon Relational Database Service,Databases,us-west-2,46124420288,,,TB3JHXC6ZCYSVN98,124.1,vCPU-Hours
2024-09-12T00:00:00.000Z,2024-09-12T01:00:00.000Z,USD,9.48,9.48,Usage,"USD 0.10 per hour per vCPU running RDS Extended Support for MySQL 5.7 in Year 1, Year 2",Amazon Relational Database Service,Databases,us-west-2,46124420288,,,TB3JHXC6ZCYSVN98,94.8,vCPU-Hours
2024-09-12T01:00:00.000Z,2024-09-12T02:00:00.000Z,USD,9.18,9.18,Usage,"USD 0.10 per hour per vCPU running RDS Extended Support for MySQL 5.7 in Year 1, Year 2",Amazon Relational Database Service,Databases,us-west-2,46124420288,,,TB3JHXC6ZCYSVN98,91.8,vCPU-Hours
2024-09-12T02:00:00.000Z,2024-09-12T03:00:00.000Z,USD,7.06,7.06,Usage,"USD 0.10 per hour per vCPU running RDS Extended Support for MySQL 5.7 in Year 1, Year 2",Amazon Relational Database Service,Databases,us-west-2,46124420288,,,TB3JHXC6ZCYSVN98,70.6,vCPU-Hours
2024-09-12T03:00:00.000Z,2024-09-12T04:00:00.000Z,USD,12.85,12.85,Usage,"USD 0.10 per hour per vCPU running RDS Extended Support for MySQL 5.7 in Year 1, Year 2",Amazon Relational Database Service,Databases,us-west-2,46124420288,,,TB3JHXC6ZCYSVN98,128.5,vCPU-Hours
2024-09-12T04:00:00.000Z,2024-09-12T05:00:00.000Z,USD,10.25,10.25,Usage,"USD 0.10 per hour per vCPU running RDS Extended Support for MySQL 5.7 in Year 1, Year 2",Amazon Relational Database Service,Databases,us-west-2,46124420288,,,TB3JHXC6ZCYSVN98,102.5,vCPU-Hours
2024-09-12T05:00:00.000Z,2024-09-12T06:00:00.000Z,USD,5.37,5.37,Usage,"USD 0.10 per hour per vCPU running RDS Extended Support for MySQL 5.7 in Year 1, Year 2",Amazon Relational Database Service,Databases,us-west-2,46124420288,,,TB3JHXC6ZCYSVN98,53.7,vCPU-Hours
2024-09-12T06:00:00.000Z,2024-09-12T07:00:00.000Z,USD,11.45,11.45,Usage,"USD 0.10 per hour per vCPU running RDS Extended Support for MySQL 5.7 in Year 1, Year 2",Amazon Relational Database Service,Databases,us-west-2,46124420288,,,TB3JHXC6ZCYSVN98,114.5,vCPU-Hours
2024-09-12T07:00:00.000Z,2024-09-12T08:00:00.000Z,USD,9.49,9.49,Usage,"USD 0.10 per hour per vCPU running RDS Extended Support for MySQL 5.7 in Year 1, Year 2",Amazon Relational Database Service,Databases,us-west-2,46124420288,,,TB3JHXC6ZCYSVN98,94.9,vCPU-Hours
2024-09-12T08:00:00.000Z,2024-09-12T09:00:00.000Z,USD,16.72,16.72,Usage,"USD 0.10 per hour per vCPU running RDS Extended Support for MySQL 5.7 in Year 1, Year 2",Amazon Relational Database Service,Databases,us-west-2,46124420288,,,TB3JHXC6ZCYSVN98,167.2,vCPU-Hours
2024-09-12T09:00:00.000Z,2024-09-12T10:00:00.000Z,USD,19.84,19.84,Usage,"USD 0.10 per hour per vCPU running RDS Extended Support for MySQL 5.7 in Year 1, Year 2",Amazon Relational Database Service,Databases,us-west-2,46124420288,,,TB3JHXC6ZCYSVN98,198.4,vCPU-Hours
2024-09-12T10:00:00.000Z,2024-09-12T11:00:00.000Z,USD,27.19,27.19,Usage,"USD 0.10 per hour per vCPU running RDS Extended Support for MySQL 5.7 in Year 1, Year 2",Amazon Relational Database Service,Databases,us-west-2,46124420288,,,TB3JHXC6ZCYSVN98,271.9,vCPU-Hours
2024-09-12T11:00:00.000Z,2024-09-12T12:00:00.000Z,USD,18.09,18.09,Usage,"USD 0.10 per hour per vCPU running RDS Extended Support for MySQL 5.7 in Year 1, Year 2",Amazon Relational Database Service,Databases,us-west-2,46124420288,,,TB3JHXC6ZCYSVN98,180.9,vCPU-Hours
2024-09-12T12:00:00.000Z,2024-09-12T13:00:00.000Z,USD,23.02,23.02,Usage,"USD 0.10 per hour per vCPU running RDS Extended Support for MySQL 5.7 in Year 1, Year 2",Amazon Relational Database Service,Databases,us-west-2,46124420288,,,TB3JHXC6ZCYSVN98,230.2,vCPU-Hours
2024-09-12T13:00:00.000Z,2024-09-12T14:00:00.000Z,USD,25.79,25.79,Usage,"USD 0.10 per hour per vCPU running RDS Extended Support for MySQL 5.7 in Year 1, Year 2",Amazon Relational Database Service,Databases,us-west-2,46124420288,,,TB3JHXC6ZCYSVN98,257.9,vCPU-Hours
2024-09-12T14:00:00.000Z,2024-09-12T15:00:00.000Z,USD,17.21,17.21,Usage,"USD 0.10 per hour per vCPU running RDS Extended Support for MySQL 5.7 in Year 1, Year 2",Amazon Relational Database Service,Databases,us-west-2,46124420288,,,TB3JHXC6ZCYSVN98,172.1,vCPU-Hours
2024-09-12T15:00:00.000Z,2024-09-12T16:00:00.000Z,USD,16.31,16.31,Usage,"USD 0.10 per hour per vCPU running RDS Extended Support for MySQL 5.7 in Year 1, Year 2",Amazon Relational Database Service,Databases,us-west-2,46124420288,,,TB3JHXC6ZCYSVN98,163.1,vCPU-Hours
2024-09-12T16:00:00.000Z,2024-09-12T17:00:00.000Z,USD,16.16,16.16,Usage,"USD 0.10 per hour per vCPU running RDS Extended Support for MySQL 5.7 in Year 1, Year 2",Amazon Relational Database Service,Databases,us-west-2,46124420288,,,TB3JHXC6ZCYSVN98,161.6,vCPU-Hours
2024-09-12T17:00:00.000Z,2024-09-12T18:00:00.000Z,USD,14.23,14.23,Usage,"USD 0.10 per hour per vCPU running RDS Extended Support for MySQL 5.7 in Year 1, Year 2",Amazon Relational Database Service,Databases,us-west-2,46124420288,,,TB3JHXC6ZCYSVN98,142.3,vCPU-Hours
2024-09-12T18:00:00.000Z,2024-09-12T19:00:00.000Z,USD,16.49,16.49,Usage,"USD 0.10 per hour per vCPU running RDS Extended Support for MySQL 5.7 in Year 1, Year 2",Amazon Relational Database Service,Databases,us-west-2,46124420288,,,TB3JHXC6ZCYSVN98,164.9,vCPU-Hours
2024-09-12T19:00:00.000Z,2024-09-12T20:00:00.000Z,USD,17.61,17.61,Usage,"USD 0.10 per hour per vCPU running RDS Extended Support for MySQL 5.7 in Year 1, Year 2",Amazon Relational Database Service,Databases,us-west-2,46124420288,,,TB3JHXC6ZCYSVN98,176.1,vCPU-Hours
2024-09-12T20:00:00.000Z,2024-09-12T21:00:00.000Z,USD,11.44,11.44,Usage,"USD 0.10 per hour per vCPU running RDS Extended Support for MySQL 5.7 in Year 1, Year 2",Amazon Relational Database Service,Databases,us-west-2,46124420288,,,TB3JHXC6ZCYSVN98,114.4,vCPU-Hours
2024-09-12T21:00:00.000Z,2024-09-12T22:00:00.000Z,USD,12.51,12.51,Usage,"USD 0.10 per hour per vCPU running RDS Extended Support for MySQL 5.7 in Year 1, Year 2",Amazon Relational Database Service,Databases,us-west-2,46124420288,,,TB3JHXC6ZCYSVN98,125.1,vCPU-Hours
2024-09-12T22:00:00.000Z,2024-09-12T23:00:00.000Z,USD,14.44,14.44,Usage,"USD 0.10 per hour per vCPU running RDS Extended Support for MySQL 5.7 in Year 1, Year 2",Amazon Relational Database Service,Databases,us-west-2,46124420288,,,TB3JHXC6ZCYSVN98,144.4,vCPU-Hours
2024-09-12T23:00:00.000Z,2024-09-13T00:00:00.000Z,USD,7.87,7.87,Usage,"USD 0.10 per hour per vCPU running RDS Extended Support for MySQL 5.7 in Year 1, Year 2",Amazon Relational Database Service,Databases,us-west-2,46124420288,,,TB3JHXC6ZCYSVN98,78.7,vCPU-Hours
2024-09-13T00:00:00.000Z,2024-09-13T01:00:00.000Z,USD,6.89,6.89,Usage,"USD 0.10 per hour per vCPU running RDS Extended Support for MySQL 5.7 in Year 1, Year 2",Amazon Relational Database Service,Databases,us-west-2,46124420288,,,TB3JHXC6ZCYSVN98,68.9,vCPU-Hours
2024-09-13T01:00:00.000Z,2024-09-13T02:00:00.000Z,USD,12.23,12.23,Usage,"USD 0.10 per hour per vCPU running RDS Extended Support for MySQL 5.7 in Year 1, Year 2",Amazon Relational Database Service,Databases,us-west-2,46124420288,,,TB3JHXC6ZCYSVN98,122.3,vCPU-Hours
2024-09-13T02:00:00.000Z,2024-09-13T03:00:00.000Z,USD,12.05,12.05,Usage,"USD 0.10 per hour per vCPU running RDS Extended Support for MySQL 5.7 in Year 1, Year 2",Amazon Relational Database Service,Databases,us-west-2,46124420288,,,TB3JHXC6ZCYSVN98,120.5,vCPU-Hours
2024-09-13T03:00:00.000Z,2024-09-13T04:00:00.000Z,USD,9.67,9.67,Usage,"USD 0.10 per hour per vCPU running RDS Extended Support for MySQL 5.7 in Year 1, Year 2",Amazon Relational Database Service,Databases,us-west-2,46124420288,,,TB3JHXC6ZCYSVN98,96.7,vCPU-Hours
2024-09-13T04:00:00.000Z,2024-09-13T05:00:00.000Z,USD,7.99,7.99,Usage,"USD 0.10 per hour per vCPU running RDS Extended Support for MySQL 5.7 in Year 1, Year 2",Amazon Relational Database Service,Databases,us-west-2,46124420288,,,TB3JHXC6ZCYSVN98,79.9,vCPU-Hours
2024-09-13T05:00:00.000Z,2024-09-13T06:00:00.000Z,USD,12.41,12.41,Usage,"USD 0.10 per hour per vCPU running RDS Extended Support for MySQL 5.7 in Year 1, Year 2",Amazon Relational Database Service,Databases,us-west-2,46124420288,,,TB3JHXC6ZCYSVN98,124.1,vCPU-Hours
2024-09-13T06:00:00.000Z,2024-09-13T07:00:00.000Z,USD,7.15,7.15,Usage,"USD 0.10 per hour per vCPU running RDS Extended Support for MySQL 5.7 in Year 1, Year 2",Amazon Relational Database Service,Databases,us-west-2,46124420288,,,TB3JHXC6ZCYSVN98,71.5,vCPU-Hours
2024-09-13T07:00:00.000Z,2024-09-13T08:00:00.000Z,USD,9.65,9.65,Usage,"USD 0.10 per hour per vCPU running RDS Extended Support for MySQL 5.7 in Year 1, Year 2",Amazon Relational Database Service,Databases,us-west-2,46124420288,,,TB3JHXC6ZCYSVN98,96.5,vCPU-Hours
2024-09-13T08:00:00.000Z,2024-09-13T09:00:00.000Z,USD,26.07,26.07,Usage,"USD 0.10 per hour per vCPU running RDS Extended Support for MySQL 5.7 in Year 1, Year 2",Amazon Relational Database Service,Databases,us-west-2,46124420288,,,TB3JHXC6ZCYSVN98,260.7,vCPU-Hours
2024-09-13T09:00:00.000Z,2024-09-13T10:00:00.000Z,USD,16.91,16.91,Usage,"USD 0.10 per hour per vCPU running RDS Extended Support for MySQL 5.7 in Year 1, Year 2",Amazon Relational Database Service,Databases,us-west-2,46124420288,,,TB3JHXC6ZCYSVN98,169.1,vCPU-Hours
2024-09-13T10:00:00.000Z,2024-09-13T11:00:00.000Z,USD,13.58,13.58,Usage,"USD 0.10 per hour per vCPU running RDS Extended Support for MySQL 5.7 in Year 1, Year 2",Amazon Relational Database Service,Databases,us-west-2,46124420288,,,TB3JHXC6ZCYSVN98,135.8,vCPU-Hours
2024-09-13T11:00:00.000Z,2024-09-13T12:00:00.000Z,USD,10.17,10.17,Usage,"USD 0.10 per hour per vCPU running RDS Extended Support for MySQL 5.7 in Year 1, Year 2",Amazon Relational Database Service,Databases,us-west-2,46124420288,,,TB3JHXC6ZCYSVN98,101.7,vCPU-Hours
2024-09-13T12:00:00.000Z,2024-09-13T13:00:00.000Z,USD,10.52,10.52,Usage,"USD 0.10 per hour per vCPU running RDS Extended Support for MySQL 5.7 in Year 1, Year 2",Amazon Relational Database Service,Databases,us-west-2,46124420288,,,TB3JHXC6ZCYSVN98,105.2,vCPU-Hours
2024-09-13T13:00:00.000Z,2024-09-13T14:00:00.000Z,USD,24.94,24.94,Usage,"USD 0.10 per hour per vCPU running RDS Extended Support for MySQL 5.7 in Year 1, Year 2",Amazon Relational Database Service,Databases,us-west-2,46124420288,,,TB3JHXC6ZCYSVN98,249.4,vCPU-Hours
2024-09-13T14:00:00.000Z,2024-09-13T15:00:00.000Z,USD,17.13,17.13,Usage,"USD 0.10 per hour per vCPU running RDS Extended Support for MySQL 5.7 in Year 1, Year 2",Amazon Relational Database Service,Databases,us-west-2,46124420288,,,TB3JHXC6ZCYSVN98,171.3,vCPU-Hours
2024-09-13T15:00:00.000Z,2024-09-13T16:00:00.000Z,USD,10.49,10.49,Usage,"USD 0.10 per hour per vCPU running RDS Extended Support for MySQL 5.7 in Year 1, Year 2",Amazon Relational Database Service,Databases,us-west-2,46124420288,,,TB3JHXC6ZCYSVN98,104.9,vCPU-Hours
2024-09-13T16:00:00.000Z,2024-09-13T17:00:00.000Z,USD,13.54,13.54,Usage,"USD 0.10 per hour per vCPU running RDS Extended Support for MySQL 5.7 in Year 1, Year 2",Amazon Relational Database Service,Databases,us-west-2,46124420288,,,TB3JHXC6ZCYSVN98,135.4,vCPU-Hours
2024-09-13T17:00:00.000Z,2024-09-13T18:00:00.000Z,USD,15.62,15.62,Usage,"USD 0.10 per hour per vCPU running RDS Extended Support for MySQL 5.7 in Year 1, Year 2",Amazon Relational Database Service,Databases,us-west-2,46124420288,,,TB3JHXC6ZCYSVN98,156.2,vCPU-Hours
2024-09-13T18:00:00.000Z,2024-09-13T19:00:00.000Z,USD,13.82,13.82,Usage,"USD 0.10 per hour per vCPU running RDS Extended Support for MySQL 5.7 in Year 1, Year 2",Amazon Relational Database Service,Databases,us-west-2,46124420288,,,TB3JHXC6ZCYSVN98,138.2,vCPU-Hours
2024-09-13T19:00:00.000Z,2024-09-13T20:00:00.000Z,USD,19.92,19.92,Usage,"USD 0.10 per hour per vCPU running RDS Extended Support for MySQL 5.7 in Year 1, Year 2",Amazon Relational Database Service,Databases,us-west-2,46124420288,,,TB3JHXC6ZCYSVN98,199.2,vCPU-Hours
2024-09-13T20:00:00.000Z,2024-09-13T21:00:00.000Z,USD,11.1,11.1,Usage,"USD 0.10 per hour per vCPU running RDS Extended Support for MySQL 5.7 in Year 1, Year 2",Amazon Relational Database Service,Databases,us-west-2,46124420288,,,TB3JHXC6ZCYSVN98,111,vCPU-Hours
2024-09-13T21:00:00.000Z,2024-09-13T22:00:00.000Z,USD,10.34,10.34,Usage,"USD 0.10 per hour per vCPU running RDS Extended Support for MySQL 5.7 in Year 1, Year 2",Amazon Relational Database Service,Databases,us-west-2,46124420288,,,TB3JHXC6ZCYSVN98,103.4,vCPU-Hours
2024-09-13T22:00:00.000Z,2024-09-13T23:00:00.000Z,USD,13.85,13.85,Usage,"USD 0.10 per hour per vCPU running RDS Extended Support for MySQL 5.7 in Year 1, Year 2",Amazon Relational Database Service,Databases,us-west-2,46124420288,,,TB3JHXC6ZCYSVN98,138.5,vCPU-Hours
2024-09-13T23:00:00.000Z,2024-09-14T00:00:00.000Z,USD,8.2,8.2,Usage,"USD 0.10 per hour per vCPU running RDS Extended Support for MySQL 5.7 in Year 1, Year 2",Amazon Relational Database Service,Databases,us-west-2,46124420288,,,TB3JHXC6ZCYSVN98,82,vCPU-Hours
2024-09-14T00:00:00.000Z,2024-09-14T01:00:00.000Z,USD,9.55,9.55,Usage,"USD 0.10 per hour per vCPU running RDS Extended Support for MySQL 5.7 in Year 1, Year 2",Amazon Relational Database Service,Databases,us-west-2,46124420288,,,TB3JHXC6ZCYSVN98,95.5,vCPU-Hours
2024-09-14T01:00:00.000Z,2024-09-14T02:00:00.000Z,USD,7.64,7.64,Usage,"USD 0.10 per hour per vCPU running RDS Extended Support for MySQL 5.7 in Year 1, Year 2",Amazon Relational Database Service,Databases,us-west-2,46124420288,,,TB3JHXC6ZCYSVN98,76.4,vCPU-Hours
2024-09-14T02:00:00.000Z,2024-09-14T03:00:00.000Z,USD,6.23,6.23,Usage,"USD 0.10 per hour per vCPU running RDS Extended Support for MySQL 5.7 in Year 1, Year 2",Amazon Relational Database Service,Databases,us-west-2,46124420288,,,TB3JHXC6ZCYSVN98,62.3,vCPU-Hours
2024-09-14T03:00:00.000Z,2024-09-14T04:00:00.000Z,USD,8.53,8.53,Usage,"USD 0.10 per hour per vCPU running RDS Extended Support for MySQL 5.7 in Year 1, Year 2",Amazon Relational Database Service,Databases,us-west-2,46124420288,,,TB3JHXC6ZCYSVN98,85.3,vCPU-Hours
2024-09-14T04:00:00.000Z,2024-09-14T05:00:00.000Z,USD,10.45,10.45,Usage,"USD 0.10 per hour per vCPU running RDS Extended Support for MySQL 5.7 in Year 1, Year 2",Amazon Relational Database Service,Databases,us-west-2,46124420288,,,TB3JHXC6ZCYSVN98,104.5,vCPU-Hours
2024-09-14T05:00:00.000Z,2024-09-14T06:00:00.000Z,USD,6.38,6.38,Usage,"USD 0.10 per hour per vCPU running RDS Extended Support for MySQL 5.7 in Year 1, Year 2",Amazon Relational Database Service,Databases,us-west-2,46124420288,,,TB3JHXC6ZCYSVN98,63.8,vCPU-Hours
2024-09-14T06:00:00.000Z,2024-09-14T07:00:00.000Z,USD,6.62,6.62,Usage,"USD 0.10 per hour per vCPU running RDS Extended Support for MySQL 5.7 in Year 1, Year 2",Amazon Relational Database Service,Databases,us-west-2,46124420288,,,TB3JHXC6ZCYSVN98,66.2,vCPU-Hours
2024-09-14T07:00:00.000Z,2024-09-14T08:00:00.000Z,USD,5.98,5.98,Usage,"USD 0.10 per hour per vCPU running RDS Extended Support for MySQL 5.7 in Year 1, Year 2",Amazon Relational Database Service,Databases,us-west-2,46124420288,,,TB3JHXC6ZCYSVN98,59.8,vCPU-Hours
2024-09-14T08:00:00.000Z,2024-09-14T09:00:00.000Z,USD,7.13,7.13,Usage,"USD 0.10 per hour per vCPU running RDS Extended Support for MySQL 5.7 in Year 1, Year 2",Amazon Relational Database Service,Databases,us-west-2,46124420288,,,TB3JHXC6ZCYSVN98,71.3,vCPU-Hours
2024-09-14T09:00:00.000Z,2024-09-14T10:00:00.000Z,USD,10.17,10.17,Usage,"USD 0.10 per hour per vCPU running RDS Extended Support for MySQL 5.7 in Year 1, Year 2",Amazon Relational Database Service,Databases,us-west-2,46124420288,,,TB3JHXC6ZCYSVN98,101.7,vCPU-Hours
2024-09-14T10:00:00.000Z,2024-09-14T11:00:00.000Z,USD,6.49,6.49,Usage,"USD 0.10 per hour per vCPU running RDS Extended Support for MySQL 5.7 in Year 1, Year 2",Amazon Relational Database Service,Databases,us-west-2,46124420288,,,TB3JHXC6ZCYSVN98,64.9,vCPU-Hours
2024-09-14T11:00:00.000Z,2024-09-14T12:00:00.000Z,USD,8.49,8.49,Usage,"USD 0.10 per hour per vCPU running RDS Extended Support for MySQL 5.7 in Year 1, Year 2",Amazon Relational Database Service,Databases,us-west-2,46124420288,,,TB3JHXC6ZCYSVN98,84.9,vCPU-Hours
2024-09-14T12:00:00.000Z,2024-09-14T13:00:00.000Z,USD,6.77,6.77,Usage,"USD 0.10 per hour per vCPU running RDS Extended Support for MySQL 5.7 in Year 1, Year 2",Amazon Relational Database Service,Databases,us-west-2,46124420288,,,TB3JHXC6ZCYSVN98,67.7,vCPU-Hours
2024-09-14T13:00:00.000Z,2024-09-14T14:00:00.000Z,USD,8.21,8.21,Usage,"USD 0.10 per hour per vCPU running RDS Extended Support for MySQL 5.7 in Year 1, Year 2",Amazon Relational Database Service,Databases,us-west-2,46124420288,,,TB3JHXC6ZCYSVN98,82.1,vCPU-Hours
2024-09-14T14:00:00.000Z,2024-09-14T15:00:00.000Z,USD,4.07,4.07,Usage,"USD 0.10 per hour per vCPU running RDS Extended Support for MySQL 5.7 in Year 1, Year 2",Amazon Relational Database Service,Databases,us-west-2,46124420288,,,TB3JHXC6ZCYSVN98,40.7,vCPU-Hours
2024-09-14T15:00:00.000Z,2024-09-14T16:00:00.000Z,USD,9.86,9.86,Usage,"USD 0.10 per hour per vCPU running RDS Extended Support for MySQL 5.7 in Year 1, Year 2",Amazon Relational Database Service,Databases,us-west-2,46124420288,,,TB3JHXC6ZCYSVN98,98.6,vCPU-Hours
2024-09-14T16:00:00.000Z,2024-09-14T17:00:00.000Z,USD,5.38,5.38,Usage,"USD 0.10 per hour per vCPU running RDS Extended Support for MySQL 5.7 in Year 1, Year 2",Amazon Relational Database Service,Databases,us-west-2,46124420288,,,TB3JHXC6ZCYSVN98,53.8,vCPU-Hours
2024-09-14T17:00:00.000Z,2024-09-14T18:00:00.000Z,USD,7.87,7.87,Usage,"USD 0.10 per hour per vCPU running RDS Extended Support for MySQL 5.7 in Year 1, Year 2",Amazon Relational Database Service,Databases,us-west-2,46124420288,,,TB3JHXC6ZCYSVN98,78.7,vCPU-Hours
2024-09-14T18:00:00.000Z,2024-09-14T19:00:00.000Z,USD,5.96,5.96,Usage,"USD 0.10 per hour per vCPU running RDS Extended Support for MySQL 5.7 in Year 1, Year 2",Amazon Relational Database Service,Databases,us-west-2,46124420288,,,TB3JHXC6ZCYSVN98,59.6,vCPU-Hours
2024-09-14T19:00:00.000Z,2024-09-14T20:00:00.000Z,USD,8.81,8.81,Usage,"USD 0.10 per hour per vCPU running RDS Extended Support for MySQL 5.7 in Year 1, Year 2",Amazon Relational Database Service,Databases,us-west-2,46124420288,,,TB3JHXC6ZCYSVN98,88.1,vCPU-Hours
2024-09-14T20:00:00.000Z,2024-09-14T21:00:00.000Z,USD,9.78,9.78,Usage,"USD 0.10 per hour per vCPU running RDS Extended Support for MySQL 5.7 in Year 1, Year 2",Amazon Relational Database Service,Databases,us-west-2,46124420288,,,TB3JHXC6ZCYSVN98,97.8,vCPU-Hours
2024-09-14T21:00:00.000Z,2024-09-14T22:00:00.000Z,USD,6.65,6.65,Usage,"USD 0.10 per hour per vCPU running RDS Extended Support for MySQL 5.7 in Year 1, Year 2",Amazon Relational Database Service,Databases,us-west-2,46124420288,,,TB3JHXC6ZCYSVN98,66.5,vCPU-Hours
2024-09-14T22:00:00.000Z,2024-09-14T23:00:00.000Z,USD,6.83,6.83,Usage,"USD 0.10 per hour per vCPU running RDS Extended Support for MySQL 5.7 in Year 1, Year 2",Amazon Relational Database Service,Databases,us-west-2,46124420288,,,TB3JHXC6ZCYSVN98,68.3,vCPU-Hours
2024-09-14T23:00:00.000Z,2024-09-15T00:00:00.000Z,USD,9.79,9.79,Usage,"USD 0.10 per hour per vCPU running RDS Extended Support for MySQL 5.7 in Year 1, Year 2",Amazon Relational Database Service,Databases,us-west-2,46124420288,,,TB3JHXC6ZCYSVN98,97.9,vCPU-Hours
2024-09-15T00:00:00.000Z,2024-09-15T01:00:00.000Z,USD,4.28,4.28,Usage,"USD 0.10 per hour per vCPU running RDS Extended Support for MySQL 5.7 in Year 1, Year 2",Amazon Relational Database Service,Databases,us-west-2,46124420288,,,TB3JHXC6ZCYSVN98,42.8,vCPU-Hours
2024-09-15T01:00:00.000Z,2024-09-15T02:00:00.000Z,USD,4.74,4.74,Usage,"USD 0.10 per hour per vCPU running RDS Extended Support for MySQL 5.7 in Year 1, Year 2",Amazon Relational Database Service,Databases,us-west-2,46124420288,,,TB3JHXC6ZCYSVN98,47.4,vCPU-Hours
2024-09-15T02:00:00.000Z,2024-09-15T03:00:00.000Z,USD,7.04,7.04,Usage,"USD 0.10 per hour per vCPU running RDS Extended Support for MySQL 5.7 in Year 1, Year 2",Amazon Relational Database Service,Databases,us-west-2,46124420288,,,TB3JHXC6ZCYSVN98,70.4,vCPU-Hours
2024-09-15T03:00:00.000Z,2024-09-15T04:00:00.000Z,USD,10.4,10.4,Usage,"USD 0.10 per hour per vCPU running RDS Extended Support for MySQL 5.7 in Year 1, Year 2",Amazon Relational Database Service,Databases,us-west-2,46124420288,,,TB3JHXC6ZCYSVN98,104,vCPU-Hours
2024-09-15T04:00:00.000Z,2024-09-15T05:00:00.000Z,USD,7.45,7.45,Usage,"USD 0.10 per hour per vCPU running RDS Extended Support for MySQL 5.7 in Year 1, Year 2",Amazon Relational Database Service,Databases,us-west-2,46124420288,,,TB3JHXC6ZCYSVN98,74.5,vCPU-Hours
2024-09-15T05:00:00.000Z,2024-09-15T06:00:00.000Z,USD,10.16,10.16,Usage,"USD 0.10 per hour per vCPU running RDS Extended Support for MySQL 5.7 in Year 1, Year 2",Amazon Relational Database Service,Databases,us-west-2,46124420288,,,TB3JHXC6ZCYSVN98,101.6,vCPU-Hours
2024-09-15T06:00:00.000Z,2024-09-15T07:00:00.000Z,USD,3.77,3.77,Usage,"USD 0.10 per hour per vCPU running RDS Extended Support for MySQL 5.7 in Year 1, Year 2",Amazon Relational Database Service,Databases,us-west-2,46124420288,,,TB3JHXC6ZCYSVN98,37.7,vCPU-Hours
2024-09-15T07:00:00.000Z,2024-09-15T08:00:00.000Z,USD,5.75,5.75,Usage,"USD 0.10 per hour per vCPU running RDS Extended Support for MySQL 5.7 in Year 1, Year 2",Amazon Relational Database Service,Databases,us-west-2,46124420288,,,TB3JHXC6ZCYSVN98,57.5,vCPU-Hours
2024-09-15T08:00:00.000Z,2024-09-15T09:00:00.000Z,USD,5.15,5.15,Usage,"USD 0.10 per hour per vCPU running RDS Extended Support for MySQL 5.7 in Year 1, Year 2",Amazon Relational Database Service,Databases,us-west-2,46124420288,,,TB3JHXC6ZCYSVN98,51.5,vCPU-Hours
2024-09-15T09:00:00.000Z,2024-09-15T10:00:00.000Z,USD,7.72,7.72,Usage,"USD 0.10 per hour per vCPU running RDS Extended Support for MySQL 5.7 in Year 1, Year 2",Amazon Relational Database Service,Databases,us-west-2,46124420288,,,TB3JHXC6ZCYSVN98,77.2,vCPU-Hours
2024-09-15T10:00:00.000Z,2024-09-15T11:00:00.000Z,USD,9.27,9.27,Usage,"USD 0.10 per hour per vCPU running RDS Extended Support for MySQL 5.7 in Year 1, Year 2",Amazon Relational Database Service,Databases,us-west-2,46124420288,,,TB3JHXC6ZCYSVN98,92.7,vCPU-Hours
2024-09-15T11:00:00.000Z,2024-09-15T12:00:00.000Z,USD,8.97,8.97,Usage,"USD 0.10 per hour per vCPU running RDS Extended Support for MySQL 5.7 in Year 1, Year 2",Amazon Relational Database Service,Databases,us-west-2,46124420288,,,TB3JHXC6ZCYSVN98,89.7,vCPU-Hours
2024-09-15T12:00:00.000Z,2024-09-15T13:00:00.000Z,USD,4,4,Usage,"USD 0.10 per hour per vCPU running RDS Extended Support for MySQL 5.7 in Year 1, Year 2",Amazon Relational Database Service,Databases,us-west-2,46124420288,,,TB3JHXC6ZCYSVN98,40,vCPU-Hours
2024-09-15T13:00:00.000Z,2024-09-15T14:00:00.000Z,USD,9.36,9.36,Usage,"USD 0.10 per hour per vCPU running RDS Extended Support for MySQL 5.7 in Year 1, Year 2",Amazon Relational Database Service,Databases,us-west-2,46124420288,,,TB3JHXC6ZCYSVN98,93.6,vCPU-Hours
2024-09-15T14:00:00.000Z,2024-09-15T15:00:00.000Z,USD,7.06,7.06,Usage,"USD 0.10 per hour per vCPU running RDS Extended Support for MySQL 5.7 in Year 1, Year 2",Amazon Relational Database Service,Databases,us-west-2,46124420288,,,TB3JHXC6ZCYSVN98,70.6,vCPU-Hours
2024-09-15T15:00:00.000Z,2024-09-15T16:00:00.000Z,USD,4.64,4.64,Usage,"USD 0.10 per hour per vCPU running RDS Extended Support for MySQL 5.7 in Year 1, Year 2",Amazon Relational Database Service,Databases,us-west-2,46124420288,,,TB3JHXC6ZCYSVN98,46.4,vCPU-Hours
2024-09-15T16:00:00.000Z,2024-09-15T17:00:00.000Z,USD,8.71,8.71,Usage,"USD 0.10 per hour per vCPU running RDS Extended Support for MySQL 5.7 in Year 1, Year 2",Amazon Relational Database Service,Databases,us-west-2,46124420288,,,TB3JHXC6ZCYSVN98,87.1,vCPU-Hours
2024-09-15T17:00:00.000Z,2024-09-15T18:00:00.000Z,USD,3.66,3.66,Usage,"USD 0.10 per hour per vCPU running RDS Extended Support for MySQL 5.7 in Year 1, Year 2",Amazon Relational Database Service,Databases,us-west-2,46124420288,,,TB3JHXC6ZCYSVN98,36.6,vCPU-Hours
2024-09-15T18:00:00.000Z,2024-09-15T19:00:00.000Z,USD,4.37,4.37,Usage,"USD 0.10 per hour per vCPU running RDS Extended Support for MySQL 5.7 in Year 1, Year 2",Amazon Relational Database Service,Databases,us-west-2,46124420288,,,TB3JHXC6ZCYSVN98,43.7,vCPU-Hours
2024-09-15T19:00:00.000Z,2024-09-15T20:00:00.000Z,USD,6.19,6.19,Usage,"USD 0.10 per hour per vCPU running RDS Extended Support for MySQL 5.7 in Year 1, Year 2",Amazon Relational Database Service,Databases,us-west-2,46124420288,,,TB3JHXC6ZCYSVN98,61.9,vCPU-Hours
2024-09-15T20:00:00.000Z,2024-09-15T21:00:00.000Z,USD,9.19,9.19,Usage,"USD 0.10 per hour per vCPU running RDS Extended Support for MySQL 5.7 in Year 1, Year 2",Amazon Relational Database Service,Databases,us-west-2,46124420288,,,TB3JHXC6ZCYSVN98,91.9,vCPU-Hours
2024-09-15T21:00:00.000Z,2024-09-15T22:00:00.000Z,USD,5.57,5.57,Usage,"USD 0.10 per hour per vCPU running RDS Extended Support for MySQL 5.7 in Year 1, Year 2",Amazon Relational Database Service,Databases,us-west-2,46124420288,,,TB3JHXC6ZCYSVN98,55.7,vCPU-Hours
2024-09-15T22:00:00.000Z,2024-09-15T23:00:00.000Z,USD,4.45,4.45,Usage,"USD 0.10 per hour per vCPU running RDS Extended Support for MySQL 5.7 in Year 1, Year 2",Amazon Relational Database Service,Databases,us-west-2,46124420288,,,TB3JHXC6ZCYSVN98,44.5,vCPU-Hours
2024-09-15T23:00:00.000Z,2024-09-16T00:00:00.000Z,USD,8.12,8.12,Usage,"USD 0.10 per hour per vCPU running RDS Extended Support for MySQL 5.7 in Year 1, Year 2",Amazon Relational Database Service,Databases,us-west-2,46124420288,,,TB3JHXC6ZCYSVN98,81.2,vCPU-Hours
2024-09-16T00:00:00.000Z,2024-09-16T01:00:00.000Z,USD,8.93,8.93,Usage,"USD 0.10 per hour per vCPU running RDS Extended Support for MySQL 5.7 in Year 1, Year 2",Amazon Relational Database Service,Databases,us-west-2,46124420288,,,TB3JHXC6ZCYSVN98,89.3,vCPU-Hours
2024-09-16T01:00:00.000Z,2024-09-16T02:00:00.000Z,USD,6.53,6.53,Usage,"USD 0.10 per hour per vCPU running RDS Extended Support for MySQL 5.7 in Year 1, Year 2",Amazon Relational Database Service,Databases,us-west-2,46124420288,,,TB3JHXC6ZCYSVN98,65.3,vCPU-Hours
2024-09-16T02:00:00.000Z,2024-09-16T03:00:00.000Z,USD,12.17,12.17,Usage,"USD 0.10 per hour per vCPU running RDS Extended Support for MySQL 5.7 in Year 1, Year 2",Amazon Relational Database Service,Databases,us-west-2,46124420288,,,TB3JHXC6ZCYSVN98,121.7,vCPU-Hours
2024-09-16T03:00:00.000Z,2024-09-16T04:00:00.000Z,USD,8.35,8.35,Usage,"USD 0.10 per hour per vCPU running RDS Extended Support for MySQL 5.7 in Year 1, Year 2",Amazon Relational Database Service,Databases,us-west-2,46124420288,,,TB3JHXC6ZCYSVN98,83.5,vCPU-Hours
2024-09-16T04:00:00.000Z,2024-09-16T05:00:00.000Z,USD,12.17,12.17,Usage,"USD 0.10 per hour per vCPU running RDS Extended Support for MySQL 5.7 in Year 1, Year 2",Amazon Relational Database Service,Databases,us-west-2,46124420288,,,TB3JHXC6ZCYSVN98,121.7,vCPU-Hours
2024-09-16T05:00:00.000Z,2024-09-16T06:00:00.000Z,USD,6.56,6.56,Usage,"USD 0.10 per hour per vCPU running RDS Extended Support for MySQL 5.7 in Year 1, Year 2",Amazon Relational Database Service,Databases,us-west-2,46124420288,,,TB3JHXC6ZCYSVN98,65.6,vCPU-Hours
2024-09-16T06:00:00.000Z,2024-09-16T07:00:00.000Z,USD,10.47,10.47,Usage,"USD 0.10 per hour per vCPU running RDS Extended Support for MySQL 5.7 in Year 1, Year 2",Amazon Relational Database Service,Databases,us-west-2,46124420288,,,TB3JHXC6ZCYSVN98,104.7,vCPU-Hours
2024-09-16T07:00:00.000Z,2024-09-16T08:00:00.000Z,USD,12.73,12.73,Usage,"USD 0.10 per hour per vCPU running RDS Extended Support for MySQL 5.7 in Year 1, Year 2",Amazon Relational Database Service,Databases,us-west-2,46124420288,,,TB3JHXC6ZCYSVN98,127.3,vCPU-Hours
2024-09-16T08:00:00.000Z,2024-09-16T09:00:00.000Z,USD,21.64,21.64,Usage,"USD 0.10 per hour per vCPU running RDS Extended Support for MySQL 5.7 in Year 1, Year 2",Amazon Relational Database Service,Databases,us-west-2,46124420288,,,TB3JHXC6ZCYSVN98,216.4,vCPU-Hours
2024-09-16T09:00:00.000Z,2024-09-16T10:00:00.000Z,USD,14.92,14.92,Usage,"USD 0.10 per hour per vCPU running RDS Extended Support for MySQL 5.7 in Year 1, Year 2",Amazon Relational Database Service,Databases,us-west-2,46124420288,,,TB3JHXC6ZCYSVN98,149.2,vCPU-Hours
2024-09-16T10:00:00.000Z,2024-09-16T11:00:00.000Z,USD,11.44,11.44,Usage,"USD 0.10 per hour per vCPU running RDS Extended Support for MySQL 5.7 in Year 1, Year 2",Amazon Relational Database Service,Databases,us-west-2,46124420288,,,TB3JHXC6ZCYSVN98,114.4,vCPU-Hours
2024-09-16T11:00:00.000Z,2024-09-16T12:00:00.000Z,USD,15.87,15.87,Usage,"USD 0.10 per hour per vCPU running RDS Extended Support for MySQL 5.7 in Year 1, Year 2",Amazon Relational Database Service,Databases,us-west-2,46124420288,,,TB3JHXC6ZCYSVN98,158.7,vCPU-Hours
2024-09-16T12:00:00.000Z,2024-09-16T13:00:00.000Z,USD,11.26,11.26,Usage,"USD 0.10 per hour per vCPU running RDS Extended Support for MySQL 5.7 in Year 1, Year 2",Amazon Relational Database Service,Databases,us-west-2,46124420288,,,TB3JHXC6ZCYSVN98,112.6,vCPU-Hours
2024-09-16T13:00:00.000Z,2024-09-16T14:00:00.000Z,USD,15.26,15.26,Usage,"USD 0.10 per hour per vCPU running RDS Extended Support for MySQL 5.7 in Year 1, Year 2",Amazon Relational Database Service,Databases,us-west-2,46124420288,,,TB3JHXC6ZCYSVN98,152.6,vCPU-Hours
2024-09-16T14:00:00.000Z,2024-09-16T15:00:00.000Z,USD,21.62,21.62,Usage,"USD 0.10 per hour per vCPU running RDS Extended Support for MySQL 5.7 in Year 1, Year 2",Amazon Relational Database Service,Databases,us-west-2,46124420288,,,TB3JHXC6ZCYSVN98,216.2,vCPU-Hours
2024-09-16T15:00:00.000Z,2024-09-16T16:00:00.000Z,USD,16.54,16.54,Usage,"USD 0.10 per hour per vCPU running RDS Extended Support for MySQL 5.7 in Year 1, Year 2",Amazon Relational Database Service,Databases,us-west-2,46124420288,,,TB3JHXC6ZCYSVN98,165.4,vCPU-Hours
2024-09-16T16:00:00.000Z,2024-09-16T17:00:00.000Z,USD,14.21,14.21,Usage,"USD 0.10 per hour per vCPU running RDS Extended Support for MySQL 5.7 in Year 1, Year 2",Amazon Relational Database Service,Databases,us-west-2,46124420288,,,TB3JHXC6ZCYSVN98,142.1,vCPU-Hours
2024-09-16T17:00:00.000Z,2024-09-16T18:00:00.000Z,USD,24.73,24.73,Usage,"USD 0.10 per hour per vCPU running RDS Extended Support for MySQL 5.7 in Year 1, Year 2",Amazon Relational Database Service,Databases,us-west-2,46124420288,,,TB3JHXC6ZCYSVN98,247.3,vCPU-Hours
2024-09-16T18:00:00.000Z,2024-09-16T19:00:00.000Z,USD,23.6,23.6,Usage,"USD 0.10 per hour per vCPU running RDS Extended Support for MySQL 5.7 in Year 1, Year 2",Amazon Relational Database Service,Databases,us-west-2,46124420288,,,TB3JHXC6ZCYSVN98,236,vCPU-Hours
2024-09-16T19:00:00.000Z,2024-09-16T20:00:00.000Z,USD,9.91,9.91,Usage,"USD 0.10 per hour per vCPU running RDS Extended Support for MySQL 5.7 in Year 1, Year 2",Amazon Relational Database Service,Databases,us-west-2,46124420288,,,TB3JHXC6ZCYSVN98,99.1,vCPU-Hours
2024-09-16T20:00:00.000Z,2024-09-16T21:00:00.000Z,USD,12.88,12.88,Usage,"USD 0.10 per hour per vCPU running RDS Extended Support for MySQL 5.7 in Year 1, Year 2",Amazon Relational Database Service,Databases,us-west-2,46124420288,,,TB3JHXC6ZCYSVN98,128.8,vCPU-Hours
2024-09-16T21:00:00.000Z,2024-09-16T22:00:00.000Z,USD,12.95,12.95,Usage,"USD 0.10 per hour per vCPU running RDS Extended Support for MySQL 5.7 in Year 1, Year 2",Amazon Relational Database Service,Databases,us-west-2,46124420288,,,TB3JHXC6ZCYSVN98,129.5,vCPU-Hours
2024-09-16T22:00:00.000Z,2024-09-16T23:00:00.000Z,USD,10.88,10.88,Usage,"USD 0.10 per hour per vCPU running RDS Extended Support for MySQL 5.7 in Year 1, Year 2",Amazon Relational Database Service,Databases,us-west-2,46124420288,,,TB3JHXC6ZCYSVN98,108.8,vCPU-Hours
2024-09-16T23:00:00.000Z,2024-09-17T00:00:00.000Z,USD,12.63,12.63,Usage,"USD 0.10 per hour per vCPU running RDS Extended Support for MySQL 5.7 in Year 1, Year 2",Amazon Relational Database Service,Databases,us-west-2,46124420288,,,TB3JHXC6ZCYSVN98,126.3,vCPU-Hours
2024-09-17T00:00:00.000Z,2024-09-17T01:00:00.000Z,USD,7.43,7.43,Usage,"USD 0.10 per hour per vCPU running RDS Extended Support for MySQL 5.7 in Year 1, Year 2",Amazon Relational Database Service,Databases,us-west-2,46124420288,,,TB3JHXC6ZCYSVN98,74.3,vCPU-Hours
2024-09-17T01:00:00.000Z,2024-09-17T02:00:00.000Z,USD,12.67,12.67,Usage,"USD 0.10 per hour per vCPU running RDS Extended Support for MySQL 5.7 in Year 1, Year 2",Amazon Relational Database Service,Databases,us-west-2,46124420288,,,TB3JHXC6ZCYSVN98,126.7,vCPU-Hours
2024-09-17T02:00:00.000Z,2024-09-17T03:00:00.000Z,USD,14.18,14.18,Usage,"USD 0.10 per hour per vCPU running RDS Extended Support for MySQL 5.7 in Year 1, Year 2",Amazon Relational Database Service,Databases,us-west-2,46124420288,,,TB3JHXC6ZCYSVN98,141.8,vCPU-Hours
2024-09-17T03:00:00.000Z,2024-09-17T04:00:00.000Z,USD,8.28,8.28,Usage,"USD 0.10 per hour per vCPU running RDS Extended Support for MySQL 5.7 in Year 1, Year 2",Amazon Relational Database Service,Databases,us-west-2,46124420288,,,TB3JHXC6ZCYSVN98,82.8,vCPU-Hours
2024-09-17T04:00:00.000Z,2024-09-17T05:00:00.000Z,USD,10.72,10.72,Usage,"USD 0.10 per hour per vCPU running RDS Extended Support for MySQL 5.7 in Year 1, Year 2",Amazon Relational Database Service,Databases,us-west-2,46124420288,,,TB3JHXC6ZCYSVN98,107.2,vCPU-Hours
2024-09-17T05:00:00.000Z,2024-09-17T06:00:00.000Z,USD,6.23,6.23,Usage,"USD 0.10 per hour per vCPU running RDS Extended Support for MySQL 5.7 in Year 1, Year 2",Amazon Relational Database Service,Databases,us-west-2,46124420288,,,TB3JHXC6ZCYSVN98,62.3,vCPU-Hours
2024-09-17T06:00:00.000Z,2024-09-17T07:00:00.000Z,USD,14.1,14.1,Usage,"USD 0.10 per hour per vCPU running RDS Extended Support for MySQL 5.7 in Year 1, Year 2",Amazon Relational Database Service,Databases,us-west-2,46124420288,,,TB3JHXC6ZCYSVN98,141,vCPU-Hours
2024-09-17T07:00:00.000Z,2024-09-17T08:00:00.000Z,USD,11.16,11.16,Usage,"USD 0.10 per hour per vCPU running RDS Extended Support for MySQL 5.7 in Year 1, Year 2",Amazon Relational Database Service,Databases,us-west-2,46124420288,,,TB3JHXC6ZCYSVN98,111.6,vCPU-Hours
2024-09-17T08:00:00.000Z,2024-09-17T09:00:00.000Z,USD,24.11,24.11,Usage,"USD 0.10 per hour per vCPU running RDS Extended Support for MySQL 5.7 in Year 1, Year 2",Amazon Relational Database Service,Databases,us-west-2,46124420288,,,TB3JHXC6ZCYSVN98,241.1,vCPU-Hours
2024-09-17T09:00:00.000Z,2024-09-17T10:00:00.000Z,USD,16.67,16.67,Usage,"USD 0.10 per hour per vCPU running RDS Extended Support for MySQL 5.7 in Year 1, Year 2",Amazon Relational Database Service,Databases,us-west-2,46124420288,,,TB3JHXC6ZCYSVN98,166.7,vCPU-Hours
2024-09-17T10:00:00.000Z,2024-09-17T11:00:00.000Z,USD,21.13,21.13,Usage,"USD 0.10 per hour per vCPU running RDS Extended Support for MySQL 5.7 in Year 1, Year 2",Amazon Relational Database Service,Databases,us-west-2,46124420288,,,TB3JHXC6ZCYSVN98,211.3,vCPU-Hours
2024-09-17T11:00:00.000Z,2024-09-17T12:00:00.000Z,USD,26.27,26.27,Usage,"USD 0.10 per hour per vCPU running RDS Extended Support for MySQL 5.7 in Year 1, Year 2",Amazon Relational Database Service,Databases,us-west-2,46124420288,,,TB3JHXC6ZCYSVN98,262.7,vCPU-Hours
2024-09-17T12:00:00.000Z,2024-09-17T13:00:00.000Z,USD,15.16,15.16,Usage,"USD 0.10 per hour per vCPU running RDS Extended Support for MySQL 5.7 in Year 1, Year 2",Amazon Relational Database Service,Databases,us-west-2,46124420288,,,TB3JHXC6ZCYSVN98,151.6,vCPU-Hours
2024-09-17T13:00:00.000Z,2024-09-17T14:00:00.000Z,USD,12.62,12.62,Usage,"USD 0.10 per hour per vCPU running RDS Extended Support for MySQL 5.7 in Year 1, Year 2",Amazon Relational Database Service,Databases,us-west-2,46124420288,,,TB3JHXC6ZCYSVN98,126.2,vCPU-Hours
2024-09-17T14:00:00.000Z,2024-09-17T15:00:00.000Z,USD,11.31,11.31,Usage,"USD 0.10 per hour per vCPU running RDS Extended Support for MySQL 5.7 in Year 1, Year 2",Amazon Relational Database Service,Databases,us-west-2,46124420288,,,TB3JHXC6ZCYSVN98,113.1,vCPU-Hours
2024-09-17T15:00:00.000Z,2024-09-17T16:00:00.000Z,USD,24.68,24.68,Usage,"USD 0.10 per hour per vCPU running RDS Extended Support for MySQL 5.7 in Year 1, Year 2",Amazon Relational Database Service,Databases,us-west-2,46124420288,,,TB3JHXC6ZCYSVN98,246.8,vCPU-Hours
2024-09-17T16:00:00.000Z,2024-09-17T17:00:00.000Z,USD,22.56,22.56,Usage,"USD 0.10 per hour per vCPU running RDS Extended Support for MySQL 5.7 in Year 1, Year 2",Amazon Relational Database Service,Databases,us-west-2,46124420288,,,TB3JHXC6ZCYSVN98,225.6,vCPU-Hours
2024-09-17T17:00:00.000Z,2024-09-17T18:00:00.000Z,USD,12.74,12.74,Usage,"USD 0.10 per hour per vCPU running RDS Extended Support for MySQL 5.7 in Year 1, Year 2",Amazon Relational Database Service,Databases,us-west-2,46124420288,,,TB3JHXC6ZCYSVN98,127.4,vCPU-Hours
2024-09-17T18:00:00.000Z,2024-09-17T19:00:00.000Z,USD,26.93,26.93,Usage,"USD 0.10 per hour per vCPU running RDS Extended Support for MySQL 5.7 in Year 1, Year 2",Amazon Relational Database Service,Databases,us-west-2,46124420288,,,TB3JHXC6ZCYSVN98,269.3,vCPU-Hours
2024-09-17T19:00:00.000Z,2024-09-17T20:00:00.000Z,USD,23.07,23.07,Usage,"USD 0.10 per hour per vCPU running RDS Extended Support for MySQL 5.7 in Year 1, Year 2",Amazon Relational Database Service,Databases,us-west-2,46124420288,,,TB3JHXC6ZCYSVN98,230.7,vCPU-Hours
2024-09-17T20:00:00.000Z,2024-09-17T21:00:00.000Z,USD,11.46,11.46,Usage,"USD 0.10 per hour per vCPU running RDS Extended Support for MySQL 5.7 in Year 1, Year 2",Amazon Relational Database Service,Databases,us-west-2,46124420288,,,TB3JHXC6ZCYSVN98,114.6,vCPU-Hours
2024-09-17T21:00:00.000Z,2024-09-17T22:00:00.000Z,USD,10.28,10.28,Usage,"USD 0.10 per hour per vCPU running RDS Extended Support for MySQL 5.7 in Year 1, Year 2",Amazon Relational Database Service,Databases,us-west-2,46124420288,,,TB3JHXC6ZCYSVN98,102.8,vCPU-Hours
2024-09-17T22:00:00.000Z,2024-09-17T23:00:00.000Z,USD,12.2,12.2,Usage,"USD 0.10 per hour per vCPU running RDS Extended Support for MySQL 5.7 in Year 1, Year 2",Amazon Relational Database Service,Databases,us-west-2,46124420288,,,TB3JHXC6ZCYSVN98,122,vCPU-Hours
2024-09-17T23:00:00.000Z,2024-09-18T00:00:00.000Z,USD,10.63,10.63,Usage,"USD 0.10 per hour per vCPU running RDS Extended Support for MySQL 5.7 in Year 1, Year 2",Amazon Relational Database Service,Databases,us-west-2,46124420288,,,TB3JHXC6ZCYSVN98,106.3,vCPU-Hours
2024-09-18T00:00:00.000Z,2024-09-18T01:00:00.000Z,USD,10.44,10.44,Usage,"USD 0.10 per hour per vCPU running RDS Extended Support for MySQL 5.7 in Year 1, Year 2",Amazon Relational Database Service,Databases,us-west-2,46124420288,,,TB3JHXC6ZCYSVN98,104.4,vCPU-Hours
2024-09-18T01:00:00.000Z,2024-09-18T02:00:00.000Z,USD,10.47,10.47,Usage,"USD 0.10 per hour per vCPU running RDS Extended Support for MySQL 5.7 in Year 1, Year 2",Amazon Relational Database Service,Databases,us-west-2,46124420288,,,TB3JHXC6ZCYSVN98,104.7,vCPU-Hours
2024-09-18T02:00:00.000Z,2024-09-18T03:00:00.000Z,USD,12.56,12.56,Usage,"USD 0.10 per hour per vCPU running RDS Extended Support for MySQL 5.7 in Year 1, Year 2",Amazon Relational Database Service,Databases,us-west-2,46124420288,,,TB3JHXC6ZCYSVN98,125.6,vCPU-Hours
2024-09-18T03:00:00.000Z,2024-09-18T04:00:00.000Z,USD,13.15,13.15,Usage,"USD 0.10 per hour per vCPU running RDS Extended Support for MySQL 5.7 in Year 1, Year 2",Amazon Relational Database Service,Databases,us-west-2,46124420288,,,TB3JHXC6ZCYSVN98,131.5,vCPU-Hours
2024-09-18T04:00:00.000Z,2024-09-18T05:00:00.000Z,USD,8.71,8.71,Usage,"USD 0.10 per hour per vCPU running RDS Extended Support for MySQL 5.7 in Year 1, Year 2",Amazon Relational Database Service,Databases,us-west-2,46124420288,,,TB3JHXC6ZCYSVN98,87.1,vCPU-Hours
2024-09-18T05:00:00.000Z,2024-09-18T06:00:00.000Z,USD,6.45,6.45,Usage,"USD 0.10 per hour per vCPU running RDS Extended Support for MySQL 5.7 in Year 1, Year 2",Amazon Relational Database Service,Databases,us-west-2,46124420288,,,TB3JHXC6ZCYSVN98,64.5,vCPU-Hours
2024-09-18T06:00:00.000Z,2024-09-18T07:00:00.000Z,USD,5.39,5.39,Usage,"USD 0.10 per hour per vCPU running RDS Extended Support for MySQL 5.7 in Year 1, Year 2",Amazon Relational Database Service,Databases,us-west-2,46124420288,,,TB3JHXC6ZCYSVN98,53.9,vCPU-Hours
2024-09-18T07:00:00.000Z,2024-09-18T08:00:00.000Z,USD,8.39,8.39,Usage,"USD 0.10 per hour per vCPU running RDS Extended Support for MySQL 5.7 in Year 1, Year 2",Amazon Relational Database Service,Databases,us-west-2,46124420288,,,TB3JHXC6ZCYSVN98,83.9,vCPU-Hours
2024-09-18T08:00:00.000Z,2024-09-18T09:00:00.000Z,USD,14.74,14.74,Usage,"USD 0.10 per hour per vCPU running RDS Extended Support for MySQL 5.7 in Year 1, Year 2",Amazon Relational Database Service,Databases,us-west-2,46124420288,,,TB3JHXC6ZCYSVN98,147.4,vCPU-Hours
2024-09-18T09:00:00.000Z,2024-09-18T10:00:00.000Z,USD,13.3,13.3,Usage,"USD 0.10 per hour per vCPU running RDS Extended Support for MySQL 5.7 in Year 1, Year 2",Amazon Relational Database Service,Databases,us-west-2,46124420288,,,TB3JHXC6ZCYSVN98,133,vCPU-Hours
2024-09-18T10:00:00.000Z,2024-09-18T11:00:00.000Z,USD,19.78,19.78,Usage,"USD 0.10 per hour per vCPU running RDS Extended Support for MySQL 5.7 in Year 1, Year 2",Amazon Relational Database Service,Databases,us-west-2,46124420288,,,TB3JHXC6ZCYSVN98,197.8,vCPU-Hours
2024-09-18T11:00:00.000Z,2024-09-18T12:00:00.000Z,USD,19.74,19.74,Usage,"USD 0.10 per hour per vCPU running RDS Extended Support for MySQL 5.7 in Year 1, Year 2",Amazon Relational Database Service,Databases,us-west-2,46124420288,,,TB3JHXC6ZCYSVN98,197.4,vCPU-Hours
2024-09-18T12:00:00.000Z,2024-09-18T13:00:00.000Z,USD,22.19,22.19,Usage,"USD 0.10 per hour per vCPU running RDS Extended Support for MySQL 5.7 in Year 1, Year 2",Amazon Relational Database Service,Databases,us-west-2,46124420288,,,TB3JHXC6ZCYSVN98,221.9,vCPU-Hours
2024-09-18T13:00:00.000Z,2024-09-18T14:00:00.000Z,USD,23.73,23.73,Usage,"USD 0.10 per hour per vCPU running RDS Extended Support for MySQL 5.7 in Year 1, Year 2",Amazon Relational Database Service,Databases,us-west-2,46124420288,,,TB3JHXC6ZCYSVN98,237.3,vCPU-Hours
2024-09-18T14:00:00.000Z,2024-09-18T15:00:00.000Z,USD,9.33,9.33,Usage,"USD 0.10 per hour per vCPU running RDS Extended Support for MySQL 5.7 in Year 1, Year 2",Amazon Relational Database Service,Databases,us-west-2,46124420288,,,TB3JHXC6ZCYSVN98,93.3,vCPU-Hours
2024-09-18T15:00:00.000Z,2024-09-18T16:00:00.000Z,USD,24.47,24.47,Usage,"USD 0.10 per hour per vCPU running RDS Extended Support for MySQL 5.7 in Year 1, Year 2",Amazon Relational Database Service,Databases,us-west-2,46124420288,,,TB3JHXC6ZCYSVN98,244.7,vCPU-Hours
2024-09-18T16:00:00.000Z,2024-09-18T17:00:00.000Z,USD,21.76,21.76,Usage,"USD 0.10 per hour per vCPU running RDS Extended Support for MySQL 5.7 in Year 1, Year 2",Amazon Relational Database Service,Databases,us-west-2,46124420288,,,TB3JHXC6ZCYSVN98,217.6,vCPU-Hours
2024-09-18T17:00:00.000Z,2024-09-18T18:00:00.000Z,USD,11.6,11.6,Usage,"USD 0.10 per hour per vCPU running RDS Extended Support for MySQL 5.7 in Year 1, Year 2",Amazon Relational Database Service,Databases,us-west-2,46124420288,,,TB3JHXC6ZCYSVN98,116,vCPU-Hours
2024-09-18T18:00:00.000Z,2024-09-18T19:00:00.000Z,USD,18.98,18.98,Usage,"USD 0.10 per hour per vCPU running RDS Extended Support for MySQL 5.7 in Year 1, Year 2",Amazon Relational Database Service,Databases,us-west-2,46124420288,,,TB3JHXC6ZCYSVN98,189.8,vCPU-Hours
2024-09-18T19:00:00.000Z,2024-09-18T20:00:00.000Z,USD,12.24,12.24,Usage,"USD 0.10 per hour per vCPU running RDS Extended Support for MySQL 5.7 in Year 1, Year 2",Amazon Relational Database Service,Databases,us-west-2,46124420288,,,TB3JHXC6ZCYSVN98,122.4,vCPU-Hours
2024-09-18T20:00:00.000Z,2024-09-18T21:00:00.000Z,USD,12.48,12.48,Usage,"USD 0.10 per hour per vCPU running RDS Extended Support for MySQL 5.7 in Year 1, Year 2",Amazon Relational Database Service,Databases,us-west-2,46124420288,,,TB3JHXC6ZCYSVN98,124.8,vCPU-Hours
2024-09-18T21:00:00.000Z,2024-09-18T22:00:00.000Z,USD,5.97,5.97,Usage,"USD 0.10 per hour per vCPU running RDS Extended Support for MySQL 5.7 in Year 1, Year 2",Amazon Relational Database Service,Databases,us-west-2,46124420288,,,TB3JHXC6ZCYSVN98,59.7,vCPU-Hours
2024-09-18T22:00:00.000Z,2024-09-18T23:00:00.000Z,USD,13.81,13.81,Usage,"USD 0.10 per hour per vCPU running RDS Extended Support for MySQL 5.7 in Year 1, Year 2",Amazon Relational Database Service,Databases,us-west-2,46124420288,,,TB3JHXC6ZCYSVN98,138.1,vCPU-Hours
2024-09-18T23:00:00.000Z,2024-09-19T00:00:00.000Z,USD,13.14,13.14,Usage,"USD 0.10 per hour per vCPU running RDS Extended Support for MySQL 5.7 in Year 1, Year 2",Amazon Relational Database Service,Databases,us-west-2,46124420288,,,TB3JHXC6ZCYSVN98,131.4,vCPU-Hours
2024-09-19T00:00:00.000Z,2024-09-19T01:00:00.000Z,USD,14.04,14.04,Usage,"USD 0.10 per hour per vCPU running RDS Extended Support for MySQL 5.7 in Year 1, Year 2",Amazon Relational Database Service,Databases,us-west-2,46124420288,,,TB3JHXC6ZCYSVN98,140.4,vCPU-Hours
2024-09-19T01:00:00.000Z,2024-09-19T02:00:00.000Z,USD,5.96,5.96,Usage,"USD 0.10 per hour per vCPU running RDS Extended Support for MySQL 5.7 in Year 1, Year 2",Amazon Relational Database Service,Databases,us-west-2,46124420288,,,TB3JHXC6ZCYSVN98,59.6,vCPU-Hours
2024-09-19T02:00:00.000Z,2024-09-19T03:00:00.000Z,USD,5.1,5.1,Usage,"USD 0.10 per hour per vCPU running RDS Extended Support for MySQL 5.7 in Year 1, Year 2",Amazon Relational Database Service,Databases,us-west-2,46124420288,,,TB3JHXC6ZCYSVN98,51,vCPU-Hours
2024-09-19T03:00:00.000Z,2024-09-19T04:00:00.000Z,USD,13.96,13.96,Usage,"USD 0.10 per hour per vCPU running RDS Extended Support for MySQL 5.7 in Year 1, Year 2",Amazon Relational Database Service,Databases,us-west-2,46124420288,,,TB3JHXC6ZCYSVN98,139.6,vCPU-Hours
2024-09-19T04:00:00.000Z,2024-09-19T05:00:00.000Z,USD,5.31,5.31,Usage,"USD 0.10 per hour per vCPU running RDS Extended Support for MySQL 5.7 in Year 1, Year 2",Amazon Relational Database Service,Databases,us-west-2,46124420288,,,TB3JHXC6ZCYSVN98,53.1,vCPU-Hours
2024-09-19T05:00:00.000Z,2024-09-19T06:00:00.000Z,USD,11.21,11.21,Usage,"USD 0.10 per hour per vCPU running RDS Extended Support for MySQL 5.7 in Year 1, Year 2",Amazon Relational Database Service,Databases,us-west-2,46124420288,,,TB3JHXC6ZCYSVN98,112.1,vCPU-Hours
2024-09-19T06:00:00.000Z,2024-09-19T07:00:00.000Z,USD,13.1,13.1,Usage,"USD 0.10 per hour per vCPU running RDS Extended Support for MySQL 5.7 in Year 1, Year 2",Amazon Relational Database Service,Databases,us-west-2,46124420288,,,TB3JHXC6ZCYSVN98,131,vCPU-Hours
2024-09-19T07:00:00.000Z,2024-09-19T08:00:00.000Z,USD,12.53,12.53,Usage,"USD 0.10 per hour per vCPU running RDS Extended Support for MySQL 5.7 in Year 1, Year 2",Amazon Relational Database Service,Databases,us-west-2,46124420288,,,TB3JHXC6ZCYSVN98,125.3,vCPU-Hours
2024-09-19T08:00:00.000Z,2024-09-19T09:00:00.000Z,USD,15.24,15.24,Usage,"USD 0.10 per hour per vCPU running RDS Extended Support for MySQL 5.7 in Year 1, Year 2",Amazon Relational Database Service,Databases,us-west-2,46124420288,,,TB3JHXC6ZCYSVN98,152.4,vCPU-Hours
2024-09-19T09:00:00.000Z,2024-09-19T10:00:00.000Z,USD,26.52,26.52,Usage,"USD 0.10 per hour per vCPU running RDS Extended Support for MySQL 5.7 in Year 1, Year 2",Amazon Relational Database Service,Databases,us-west-2,46124420288,,,TB3JHXC6ZCYSVN98,265.2,vCPU-Hours
2024-09-19T10:00:00.000Z,2024-09-19T11:00:00.000Z,USD,9.26,9.26,Usage,"USD 0.10 per hour per vCPU running RDS Extended Support for MySQL 5.7 in Year 1, Year 2",Amazon Relational Database Service,Databases,us-west-2,46124420288,,,TB3JHXC6ZCYSVN98,92.6,vCPU-Hours
2024-09-19T11:00:00.000Z,2024-09-19T12:00:00.000Z,USD,14.63,14.63,Usage,"USD 0.10 per hour per vCPU running RDS Extended Support for MySQL 5.7 in Year 1, Year 2",Amazon Relational Database Service,Databases,us-west-2,46124420288,,,TB3JHXC6ZCYSVN98,146.3,vCPU-Hours
2024-09-19T12:00:00.000Z,2024-09-19T13:00:00.000Z,USD,24.27,24.27,Usage,"USD 0.10 per hour per vCPU running RDS Extended Support for MySQL 5.7 in Year 1, Year 2",Amazon Relational Database Service,Databases,us-west-2,46124420288,,,TB3JHXC6ZCYSVN98,242.7,vCPU-Hours
2024-09-19T13:00:00.000Z,2024-09-19T14:00:00.000Z,USD,17.92,17.92,Usage,"USD 0.10 per hour per vCPU running RDS Extended Support for MySQL 5.7 in Year 1, Year 2",Amazon Relational Database Service,Databases,us-west-2,46124420288,,,TB3JHXC6ZCYSVN98,179.2,vCPU-Hours
2024-09-19T14:00:00.000Z,2024-09-19T15:00:00.000Z,USD,25.69,25.69,Usage,"USD 0.10 per hour per vCPU running RDS Extended Support for MySQL 5.7 in Year 1, Year 2",Amazon Relational Database Service,Databases,us-west-2,46124420288,,,TB3JHXC6ZCYSVN98,256.9,vCPU-Hours
2024-09-19T15:00:00.000Z,2024-09-19T16:00:00.000Z,USD,17.25,17.25,Usage,"USD 0.10 per hour per vCPU running RDS Extended Support for MySQL 5.7 in Year 1, Year 2",Amazon Relational Database Service,Databases,us-west-2,46124420288,,,TB3JHXC6ZCYSVN98,172.5,vCPU-Hours
2024-09-19T16:00:00.000Z,2024-09-19T17:00:00.000Z,USD,18.88,18.88,Usage,"USD 0.10 per hour per vCPU running RDS Extended Support for MySQL 5.7 in Year 1, Year 2",Amazon Relational Database Service,Databases,us-west-2,46124420288,,,TB3JHXC6ZCYSVN98,188.8,vCPU-Hours
2024-09-19T17:00:00.000Z,2024-09-19T18:00:00.000Z,USD,20.93,20.93,Usage,"USD 0.10 per hour per vCPU running RDS Extended Support for MySQL 5.7 in Year 1, Year 2",Amazon Relational Database Service,Databases,us-west-2,46124420288,,,TB3JHXC6ZCYSVN98,209.3,vCPU-Hours
2024-09-19T18:00:00.000Z,2024-09-19T19:00:00.000Z,USD,24.57,24.57,Usage,"USD 0.10 per hour per vCPU running RDS Extended Support for MySQL 5.7 in Year 1, Year 2",Amazon Relational Database Service,Databases,us-west-2,46124420288,,,TB3JHXC6ZCYSVN98,245.7,vCPU-Hours
2024-09-19T19:00:00.000Z,2024-09-19T20:00:00.000Z,USD,20.69,20.69,Usage,"USD 0.10 per hour per vCPU running RDS Extended Support for MySQL 5.7 in Year 1, Year 2",Amazon Relational Database Service,Databases,us-west-2,46124420288,,,TB3JHXC6ZCYSVN98,206.9,vCPU-Hours
2024-09-19T20:00:00.000Z,2024-09-19T21:00:00.000Z,USD,9.02,9.02,Usage,"USD 0.10 per hour per vCPU running RDS Extended Support for MySQL 5.7 in Year 1, Year 2",Amazon Relational Database Service,Databases,us-west-2,46124420288,,,TB3JHXC6ZCYSVN98,90.2,vCPU-Hours
2024-09-19T21:00:00.000Z,2024-09-19T22:00:00.000Z,USD,5.44,5.44,Usage,"USD 0.10 per hour per vCPU running RDS Extended Support for MySQL 5.7 in Year 1, Year 2",Amazon Relational Database Service,Databases,us-west-2,46124420288,,,TB3JHXC6ZCYSVN98,54.4,vCPU-Hours
2024-09-19T22:00:00.000Z,2024-09-19T23:00:00.000Z,USD,9.47,9.47,Usage,"USD 0.10 per hour per vCPU running RDS Extended Support for MySQL 5.7 in Year 1, Year 2",Amazon Relational Database Service,Databases,us-west-2,46124420288,,,TB3JHXC6ZCYSVN98,94.7,vCPU-Hours
2024-09-19T23:00:00.000Z,2024-09-20T00:00:00.000Z,USD,7.22,7.22,Usage,"USD 0.10 per hour per vCPU running RDS Extended Support for MySQL 5.7 in Year 1, Year 2",Amazon Relational Database Service,Databases,us-west-2,46124420288,,,TB3JHXC6ZCYSVN98,72.2,vCPU-Hours
2024-09-20T00:00:00.000Z,2024-09-20T01:00:00.000Z,USD,14.02,14.02,Usage,"USD 0.10 per hour per vCPU running RDS Extended Support for MySQL 5.7 in Year 1, Year 2",Amazon Relational Database Service,Databases,us-west-2,46124420288,,,TB3JHXC6ZCYSVN98,140.2,vCPU-Hours
2024-09-20T01:00:00.000Z,2024-09-20T02:00:00.000Z,USD,5.89,5.89,Usage,"USD 0.10 per hour per vCPU running RDS Extended Support for MySQL 5.7 in Year 1, Year 2",Amazon Relational Database Service,Databases,us-west-2,46124420288,,,TB3JHXC6ZCYSVN98,58.9,vCPU-Hours
2024-09-20T02:00:00.000Z,2024-09-20T03:00:00.000Z,USD,5.51,5.51,Usage,"USD 0.10 per hour per vCPU running RDS Extended Support for MySQL 5.7 in Year 1, Year 2",Amazon Relational Database Service,Databases,us-west-2,46124420288,,,TB3JHXC6ZCYSVN98,55.1,vCPU-Hours
2024-09-20T03:00:00.000Z,2024-09-20T04:00:00.000Z,USD,12.87,12.87,Usage,"USD 0.10 per hour per vCPU running RDS Extended Support for MySQL 5.7 in Year 1, Year 2",Amazon Relational Database Service,Databases,us-west-2,46124420288,,,TB3JHXC6ZCYSVN98,128.7,vCPU-Hours
2024-09-20T04:00:00.000Z,2024-09-20T05:00:00.000Z,USD,12.41,12.41,Usage,"USD 0.10 per hour per vCPU running RDS Extended Support for MySQL 5.7 in Year 1, Year 2",Amazon Relational Database Service,Databases,us-west-2,46124420288,,,TB3JHXC6ZCYSVN98,124.1,vCPU-Hours
2024-09-20T05:00:00.000Z,2024-09-20T06:00:00.000Z,USD,11.57,11.57,Usage,"USD 0.10 per hour per vCPU running RDS Extended Support for MySQL 5.7 in Year 1, Year 2",Amazon Relational Database Service,Databases,us-west-2,46124420288,,,TB3JHXC6ZCYSVN98,115.7,vCPU-Hours
2024-09-20T06:00:00.000Z,2024-09-20T07:00:00.000Z,USD,12.17,12.17,Usage,"USD 0.10 per hour per vCPU running RDS Extended Support for MySQL 5.7 in Year 1, Year 2",Amazon Relational Database Service,Databases,us-west-2,46124420288,,,TB3JHXC6ZCYSVN98,121.7,vCPU-Hours
2024-09-20T07:00:00.000Z,2024-09-20T08:00:00.000Z,USD,13.79,13.79,Usage,"USD 0.10 per hour per vCPU running RDS Extended Support for MySQL 5.7 in Year 1, Year 2",Amazon Relational Database Service,Databases,us-west-2,46124420288,,,TB3JHXC6ZCYSVN98,137.9,vCPU-Hours
2024-09-20T08:00:00.000Z,2024-09-20T09:00:00.000Z,USD,24.15,24.15,Usage,"USD 0.10 per hour per vCPU running RDS Extended Support for MySQL 5.7 in Year 1, Year 2",Amazon Relational Database Service,Databases,us-west-2,46124420288,,,TB3JHXC6ZCYSVN98,241.5,vCPU-Hours
2024-09-20T09:00:00.000Z,2024-09-20T10:00:00.000Z,USD,27.07,27.07,Usage,"USD 0.10 per hour per vCPU running RDS Extended Support for MySQL 5.7 in Year 1, Year 2",Amazon Relational Database Service,Databases,us-west-2,46124420288,,,TB3JHXC6ZCYSVN98,270.7,vCPU-Hours
2024-09-20T10:00:00.000Z,2024-09-20T11:00:00.000Z,USD,26.94,26.94,Usage,"USD 0.10 per hour per vCPU running RDS Extended Support for MySQL 5.7 in Year 1, Year 2",Amazon Relational Database Service,Databases,us-west-2,46124420288,,,TB3JHXC6ZCYSVN98,269.4,vCPU-Hours
2024-09-20T11:00:00.000Z,2024-09-20T12:00:00.000Z,USD,16.95,16.95,Usage,"USD 0.10 per hour per vCPU running RDS Extended Support for MySQL 5.7 in Year 1, Year 2",Amazon Relational Database Service,Databases,us-west-2,46124420288,,,TB3JHXC6ZCYSVN98,169.5,vCPU-Hours
2024-09-20T12:00:00.000Z,2024-09-20T13:00:00.000Z,USD,22.99,22.99,Usage,"USD 0.10 per hour per vCPU running RDS Extended Support for MySQL 5.7 in Year 1, Year 2",Amazon Relational Database Service,Databases,us-west-2,46124420288,,,TB3JHXC6ZCYSVN98,229.9,vCPU-Hours
2024-09-20T13:00:00.000Z,2024-09-20T14:00:00.000Z,USD,14.24,14.24,Usage,"USD 0.10 per hour per vCPU running RDS Extended Support for MySQL 5.7 in Year 1, Year 2",Amazon Relational Database Service,Databases,us-west-2,46124420288,,,TB3JHXC6ZCYSVN98,142.4,vCPU-Hours
2024-09-20T14:00:00.000Z,2024-09-20T15:00:00.000Z,USD,26.29,26.29,Usage,"USD 0.10 per hour per vCPU running RDS Extended Support for MySQL 5.7 in Year 1, Year 2",Amazon Relational Database Service,Databases,us-west-2,46124420288,,,TB3JHXC6ZCYSVN98,262.9,vCPU-Hours
2024-09-20T15:00:00.000Z,2024-09-20T16:00:00.000Z,USD,16.9,16.9,Usage,"USD 0.10 per hour per vCPU running RDS Extended Support for MySQL 5.7 in Year 1, Year 2",Amazon Relational Database Service,Databases,us-west-2,46124420288,,,TB3JHXC6ZCYSVN98,169,vCPU-Hours
2024-09-20T16:00:00.000Z,2024-09-20T17:00:00.000Z,USD,25.7,25.7,Usage,"USD 0.10 per hour per vCPU running RDS Extended Support for MySQL 5.7 in Year 1, Year 2",Amazon Relational Database Service,Databases,us-west-2,46124420288,,,TB3JHXC6ZCYSVN98,257,vCPU-Hours
2024-09-20T17:00:00.000Z,2024-09-20T18:00:00.000Z,USD,24.88,24.88,Usage,"USD 0.10 per hour per vCPU running RDS Extended Support for MySQL 5.7 in Year 1, Year 2",Amazon Relational Database Service,Databases,us-west-2,46124420288,,,TB3JHXC6ZCYSVN98,248.8,vCPU-Hours
2024-09-20T18:00:00.000Z,2024-09-20T19:00:00.000Z,USD,27.17,27.17,Usage,"USD 0.10 per hour per vCPU running RDS Extended Support for MySQL 5.7 in Year 1, Year 2",Amazon Relational Database Service,Databases,us-west-2,46124420288,,,TB3JHXC6ZCYSVN98,271.7,vCPU-Hours
2024-09-20T19:00:00.000Z,2024-09-20T20:00:00.000Z,USD,22.35,22.35,Usage,"USD 0.10 per hour per vCPU running RDS Extended Support for MySQL 5.7 in Year 1, Year 2",Amazon Relational Database Service,Databases,us-west-2,46124420288,,,TB3JHXC6ZCYSVN98,223.5,vCPU-Hours
2024-09-20T20:00:00.000Z,2024-09-20T21:00:00.000Z,USD,11.91,11.91,Usage,"USD 0.10 per hour per vCPU running RDS Extended Support for MySQL 5.7 in Year 1, Year 2",Amazon Relational Database Service,Databases,us-west-2,46124420288,,,TB3JHXC6ZCYSVN98,119.1,vCPU-Hours
2024-09-20T21:00:00.000Z,2024-09-20T22:00:00.000Z,USD,9.59,9.59,Usage,"USD 0.10 per hour per vCPU running RDS Extended Support for MySQL 5.7 in Year 1, Year 2",Amazon Relational Database Service,Databases,us-west-2,46124420288,,,TB3JHXC6ZCYSVN98,95.9,vCPU-Hours
2024-09-20T22:00:00.000Z,2024-09-20T23:00:00.000Z,USD,12.5,12.5,Usage,"USD 0.10 per hour per vCPU running RDS Extended Support for MySQL 5.7 in Year 1, Year 2",Amazon Relational Database Service,Databases,us-west-2,46124420288,,,TB3JHXC6ZCYSVN98,125,vCPU-Hours
2024-09-20T23:00:00.000Z,2024-09-21T00:00:00.000Z,USD,8.83,8.83,Usage,"USD 0.10 per hour per vCPU running RDS Extended Support for MySQL 5.7 in Year 1, Year 2",Amazon Relational Database Service,Databases,us-west-2,46124420288,,,TB3JHXC6ZCYSVN98,88.3,vCPU-Hours
2024-09-21T00:00:00.000Z,2024-09-21T01:00:00.000Z,USD,6.01,6.01,Usage,"USD 0.10 per hour per vCPU running RDS Extended Support for MySQL 5.7 in Year 1, Year 2",Amazon Relational Database Service,Databases,us-west-2,46124420288,,,TB3JHXC6ZCYSVN98,60.1,vCPU-Hours
2024-09-21T01:00:00.000Z,2024-09-21T02:00:00.000Z,USD,10.17,10.17,Usage,"USD 0.10 per hour per vCPU running RDS Extended Support for MySQL 5.7 in Year 1, Year 2",Amazon Relational Database Service,Databases,us-west-2,46124420288,,,TB3JHXC6ZCYSVN98,101.7,vCPU-Hours
2024-09-21T02:00:00.000Z,2024-09-21T03:00:00.000Z,USD,5.61,5.61,Usage,"USD 0.10 per hour per vCPU running RDS Extended Support for MySQL 5.7 in Year 1, Year 2",Amazon Relational Database Service,Databases,us-west-2,46124420288,,,TB3JHXC6ZCYSVN98,56.1,vCPU-Hours
2024-09-21T03:00:00.000Z,2024-09-21T04:00:00.000Z,USD,5.87,5.87,Usage,"USD 0.10 per hour per vCPU running RDS Extended Support for MySQL 5.7 in Year 1, Year 2",Amazon Relational Database Service,Databases,us-west-2,46124420288,,,TB3JHXC6ZCYSVN98,58.7,vCPU-Hours
2024-09-21T04:00:00.000Z,2024-09-21T05:00:00.000Z,USD,3.86,3.86,Usage,"USD 0.10 per hour per vCPU running RDS Extended Support for MySQL 5.7 in Year 1, Year 2",Amazon Relational Database Service,Databases,us-west-2,46124420288,,,TB3JHXC6ZCYSVN98,38.6,vCPU-Hours
2024-09-21T05:00:00.000Z,2024-09-21T06:00:00.000Z,USD,7.66,7.66,Usage,"USD 0.10 per hour per vCPU running RDS Extended Support for MySQL 5.7 in Year 1, Year 2",Amazon Relational Database Service,Databases,us-west-2,46124420288,,,TB3JHXC6ZCYSVN98,76.6,vCPU-Hours
2024-09-21T06:00:00.000Z,2024-09-21T07:00:00.000Z,USD,8.33,8.33,Usage,"USD 0.10 per hour per vCPU running RDS Extended Support for MySQL 5.7 in Year 1, Year 2",Amazon Relational Database Service,Databases,us-west-2,46124420288,,,TB3JHXC6ZCYSVN98,83.3,vCPU-Hours
2024-09-21T07:00:00.000Z,2024-09-21T08:00:00.000Z,USD,5.12,5.12,Usage,"USD 0.10 per hour per vCPU running RDS Extended Support for MySQL 5.7 in Year 1, Year 2",Amazon Relational Database Service,Databases,us-west-2,46124420288,,,TB3JHXC6ZCYSVN98,51.2,vCPU-Hours
2024-09-21T08:00:00.000Z,2024-09-21T09:00:00.000Z,USD,4.81,4.81,Usage,"USD 0.10 per hour per vCPU running RDS Extended Support for MySQL 5.7 in Year 1, Year 2",Amazon Relational Database Service,Databases,us-west-2,46124420288,,,TB3JHXC6ZCYSVN98,48.1,vCPU-Hours
2024-09-21T09:00:00.000Z,2024-09-21T10:00:00.000Z,USD,7.64,7.64,Usage,"USD 0.10 per hour per vCPU running RDS Extended Support for MySQL 5.7 in Year 1, Year 2",Amazon Relational Database Service,Databases,us-west-2,46124420288,,,TB3JHXC6ZCYSVN98,76.4,vCPU-Hours
2024-09-21T10:00:00.000Z,2024-09-21T11:00:00.000Z,USD,4.32,4.32,Usage,"USD 0.10 per hour per vCPU running RDS Extended Support for MySQL 5.7 in Year 1, Year 2",Amazon Relational Database Service,Databases,us-west-2,46124420288,,,TB3JHXC6ZCYSVN98,43.2,vCPU-Hours
2024-09-21T11:00:00.000Z,2024-09-21T12:00:00.000Z,USD,9.67,9.67,Usage,"USD 0.10 per hour per vCPU running RDS Extended Support for MySQL 5.7 in Year 1, Year 2",Amazon Relational Database Service,Databases,us-west-2,46124420288,,,TB3JHXC6ZCYSVN98,96.7,vCPU-Hours
2024-09-21T12:00:00.000Z,2024-09-21T13:00:00.000Z,USD,9.6,9.6,Usage,"USD 0.10 per hour per vCPU running RDS Extended Support for MySQL 5.7 in Year 1, Year 2",Amazon Relational Database Service,Databases,us-west-2,46124420288,,,TB3JHXC6ZCYSVN98,96,vCPU-Hours
2024-09-21T13:00:00.000Z,2024-09-21T14:00:00.000Z,USD,8.32,8.32,Usage,"USD 0.10 per hour per vCPU running RDS Extended Support for MySQL 5.7 in Year 1, Year 2",Amazon Relational Database Service,Databases,us-west-2,46124420288,,,TB3JHXC6ZCYSVN98,83.2,vCPU-Hours
2024-09-21T14:00:00.000Z,2024-09-21T15:00:00.000Z,USD,7.44,7.44,Usage,"USD 0.10 per hour per vCPU running RDS Extended Support for MySQL 5.7 in Year 1, Year 2",Amazon Relational Database Service,Databases,us-west-2,46124420288,,,TB3JHXC6ZCYSVN98,74.4,vCPU-Hours
2024-09-21T15:00:00.000Z,2024-09-21T16:00:00.000Z,USD,10.42,10.42,Usage,"USD 0.10 per hour per vCPU running RDS Extended Support for MySQL 5.7 in Year 1, Year 2",Amazon Relational Database Service,Databases,us-west-2,46124420288,,,TB3JHXC6ZCYSVN98,104.2,vCPU-Hours
2024-09-21T16:00:00.000Z,2024-09-21T17:00:00.000Z,USD,4.21,4.21,Usage,"USD 0.10 per hour per vCPU running RDS Extended Support for MySQL 5.7 in Year 1, Year 2",Amazon Relational Database Service,Databases,us-west-2,46124420288,,,TB3JHXC6ZCYSVN98,42.1,vCPU-Hours
2024-09-21T17:00:00.000Z,2024-09-21T18:00:00.000Z,USD,8.08,8.08,Usage,"USD 0.10 per hour per vCPU running RDS Extended Support for MySQL 5.7 in Year 1, Year 2",Amazon Relational Database Service,Databases,us-west-2,46124420288,,,TB3JHXC6ZCYSVN98,80.8,vCPU-Hours
2024-09-21T18:00:00.000Z,2024-09-21T19:00:00.000Z,USD,7.78,7.78,Usage,"USD 0.10 per hour per vCPU running RDS Extended Support for MySQL 5.7 in Year 1, Year 2",Amazon Relational Database Service,Databases,us-west-2,46124420288,,,TB3JHXC6ZCYSVN98,77.8,vCPU-Hours
2024-09-21T19:00:00.000Z,2024-09-21T20:00:00.000Z,USD,9.88,9.88,Usage,"USD 0.10 per hour per vCPU running RDS Extended Support for MySQL 5.7 in Year 1, Year 2",Amazon Relational Database Service,Databases,us-west-2,46124420288,,,TB3JHXC6ZCYSVN98,98.8,vCPU-Hours
2024-09-21T20:00:00.000Z,2024-09-21T21:00:00.000Z,USD,3.62,3.62,Usage,"USD 0.10 per hour per vCPU running RDS Extended Support for MySQL 5.7 in Year 1, Year 2",Amazon Relational Database Service,Databases,us-west-2,46124420288,,,TB3JHXC6ZCYSVN98,36.2,vCPU-Hours
2024-09-21T21:00:00.000Z,2024-09-21T22:00:00.000Z,USD,6.99,6.99,Usage,"USD 0.10 per hour per vCPU running RDS Extended Support for MySQL 5.7 in Year 1, Year 2",Amazon Relational Database Service,Databases,us-west-2,46124420288,,,TB3JHXC6ZCYSVN98,69.9,vCPU-Hours
2024-09-21T22:00:00.000Z,2024-09-21T23:00:00.000Z,USD,5.96,5.96,Usage,"USD 0.10 per hour per vCPU running RDS Extended Support for MySQL 5.7 in Year 1, Year 2",Amazon Relational Database Service,Databases,us-west-2,46124420288,,,TB3JHXC6ZCYSVN98,59.6,vCPU-Hours
2024-09-21T23:00:00.000Z,2024-09-22T00:00:00.000Z,USD,7.67,7.67,Usage,"USD 0.10 per hour per vCPU running RDS Extended Support for MySQL 5.7 in Year 1, Year 2",Amazon Relational Database Service,Databases,us-west-2,46124420288,,,TB3JHXC6ZCYSVN98,76.7,vCPU-Hours
2024-09-22T00:00:00.000Z,2024-09-22T01:00:00.000Z,USD,9.26,9.26,Usage,"USD 0.10 per hour per vCPU running RDS Extended Support for MySQL 5.7 in Year 1, Year 2",Amazon Relational Database Service,Databases,us-west-2,46124420288,,,TB3JHXC6ZCYSVN98,92.6,vCPU-Hours
2024-09-22T01:00:00.000Z,2024-09-22T02:00:00.000Z,USD,6.26,6.26,Usage,"USD 0.10 per hour per vCPU running RDS Extended Support for MySQL 5.7 in Year 1, Year 2",Amazon Relational Database Service,Databases,us-west-2,46124420288,,,TB3JHXC6ZCYSVN98,62.6,vCPU-Hours
2024-09-22T02:00:00.000Z,2024-09-22T03:00:00.000Z,USD,10.31,10.31,Usage,"USD 0.10 per hour per vCPU running RDS Extended Support for MySQL 5.7 in Year 1, Year 2",Amazon Relational Database Service,Databases,us-west-2,46124420288,,,TB3JHXC6ZCYSVN98,103.1,vCPU-Hours
2024-09-22T03:00:00.000Z,2024-09-22T04:00:00.000Z,USD,6.96,6.96,Usage,"USD 0.10 per hour per vCPU running RDS Extended Support for MySQL 5.7 in Year 1, Year 2",Amazon Relational Database Service,Databases,us-west-2,46124420288,,,TB3JHXC6ZCYSVN98,69.6,vCPU-Hours
2024-09-22T04:00:00.000Z,2024-09-22T05:00:00.000Z,USD,5.52,5.52,Usage,"USD 0.10 per hour per vCPU running RDS Extended Support for MySQL 5.7 in Year 1, Year 2",Amazon Relational Database Service,Databases,us-west-2,46124420288,,,TB3JHXC6ZCYSVN98,55.2,vCPU-Hours
2024-09-22T05:00:00.000Z,2024-09-22T06:00:00.000Z,USD,8.7,8.7,Usage,"USD 0.10 per hour per vCPU running RDS Extended Support for MySQL 5.7 in Year 1, Year 2",Amazon Relational Database Service,Databases,us-west-2,46124420288,,,TB3JHXC6ZCYSVN98,87,vCPU-Hours
2024-09-22T06:00:00.000Z,2024-09-22T07:00:00.000Z,USD,9.07,9.07,Usage,"USD 0.10 per hour per vCPU running RDS Extended Support for MySQL 5.7 in Year 1, Year 2",Amazon Relational Database Service,Databases,us-west-2,46124420288,,,TB3JHXC6ZCYSVN98,90.7,vCPU-Hours
2024-09-22T07:00:00.000Z,2024-09-22T08:00:00.000Z,USD,5.4,5.4,Usage,"USD 0.10 per hour per vCPU running RDS Extended Support for MySQL 5.7 in Year 1, Year 2",Amazon Relational Database Service,Databases,us-west-2,46124420288,,,TB3JHXC6ZCYSVN98,54,vCPU-Hours
2024-09-22T08:00:00.000Z,2024-09-22T09:00:00.000Z,USD,4.87,4.87,Usage,"USD 0.10 per hour per vCPU running RDS Extended Support for MySQL 5.7 in Year 1, Year 2",Amazon Relational Database Service,Databases,us-west-2,46124420288,,,TB3JHXC6ZCYSVN98,48.7,vCPU-Hours
2024-09-22T09:00:00.000Z,2024-09-22T10:00:00.000Z,USD,10.03,10.03,Usage,"USD 0.10 per hour per vCPU running RDS Extended Support for MySQL 5.7 in Year 1, Year 2",Amazon Relational Database Service,Databases,us-west-2,46124420288,,,TB3JHXC6ZCYSVN98,100.3,vCPU-Hours
2024-09-22T10:00:00.000Z,2024-09-22T11:00:00.000Z,USD,9.97,9.97,Usage,"USD 0.10 per hour per vCPU running RDS Extended Support for MySQL 5.7 in Year 1, Year 2",Amazon Relational Database Service,Databases,us-west-2,46124420288,,,TB3JHXC6ZCYSVN98,99.7,vCPU-Hours
2024-09-22T11:00:00.000Z,2024-09-22T12:00:00.000Z,USD,6.4,6.4,Usage,"USD 0.10 per hour per vCPU running RDS Extended Support for MySQL 5.7 in Year 1, Year 2",Amazon Relational Database Service,Databases,us-west-2,46124420288,,,TB3JHXC6ZCYSVN98,64,vCPU-Hours
2024-09-22T12:00:00.000Z,2024-09-22T13:00:00.000Z,USD,9.36,9.36,Usage,"USD 0.10 per hour per vCPU running RDS Extended Support for MySQL 5.7 in Year 1, Year 2",Amazon Relational Database Service,Databases,us-west-2,46124420288,,,TB3JHXC6ZCYSVN98,93.6,vCPU-Hours
2024-09-22T13:00:00.000Z,2024-09-22T14:00:00.000Z,USD,7.82,7.82,Usage,"USD 0.10 per hour per vCPU running RDS Extended Support for MySQL 5.7 in Year 1, Year 2",Amazon Relational Database Service,Databases,us-west-2,46124420288,,,TB3JHXC6ZCYSVN98,78.2,vCPU-Hours
2024-09-22T14:00:00.000Z,2024-09-22T15:00:00.000Z,USD,7.4,7.4,Usage,"USD 0.10 per hour per vCPU running RDS Extended Support for MySQL 5.7 in Year 1, Year 2",Amazon Relational Database Service,Databases,us-west-2,46124420288,,,TB3JHXC6ZCYSVN98,74,vCPU-Hours
2024-09-22T15:00:00.000Z,2024-09-22T16:00:00.000Z,USD,7.96,7.96,Usage,"USD 0.10 per hour per vCPU running RDS Extended Support for MySQL 5.7 in Year 1, Year 2",Amazon Relational Database Service,Databases,us-west-2,46124420288,,,TB3JHXC6ZCYSVN98,79.6,vCPU-Hours
2024-09-22T16:00:00.000Z,2024-09-22T17:00:00.000Z,USD,9.58,9.58,Usage,"USD 0.10 per hour per vCPU running RDS Extended Support for MySQL 5.7 in Year 1, Year 2",Amazon Relational Database Service,Databases,us-west-2,46124420288,,,TB3JHXC6ZCYSVN98,95.8,vCPU-Hours
2024-09-22T17:00:00.000Z,2024-09-22T18:00:00.000Z,USD,8.69,8.69,Usage,"USD 0.10 per hour per vCPU running RDS Extended Support for MySQL 5.7 in Year 1, Year 2",Amazon Relational Database Service,Databases,us-west-2,46124420288,,,TB3JHXC6ZCYSVN98,86.9,vCPU-Hours
2024-09-22T18:00:00.000Z,2024-09-22T19:00:00.000Z,USD,7.86,7.86,Usage,"USD 0.10 per hour per vCPU running RDS Extended Support for MySQL 5.7 in Year 1, Year 2",Amazon Relational Database Service,Databases,us-west-2,46124420288,,,TB3JHXC6ZCYSVN98,78.6,vCPU-Hours
2024-09-22T19:00:00.000Z,2024-09-22T20:00:00.000Z,USD,4.07,4.07,Usage,"USD 0.10 per hour per vCPU running RDS Extended Support for MySQL 5.7 in Year 1, Year 2",Amazon Relational Database Service,Databases,us-west-2,46124420288,,,TB3JHXC6ZCYSVN98,40.7,vCPU-Hours
2024-09-22T20:00:00.000Z,2024-09-22T21:00:00.000Z,USD,8.19,8.19,Usage,"USD 0.10 per hour per vCPU running RDS Extended Support for MySQL 5.7 in Year 1, Year 2",Amazon Relational Database Service,Databases,us-west-2,46124420288,,,TB3JHXC6ZCYSVN98,81.9,vCPU-Hours
2024-09-22T21:00:00.000Z,2024-09-22T22:00:00.000Z,USD,10.18,10.18,Usage,"USD 0.10 per hour per vCPU running RDS Extended Support for MySQL 5.7 in Year 1, Year 2",Amazon Relational Database Service,Databases,us-west-2,46124420288,,,TB3JHXC6ZCYSVN98,101.8,vCPU-Hours
2024-09-22T22:00:00.000Z,2024-09-22T23:00:00.000Z,USD,3.85,3.85,Usage,"USD 0.10 per hour per vCPU running RDS Extended Support for MySQL 5.7 in Year 1, Year 2",Amazon Relational Database Service,Databases,us-west-2,46124420288,,,TB3JHXC6ZCYSVN98,38.5,vCPU-Hours
2024-09-22T23:00:00.000Z,2024-09-23T00:00:00.000Z,USD,5.03,5.03,Usage,"USD 0.10 per hour per vCPU running RDS Extended Support for MySQL 5.7 in Year 1, Year 2",Amazon Relational Database Service,Databases,us-west-2,46124420288,,,TB3JHXC6ZCYSVN98,50.3,vCPU-Hours
2024-09-23T00:00:00.000Z,2024-09-23T01:00:00.000Z,USD,9.78,9.78,Usage,"USD 0.10 per hour per vCPU running RDS Extended Support for MySQL 5.7 in Year 1, Year 2",Amazon Relational Database Service,Databases,us-west-2,46124420288,,,TB3JHXC6ZCYSVN98,97.8,vCPU-Hours
2024-09-23T01:00:00.000Z,2024-09-23T02:00:00.000Z,USD,9.41,9.41,Usage,"USD 0.10 per hour per vCPU running RDS Extended Support for MySQL 5.7 in Year 1, Year 2",Amazon Relational Database Service,Databases,us-west-2,46124420288,,,TB3JHXC6ZCYSVN98,94.1,vCPU-Hours
2024-09-23T02:00:00.000Z,2024-09-23T03:00:00.000Z,USD,14.32,14.32,Usage,"USD 0.10 per hour per vCPU running RDS Extended Support for MySQL 5.7 in Year 1, Year 2",Amazon Relational Database Service,Databases,us-west-2,46124420288,,,TB3JHXC6ZCYSVN98,143.2,vCPU-Hours
2024-09-23T03:00:00.000Z,2024-09-23T04:00:00.000Z,USD,8.81,8.81,Usage,"USD 0.10 per hour per vCPU running RDS Extended Support for MySQL 5.7 in Year 1, Year 2",Amazon Relational Database Service,Databases,us-west-2,46124420288,,,TB3JHXC6ZCYSVN98,88.1,vCPU-Hours
2024-09-23T04:00:00.000Z,2024-09-23T05:00:00.000Z,USD,14.66,14.66,Usage,"USD 0.10 per hour per vCPU running RDS Extended Support for MySQL 5.7 in Year 1, Year 2",Amazon Relational Database Service,Databases,us-west-2,46124420288,,,TB3JHXC6ZCYSVN98,146.6,vCPU-Hours
2024-09-23T05:00:00.000Z,2024-09-23T06:00:00.000Z,USD,10.96,10.96,Usage,"USD 0.10 per hour per vCPU running RDS Extended Support for MySQL 5.7 in Year 1, Year 2",Amazon Relational Database Service,Databases,us-west-2,46124420288,,,TB3JHXC6ZCYSVN98,109.6,vCPU-Hours
2024-09-23T06:00:00.000Z,2024-09-23T07:00:00.000Z,USD,7.44,7.44,Usage,"USD 0.10 per hour per vCPU running RDS Extended Support for MySQL 5.7 in Year 1, Year 2",Amazon Relational Database Service,Databases,us-west-2,46124420288,,,TB3JHXC6ZCYSVN98,74.4,vCPU-Hours
2024-09-23T07:00:00.000Z,2024-09-23T08:00:00.000Z,USD,6.05,6.05,Usage,"USD 0.10 per hour per vCPU running RDS Extended Support for MySQL 5.7 in Year 1, Year 2",Amazon Relational Database Service,Databases,us-west-2,46124420288,,,TB3JHXC6ZCYSVN98,60.5,vCPU-Hours
2024-09-23T08:00:00.000Z,2024-09-23T09:00:00.000Z,USD,20.82,20.82,Usage,"USD 0.10 per hour per vCPU running RDS Extended Support for MySQL 5.7 in Year 1, Year 2",Amazon Relational Database Service,Databases,us-west-2,46124420288,,,TB3JHXC6ZCYSVN98,208.2,vCPU-Hours
2024-09-23T09:00:00.000Z,2024-09-23T10:00:00.000Z,USD,22.43,22.43,Usage,"USD 0.10 per hour per vCPU running RDS Extended Support for MySQL 5.7 in Year 1, Year 2",Amazon Relational Database Service,Databases,us-west-2,46124420288,,,TB3JHXC6ZCYSVN98,224.3,vCPU-Hours
2024-09-23T10:00:00.000Z,2024-09-23T11:00:00.000Z,USD,20.28,20.28,Usage,"USD 0.10 per hour per vCPU running RDS Extended Support for MySQL 5.7 in Year 1, Year 2",Amazon Relational Database Service,Databases,us-west-2,46124420288,,,TB3JHXC6ZCYSVN98,202.8,vCPU-Hours
2024-09-23T11:00:00.000Z,2024-09-23T12:00:00.000Z,USD,15.79,15.79,Usage,"USD 0.10 per hour per vCPU running RDS Extended Support for MySQL 5.7 in Year 1, Year 2",Amazon Relational Database Service,Databases,us-west-2,46124420288,,,TB3JHXC6ZCYSVN98,157.9,vCPU-Hours
2024-09-23T12:00:00.000Z,2024-09-23T13:00:00.000Z,USD,21.75,21.75,Usage,"USD 0.10 per hour per vCPU running RDS Extended Support for MySQL 5.7 in Year 1, Year 2",Amazon Relational Database Service,Databases,us-west-2,46124420288,,,TB3JHXC6ZCYSVN98,217.5,vCPU-Hours
2024-09-23T13:00:00.000Z,2024-09-23T14:00:00.000Z,USD,22.9,22.9,Usage,"USD 0.10 per hour per vCPU running RDS Extended Support for MySQL 5.7 in Year 1, Year 2",Amazon Relational Database Service,Databases,us-west-2,46124420288,,,TB3JHXC6ZCYSVN98,229,vCPU-Hours
2024-09-23T14:00:00.000Z,2024-09-23T15:00:00.000Z,USD,26.54,26.54,Usage,"USD 0.10 per hour per vCPU running RDS Extended Support for MySQL 5.7 in Year 1, Year 2",Amazon Relational Database Service,Databases,us-west-2,46124420288,,,TB3JHXC6ZCYSVN98,265.4,vCPU-Hours
2024-09-23T15:00:00.000Z,2024-09-23T16:00:00.000Z,USD,18.93,18.93,Usage,"USD 0.10 per hour per vCPU running RDS Extended Support for MySQL 5.7 in Year 1, Year 2",Amazon Relational Database Service,Databases,us-west-2,46124420288,,,TB3JHXC6ZCYSVN98,189.3,vCPU-Hours
2024-09-23T16:00:00.000Z,2024-09-23T17:00:00.000Z,USD,14.39,14.39,Usage,"USD 0.10 per hour per vCPU running RDS Extended Support for MySQL 5.7 in Year 1, Year 2",Amazon Relational Database Service,Databases,us-west-2,46124420288,,,TB3JHXC6ZCYSVN98,143.9,vCPU-Hours
2024-09-23T17:00:00.000Z,2024-09-23T18:00:00.000Z,USD,26.57,26.57,Usage,"USD 0.10 per hour per vCPU running RDS Extended Support for MySQL 5.7 in Year 1, Year 2",Amazon Relational Database Service,Databases,us-west-2,46124420288,,,TB3JHXC6ZCYSVN98,265.7,vCPU-Hours
2024-09-23T18:00:00.000Z,2024-09-23T19:00:00.000Z,USD,20.96,20.96,Usage,"USD 0.10 per hour per vCPU running RDS Extended Support for MySQL 5.7 in Year 1, Year 2",Amazon Relational Database Service,Databases,us-west-2,46124420288,,,TB3JHXC6ZCYSVN98,209.6,vCPU-Hours
2024-09-23T19:00:00.000Z,2024-09-23T20:00:00.000Z,USD,19.42,19.42,Usage,"USD 0.10 per hour per vCPU running RDS Extended Support for MySQL 5.7 in Year 1, Year 2",Amazon Relational Database Service,Databases,us-west-2,46124420288,,,TB3JHXC6ZCYSVN98,194.2,vCPU-Hours
2024-09-23T20:00:00.000Z,2024-09-23T21:00:00.000Z,USD,8.75,8.75,Usage,"USD 0.10 per hour per vCPU running RDS Extended Support for MySQL 5.7 in Year 1, Year 2",Amazon Relational Database Service,Databases,us-west-2,46124420288,,,TB3JHXC6ZCYSVN98,87.5,vCPU-Hours
2024-09-23T21:00:00.000Z,2024-09-23T22:00:00.000Z,USD,6.4,6.4,Usage,"USD 0.10 per hour per vCPU running RDS Extended Support for MySQL 5.7 in Year 1, Year 2",Amazon Relational Database Service,Databases,us-west-2,46124420288,,,TB3JHXC6ZCYSVN98,64,vCPU-Hours
2024-09-23T22:00:00.000Z,2024-09-23T23:00:00.000Z,USD,9.26,9.26,Usage,"USD 0.10 per hour per vCPU running RDS Extended Support for MySQL 5.7 in Year 1, Year 2",Amazon Relational Database Service,Databases,us-west-2,46124420288,,,TB3JHXC6ZCYSVN98,92.6,vCPU-Hours
2024-09-23T23:00:00.000Z,2024-09-24T00:00:00.000Z,USD,9.56,9.56,Usage,"USD 0.10 per hour per vCPU running RDS Extended Support for MySQL 5.7 in Year 1, Year 2",Amazon Relational Database Service,Databases,us-west-2,46124420288,,,TB3JHXC6ZCYSVN98,95.6,vCPU-Hours
2024-09-24T00:00:00.000Z,2024-09-24T01:00:00.000Z,USD,7.28,7.28,Usage,"USD 0.10 per hour per vCPU running RDS Extended Support for MySQL 5.7 in Year 1, Year 2",Amazon Relational Database Service,Databases,us-west-2,46124420288,,,TB3JHXC6ZCYSVN98,72.8,vCPU-Hours
2024-09-24T01:00:00.000Z,2024-09-24T02:00:00.000Z,USD,9.91,9.91,Usage,"USD 0.10 per hour per vCPU running RDS Extended Support for MySQL 5.7 in Year 1, Year 2",Amazon Relational Database Service,Databases,us-west-2,46124420288,,,TB3JHXC6ZCYSVN98,99.1,vCPU-Hours
2024-09-24T02:00:00.000Z,2024-09-24T03:00:00.000Z,USD,7.13,7.13,Usage,"USD 0.10 per hour per vCPU running RDS Extended Support for MySQL 5.7 in Year 1, Year 2",Amazon Relational Database Service,Databases,us-west-2,46124420288,,,TB3JHXC6ZCYSVN98,71.3,vCPU-Hours
2024-09-24T03:00:00.000Z,2024-09-24T04:00:00.000Z,USD,9.07,9.07,Usage,"USD 0.10 per hour per vCPU running RDS Extended Support for MySQL 5.7 in Year 1, Year 2",Amazon Relational Database Service,Databases,us-west-2,46124420288,,,TB3JHXC6ZCYSVN98,90.7,vCPU-Hours
2024-09-24T04:00:00.000Z,2024-09-24T05:00:00.000Z,USD,14.54,14.54,Usage,"USD 0.10 per hour per vCPU running RDS Extended Support for MySQL 5.7 in Year 1, Year 2",Amazon Relational Database Service,Databases,us-west-2,46124420288,,,TB3JHXC6ZCYSVN98,145.4,vCPU-Hours
2024-09-24T05:00:00.000Z,2024-09-24T06:00:00.000Z,USD,7.11,7.11,Usage,"USD 0.10 per hour per vCPU running RDS Extended Support for MySQL 5.7 in Year 1, Year 2",Amazon Relational Database Service,Databases,us-west-2,46124420288,,,TB3JHXC6ZCYSVN98,71.1,vCPU-Hours
2024-09-24T06:00:00.000Z,2024-09-24T07:00:00.000Z,USD,8.22,8.22,Usage,"USD 0.10 per hour per vCPU running RDS Extended Support for MySQL 5.7 in Year 1, Year 2",Amazon Relational Database Service,Databases,us-west-2,46124420288,,,TB3JHXC6ZCYSVN98,82.2,vCPU-Hours
2024-09-24T07:00:00.000Z,2024-09-24T08:00:00.000Z,USD,7.1,7.1,Usage,"USD 0.10 per hour per vCPU running RDS Extended Support for MySQL 5.7 in Year 1, Year 2",Amazon Relational Database Service,Databases,us-west-2,46124420288,,,TB3JHXC6ZCYSVN98,71,vCPU-Hours
2024-09-24T08:00:00.000Z,2024-09-24T09:00:00.000Z,USD,22.73,22.73,Usage,"USD 0.10 per hour per vCPU running RDS Extended Support for MySQL 5.7 in Year 1, Year 2",Amazon Relational Database Service,Databases,us-west-2,46124420288,,,TB3JHXC6ZCYSVN98,227.3,vCPU-Hours
2024-09-24T09:00:00.000Z,2024-09-24T10:00:00.000Z,USD,12.21,12.21,Usage,"USD 0.10 per hour per vCPU running RDS Extended Support for MySQL 5.7 in Year 1, Year 2",Amazon Relational Database Service,Databases,us-west-2,46124420288,,,TB3JHXC6ZCYSVN98,122.1,vCPU-Hours
2024-09-24T10:00:00.000Z,2024-09-24T11:00:00.000Z,USD,23.52,23.52,Usage,"USD 0.10 per hour per vCPU running RDS Extended Support for MySQL 5.7 in Year 1, Year 2",Amazon Relational Database Service,Databases,us-west-2,46124420288,,,TB3JHXC6ZCYSVN98,235.2,vCPU-Hours
2024-09-24T11:00:00.000Z,2024-09-24T12:00:00.000Z,USD,24.5,24.5,Usage,"USD 0.10 per hour per vCPU running RDS Extended Support for MySQL 5.7 in Year 1, Year 2",Amazon Relational Database Service,Databases,us-west-2,46124420288,,,TB3JHXC6ZCYSVN98,245,vCPU-Hours
2024-09-24T12:00:00.000Z,2024-09-24T13:00:00.000Z,USD,18.14,18.14,Usage,"USD 0.10 per hour per vCPU running RDS Extended Support for MySQL 5.7 in Year 1, Year 2",Amazon Relational Database Service,Databases,us-west-2,46124420288,,,TB3JHXC6ZCYSVN98,181.4,vCPU-Hours
2024-09-24T13:00:00.000Z,2024-09-24T14:00:00.000Z,USD,22.21,22.21,Usage,"USD 0.10 per hour per vCPU running RDS Extended Support for MySQL 5.7 in Year 1, Year 2",Amazon Relational Database Service,Databases,us-west-2,46124420288,,,TB3JHXC6ZCYSVN98,222.1,vCPU-Hours
2024-09-24T14:00:00.000Z,2024-09-24T15:00:00.000Z,USD,23.33,23.33,Usage,"USD 0.10 per hour per vCPU running RDS Extended Support for MySQL 5.7 in Year 1, Year 2",Amazon Relational Database Service,Databases,us-west-2,46124420288,,,TB3JHXC6ZCYSVN98,233.3,vCPU-Hours
2024-09-24T15:00:00.000Z,2024-09-24T16:00:00.000Z,USD,10.47,10.47,Usage,"USD 0.10 per hour per vCPU running RDS Extended Support for MySQL 5.7 in Year 1, Year 2",Amazon Relational Database Service,Databases,us-west-2,46124420288,,,TB3JHXC6ZCYSVN98,104.7,vCPU-Hours
2024-09-24T16:00:00.000Z,2024-09-24T17:00:00.000Z,USD,13.64,13.64,Usage,"USD 0.10 per hour per vCPU running RDS Extended Support for MySQL 5.7 in Year 1, Year 2",Amazon Relational Database Service,Databases,us-west-2,46124420288,,,TB3JHXC6ZCYSVN98,136.4,vCPU-Hours
2024-09-24T17:00:00.000Z,2024-09-24T18:00:00.000Z,USD,13.89,13.89,Usage,"USD 0.10 per hour per vCPU running RDS Extended Support for MySQL 5.7 in Year 1, Year 2",Amazon Relational Database Service,Databases,us-west-2,46124420288,,,TB3JHXC6ZCYSVN98,138.9,vCPU-Hours
2024-09-24T18:00:00.000Z,2024-09-24T19:00:00.000Z,USD,25.62,25.62,Usage,"USD 0.10 per hour per vCPU running RDS Extended Support for MySQL 5.7 in Year 1, Year 2",Amazon Relational Database Service,Databases,us-west-2,46124420288,,,TB3JHXC6ZCYSVN98,256.2,vCPU-Hours
2024-09-24T19:00:00.000Z,2024-09-24T20:00:00.000Z,USD,26.02,26.02,Usage,"USD 0.10 per hour per vCPU running RDS Extended Support for MySQL 5.7 in Year 1, Year 2",Amazon Relational Database Service,Databases,us-west-2,46124420288,,,TB3JHXC6ZCYSVN98,260.2,vCPU-Hours
2024-09-24T20:00:00.000Z,2024-09-24T21:00:00.000Z,USD,8.03,8.03,Usage,"USD 0.10 per hour per vCPU running RDS Extended Support for MySQL 5.7 in Year 1, Year 2",Amazon Relational Database Service,Databases,us-west-2,46124420288,,,TB3JHXC6ZCYSVN98,80.3,vCPU-Hours
2024-09-24T21:00:00.000Z,2024-09-24T22:00:00.000Z,USD,14.01,14.01,Usage,"USD 0.10 per hour per vCPU running RDS Extended Support for MySQL 5.7 in Year 1, Year 2",Amazon Relational Database Service,Databases,us-west-2,46124420288,,,TB3JHXC6ZCYSVN98,140.1,vCPU-Hours
2024-09-24T22:00:00.000Z,2024-09-24T23:00:00.000Z,USD,10.82,10.82,Usage,"USD 0.10 per hour per vCPU running RDS Extended Support for MySQL 5.7 in Year 1, Year 2",Amazon Relational Database Service,Databases,us-west-2,46124420288,,,TB3JHXC6ZCYSVN98,108.2,vCPU-Hours
2024-09-24T23:00:00.000Z,2024-09-25T00:00:00.000Z,USD,11.7,11.7,Usage,"USD 0.10 per hour per vCPU running RDS Extended Support for MySQL 5.7 in Year 1, Year 2",Amazon Relational Database Service,Databases,us-west-2,46124420288,,,TB3JHXC6ZCYSVN98,117,vCPU-Hours
2024-09-25T00:00:00.000Z,2024-09-25T01:00:00.000Z,USD,12.67,12.67,Usage,"USD 0.10 per hour per vCPU running RDS Extended Support for MySQL 5.7 in Year 1, Year 2",Amazon Relational Database Service,Databases,us-west-2,46124420288,,,TB3JHXC6ZCYSVN98,126.7,vCPU-Hours
2024-09-25T01:00:00.000Z,2024-09-25T02:00:00.000Z,USD,5.96,5.96,Usage,"USD 0.10 per hour per vCPU running RDS Extended Support for MySQL 5.7 in Year 1, Year 2",Amazon Relational Database Service,Databases,us-west-2,46124420288,,,TB3JHXC6ZCYSVN98,59.6,vCPU-Hours
2024-09-25T02:00:00.000Z,2024-09-25T03:00:00.000Z,USD,14.61,14.61,Usage,"USD 0.10 per hour per vCPU running RDS Extended Support for MySQL 5.7 in Year 1, Year 2",Amazon Relational Database Service,Databases,us-west-2,46124420288,,,TB3JHXC6ZCYSVN98,146.1,vCPU-Hours
2024-09-25T03:00:00.000Z,2024-09-25T04:00:00.000Z,USD,11.7,11.7,Usage,"USD 0.10 per hour per vCPU running RDS Extended Support for MySQL 5.7 in Year 1, Year 2",Amazon Relational Database Service,Databases,us-west-2,46124420288,,,TB3JHXC6ZCYSVN98,117,vCPU-Hours
2024-09-25T04:00:00.000Z,2024-09-25T05:00:00.000Z,USD,4.91,4.91,Usage,"USD 0.10 per hour per vCPU running RDS Extended Support for MySQL 5.7 in Year 1, Year 2",Amazon Relational Database Service,Databases,us-west-2,46124420288,,,TB3JHXC6ZCYSVN98,49.1,vCPU-Hours
2024-09-25T05:00:00.000Z,2024-09-25T06:00:00.000Z,USD,7.59,7.59,Usage,"USD 0.10 per hour per vCPU running RDS Extended Support for MySQL 5.7 in Year 1, Year 2",Amazon Relational Database Service,Databases,us-west-2,46124420288,,,TB3JHXC6ZCYSVN98,75.9,vCPU-Hours
2024-09-25T06:00:00.000Z,2024-09-25T07:00:00.000Z,USD,14.23,14.23,Usage,"USD 0.10 per hour per vCPU running RDS Extended Support for MySQL 5.7 in Year 1, Year 2",Amazon Relational Database Service,Databases,us-west-2,46124420288,,,TB3JHXC6ZCYSVN98,142.3,vCPU-Hours
2024-09-25T07:00:00.000Z,2024-09-25T08:00:00.000Z,USD,6.77,6.77,Usage,"USD 0.10 per hour per vCPU running RDS Extended Support for MySQL 5.7 in Year 1, Year 2",Amazon Relational Database Service,Databases,us-west-2,46124420288,,,TB3JHXC6ZCYSVN98,67.7,vCPU-Hours
2024-09-25T08:00:00.000Z,2024-09-25T09:00:00.000Z,USD,17.87,17.87,Usage,"USD 0.10 per hour per vCPU running RDS Extended Support for MySQL 5.7 in Year 1, Year 2",Amazon Relational Database Service,Databases,us-west-2,46124420288,,,TB3JHXC6ZCYSVN98,178.7,vCPU-Hours
2024-09-25T09:00:00.000Z,2024-09-25T10:00:00.000Z,USD,17.35,17.35,Usage,"USD 0.10 per hour per vCPU running RDS Extended Support for MySQL 5.7 in Year 1, Year 2",Amazon Relational Database Service,Databases,us-west-2,46124420288,,,TB3JHXC6ZCYSVN98,173.5,vCPU-Hours
2024-09-25T10:00:00.000Z,2024-09-25T11:00:00.000Z,USD,17.58,17.58,Usage,"USD 0.10 per hour per vCPU running RDS Extended Support for MySQL 5.7 in Year 1, Year 2",Amazon Relational Database Service,Databases,us-west-2,46124420288,,,TB3JHXC6ZCYSVN98,175.8,vCPU-Hours
2024-09-25T11:00:00.000Z,2024-09-25T12:00:00.000Z,USD,12,12,Usage,"USD 0.10 per hour per vCPU running RDS Extended Support for MySQL 5.7 in Year 1, Year 2",Amazon Relational Database Service,Databases,us-west-2,46124420288,,,TB3JHXC6ZCYSVN98,120,vCPU-Hours
2024-09-25T12:00:00.000Z,2024-09-25T13:00:00.000Z,USD,21.51,21.51,Usage,"USD 0.10 per hour per vCPU running RDS Extended Support for MySQL 5.7 in Year 1, Year 2",Amazon Relational Database Service,Databases,us-west-2,46124420288,,,TB3JHXC6ZCYSVN98,215.1,vCPU-Hours
2024-09-25T13:00:00.000Z,2024-09-25T14:00:00.000Z,USD,18.79,18.79,Usage,"USD 0.10 per hour per vCPU running RDS Extended Support for MySQL 5.7 in Year 1, Year 2",Amazon Relational Database Service,Databases,us-west-2,46124420288,,,TB3JHXC6ZCYSVN98,187.9,vCPU-Hours
2024-09-25T14:00:00.000Z,2024-09-25T15:00:00.000Z,USD,20.13,20.13,Usage,"USD 0.10 per hour per vCPU running RDS Extended Support for MySQL 5.7 in Year 1, Year 2",Amazon Relational Database Service,Databases,us-west-2,46124420288,,,TB3JHXC6ZCYSVN98,201.3,vCPU-Hours
2024-09-25T15:00:00.000Z,2024-09-25T16:00:00.000Z,USD,16.29,16.29,Usage,"USD 0.10 per hour per vCPU running RDS Extended Support for MySQL 5.7 in Year 1, Year 2",Amazon Relational Database Service,Databases,us-west-2,46124420288,,,TB3JHXC6ZCYSVN98,162.9,vCPU-Hours
2024-09-25T16:00:00.000Z,2024-09-25T17:00:00.000Z,USD,9.36,9.36,Usage,"USD 0.10 per hour per vCPU running RDS Extended Support for MySQL 5.7 in Year 1, Year 2",Amazon Relational Database Service,Databases,us-west-2,46124420288,,,TB3JHXC6ZCYSVN98,93.6,vCPU-Hours
2024-09-25T17:00:00.000Z,2024-09-25T18:00:00.000Z,USD,18.9,18.9,Usage,"USD 0.10 per hour per vCPU running RDS Extended Support for MySQL 5.7 in Year 1, Year 2",Amazon Relational Database Service,Databases,us-west-2,46124420288,,,TB3JHXC6ZCYSVN98,189,vCPU-Hours
2024-09-25T18:00:00.000Z,2024-09-25T19:00:00.000Z,USD,12.07,12.07,Usage,"USD 0.10 per hour per vCPU running RDS Extended Support for MySQL 5.7 in Year 1, Year 2",Amazon Relational Database Service,Databases,us-west-2,46124420288,,,TB3JHXC6ZCYSVN98,120.7,vCPU-Hours
2024-09-25T19:00:00.000Z,2024-09-25T20:00:00.000Z,USD,9.21,9.21,Usage,"USD 0.10 per hour per vCPU running RDS Extended Support for MySQL 5.7 in Year 1, Year 2",Amazon Relational Database Service,Databases,us-west-2,46124420288,,,TB3JHXC6ZCYSVN98,92.1,vCPU-Hours
2024-09-25T20:00:00.000Z,2024-09-25T21:00:00.000Z,USD,8.48,8.48,Usage,"USD 0.10 per hour per vCPU running RDS Extended Support for MySQL 5.7 in Year 1, Year 2",Amazon Relational Database Service,Databases,us-west-2,46124420288,,,TB3JHXC6ZCYSVN98,84.8,vCPU-Hours
2024-09-25T21:00:00.000Z,2024-09-25T22:00:00.000Z,USD,7.41,7.41,Usage,"USD 0.10 per hour per vCPU running RDS Extended Support for MySQL 5.7 in Year 1, Year 2",Amazon Relational Database Service,Databases,us-west-2,46124420288,,,TB3JHXC6ZCYSVN98,74.1,vCPU-Hours
2024-09-25T22:00:00.000Z,2024-09-25T23:00:00.000Z,USD,6.48,6.48,Usage,"USD 0.10 per hour per vCPU running RDS Extended Support for MySQL 5.7 in Year 1, Year 2",Amazon Relational Database Service,Databases,us-west-2,46124420288,,,TB3JHXC6ZCYSVN98,64.8,vCPU-Hours
2024-09-25T23:00:00.000Z,2024-09-26T00:00:00.000Z,USD,13.72,13.72,Usage,"USD 0.10 per hour per vCPU running RDS Extended Support for MySQL 5.7 in Year 1, Year 2",Amazon Relational Database Service,Databases,us-west-2,46124420288,,,TB3JHXC6ZCYSVN98,137.2,vCPU-Hours
2024-09-26T00:00:00.000Z,2024-09-26T01:00:00.000Z,USD,11.46,11.46,Usage,"USD 0.10 per hour per vCPU running RDS Extended Support for MySQL 5.7 in Year 1, Year 2",Amazon Relational Database Service,Databases,us-west-2,46124420288,,,TB3JHXC6ZCYSVN98,114.6,vCPU-Hours
2024-09-26T01:00:00.000Z,2024-09-26T02:00:00.000Z,USD,10.09,10.09,Usage,"USD 0.10 per hour per vCPU running RDS Extended Support for MySQL 5.7 in Year 1, Year 2",Amazon Relational Database Service,Databases,us-west-2,46124420288,,,TB3JHXC6ZCYSVN98,100.9,vCPU-Hours
2024-09-26T02:00:00.000Z,2024-09-26T03:00:00.000Z,USD,11.8,11.8,Usage,"USD 0.10 per hour per vCPU running RDS Extended Support for MySQL 5.7 in Year 1, Year 2",Amazon Relational Database Service,Databases,us-west-2,46124420288,,,TB3JHXC6ZCYSVN98,118,vCPU-Hours
2024-09-26T03:00:00.000Z,2024-09-26T04:00:00.000Z,USD,12.78,12.78,Usage,"USD 0.10 per hour per vCPU running RDS Extended Support for MySQL 5.7 in Year 1, Year 2",Amazon Relational Database Service,Databases,us-west-2,46124420288,,,TB3JHXC6ZCYSVN98,127.8,vCPU-Hours
2024-09-26T04:00:00.000Z,2024-09-26T05:00:00.000Z,USD,11.69,11.69,Usage,"USD 0.10 per hour per vCPU running RDS Extended Support for MySQL 5.7 in Year 1, Year 2",Amazon Relational Database Service,Databases,us-west-2,46124420288,,,TB3JHXC6ZCYSVN98,116.9,vCPU-Hours
2024-09-26T05:00:00.000Z,2024-09-26T06:00:00.000Z,USD,13.25,13.25,Usage,"USD 0.10 per hour per vCPU running RDS Extended Support for MySQL 5.7 in Year 1, Year 2",Amazon Relational Database Service,Databases,us-west-2,46124420288,,,TB3JHXC6ZCYSVN98,132.5,vCPU-Hours
2024-09-26T06:00:00.000Z,2024-09-26T07:00:00.000Z,USD,8.72,8.72,Usage,"USD 0.10 per hour per vCPU running RDS Extended Support for MySQL 5.7 in Year 1, Year 2",Amazon Relational Database Service,Databases,us-west-2,46124420288,,,TB3JHXC6ZCYSVN98,87.2,vCPU-Hours
2024-09-26T07:00:00.000Z,2024-09-26T08:00:00.000Z,USD,11.56,11.56,Usage,"USD 0.10 per hour per vCPU running RDS Extended Support for MySQL 5.7 in Year 1, Year 2",Amazon Relational Database Service,Databases,us-west-2,46124420288,,,TB3JHXC6ZCYSVN98,115.6,vCPU-Hours
2024-09-26T08:00:00.000Z,2024-09-26T09:00:00.000Z,USD,27.2,27.2,Usage,"USD 0.10 per hour per vCPU running RDS Extended Support for MySQL 5.7 in Year 1, Year 2",Amazon Relational Database Service,Databases,us-west-2,46124420288,,,TB3JHXC6ZCYSVN98,272,vCPU-Hours
2024-09-26T09:00:00.000Z,2024-09-26T10:00:00.000Z,USD,15.21,15.21,Usage,"USD 0.10 per hour per vCPU running RDS Extended Support for MySQL 5.7 in Year 1, Year 2",Amazon Relational Database Service,Databases,us-west-2,46124420288,,,TB3JHXC6ZCYSVN98,152.1,vCPU-Hours
2024-09-26T10:00:00.000Z,2024-09-26T11:00:00.000Z,USD,11.67,11.67,Usage,"USD 0.10 per hour per vCPU running RDS Extended Support for MySQL 5.7 in Year 1, Year 2",Amazon Relational Database Service,Databases,us-west-2,46124420288,,,TB3JHXC6ZCYSVN98,116.7,vCPU-Hours
2024-09-26T11:00:00.000Z,2024-09-26T12:00:00.000Z,USD,9.18,9.18,Usage,"USD 0.10 per hour per vCPU running RDS Extended Support for MySQL 5.7 in Year 1, Year 2",Amazon Relational Database Service,Databases,us-west-2,46124420288,,,TB3JHXC6ZCYSVN98,91.8,vCPU-Hours
2024-09-26T12:00:00.000Z,2024-09-26T13:00:00.000Z,USD,18.82,18.82,Usage,"USD 0.10 per hour per vCPU running RDS Extended Support for MySQL 5.7 in Year 1, Year 2",Amazon Relational Database Service,Databases,us-west-2,46124420288,,,TB3JHXC6ZCYSVN98,188.2,vCPU-Hours
2024-09-26T13:00:00.000Z,2024-09-26T14:00:00.000Z,USD,21.28,21.28,Usage,"USD 0.10 per hour per vCPU running RDS Extended Support for MySQL 5.7 in Year 1, Year 2",Amazon Relational Database Service,Databases,us-west-2,46124420288,,,TB3JHXC6ZCYSVN98,212.8,vCPU-Hours
2024-09-26T14:00:00.000Z,2024-09-26T15:00:00.000Z,USD,25.65,25.65,Usage,"USD 0.10 per hour per vCPU running RDS Extended Support for MySQL 5.7 in Year 1, Year 2",Amazon Relational Database Service,Databases,us-west-2,46124420288,,,TB3JHXC6ZCYSVN98,256.5,vCPU-Hours
2024-09-26T15:00:00.000Z,2024-09-26T16:00:00.000Z,USD,18.69,18.69,Usage,"USD 0.10 per hour per vCPU running RDS Extended Support for MySQL 5.7 in Year 1, Year 2",Amazon Relational Database Service,Databases,us-west-2,46124420288,,,TB3JHXC6ZCYSVN98,186.9,vCPU-Hours
2024-09-26T16:00:00.000Z,2024-09-26T17:00:00.000Z,USD,9.2,9.2,Usage,"USD 0.10 per hour per vCPU running RDS Extended Support for MySQL 5.7 in Year 1, Year 2",Amazon Relational Database Service,Databases,us-west-2,46124420288,,,TB3JHXC6ZCYSVN98,92,vCPU-Hours
2024-09-26T17:00:00.000Z,2024-09-26T18:00:00.000Z,USD,12.88,12.88,Usage,"USD 0.10 per hour per vCPU running RDS Extended Support for MySQL 5.7 in Year 1, Year 2",Amazon Relational Database Service,Databases,us-west-2,46124420288,,,TB3JHXC6ZCYSVN98,128.8,vCPU-Hours
2024-09-26T18:00:00.000Z,2024-09-26T19:00:00.000Z,USD,10.02,10.02,Usage,"USD 0.10 per hour per vCPU running RDS Extended Support for MySQL 5.7 in Year 1, Year 2",Amazon Relational Database Service,Databases,us-west-2,46124420288,,,TB3JHXC6ZCYSVN98,100.2,vCPU-Hours
2024-09-26T19:00:00.000Z,2024-09-26T20:00:00.000Z,USD,14.26,14.26,Usage,"USD 0.10 per hour per vCPU running RDS Extended Support for MySQL 5.7 in Year 1, Year 2",Amazon Relational Database Service,Databases,us-west-2,46124420288,,,TB3JHXC6ZCYSVN98,142.6,vCPU-Hours
2024-09-26T20:00:00.000Z,2024-09-26T21:00:00.000Z,USD,11.18,11.18,Usage,"USD 0.10 per hour per vCPU running RDS Extended Support for MySQL 5.7 in Year 1, Year 2",Amazon Relational Database Service,Databases,us-west-2,46124420288,,,TB3JHXC6ZCYSVN98,111.8,vCPU-Hours
2024-09-26T21:00:00.000Z,2024-09-26T22:00:00.000Z,USD,12.68,12.68,Usage,"USD 0.10 per hour per vCPU running RDS Extended Support for MySQL 5.7 in Year 1, Year 2",Amazon Relational Database Service,Databases,us-west-2,46124420288,,,TB3JHXC6ZCYSVN98,126.8,vCPU-Hours
2024-09-26T22:00:00.000Z,2024-09-26T23:00:00.000Z,USD,10.57,10.57,Usage,"USD 0.10 per hour per vCPU running RDS Extended Support for MySQL 5.7 in Year 1, Year 2",Amazon Relational Database Service,Databases,us-west-2,46124420288,,,TB3JHXC6ZCYSVN98,105.7,vCPU-Hours
2024-09-26T23:00:00.000Z,2024-09-27T00:00:00.000Z,USD,12.92,12.92,Usage,"USD 0.10 per hour per vCPU running RDS Extended Support for MySQL 5.7 in Year 1, Year 2",Amazon Relational Database Service,Databases,us-west-2,46124420288,,,TB3JHXC6ZCYSVN98,129.2,vCPU-Hours
2024-09-27T00:00:00.000Z,2024-09-27T01:00:00.000Z,USD,6.96,6.96,Usage,"USD 0.10 per hour per vCPU running RDS Extended Support for MySQL 5.7 in Year 1, Year 2",Amazon Relational Database Service,Databases,us-west-2,46124420288,,,TB3JHXC6ZCYSVN98,69.6,vCPU-Hours
2024-09-27T01:00:00.000Z,2024-09-27T02:00:00.000Z,USD,8.19,8.19,Usage,"USD 0.10 per hour per vCPU running RDS Extended Support for MySQL 5.7 in Year 1, Year 2",Amazon Relational Database Service,Databases,us-west-2,46124420288,,,TB3JHXC6ZCYSVN98,81.9,vCPU-Hours
2024-09-27T02:00:00.000Z,2024-09-27T03:00:00.000Z,USD,6.01,6.01,Usage,"USD 0.10 per hour per vCPU running RDS Extended Support for MySQL 5.7 in Year 1, Year 2",Amazon Relational Database Service,Databases,us-west-2,46124420288,,,TB3JHXC6ZCYSVN98,60.1,vCPU-Hours
2024-09-27T03:00:00.000Z,2024-09-27T04:00:00.000Z,USD,7.37,7.37,Usage,"USD 0.10 per hour per vCPU running RDS Extended Support for MySQL 5.7 in Year 1, Year 2",Amazon Relational Database Service,Databases,us-west-2,46124420288,,,TB3JHXC6ZCYSVN98,73.7,vCPU-Hours
2024-09-27T04:00:00.000Z,2024-09-27T05:00:00.000Z,USD,6.25,6.25,Usage,"USD 0.10 per hour per vCPU running RDS Extended Support for MySQL 5.7 in Year 1, Year 2",Amazon Relational Database Service,Databases,us-west-2,46124420288,,,TB3JHXC6ZCYSVN98,62.5,vCPU-Hours
2024-09-27T05:00:00.000Z,2024-09-27T06:00:00.000Z,USD,6.27,6.27,Usage,"USD 0.10 per hour per vCPU running RDS Extended Support for MySQL 5.7 in Year 1, Year 2",Amazon Relational Database Service,Databases,us-west-2,46124420288,,,TB3JHXC6ZCYSVN98,62.7,vCPU-Hours
2024-09-27T06:00:00.000Z,2024-09-27T07:00:00.000Z,USD,13.31,13.31,Usage,"USD 0.10 per hour per vCPU running RDS Extended Support for MySQL 5.7 in Year 1, Year 2",Amazon Relational Database Service,Databases,us-west-2,46124420288,,,TB3JHXC6ZCYSVN98,133.1,vCPU-Hours
2024-09-27T07:00:00.000Z,2024-09-27T08:00:00.000Z,USD,11.09,11.09,Usage,"USD 0.10 per hour per vCPU running RDS Extended Support for MySQL 5.7 in Year 1, Year 2",Amazon Relational Database Service,Databases,us-west-2,46124420288,,,TB3JHXC6ZCYSVN98,110.9,vCPU-Hours
2024-09-27T08:00:00.000Z,2024-09-27T09:00:00.000Z,USD,20.04,20.04,Usage,"USD 0.10 per hour per vCPU running RDS Extended Support for MySQL 5.7 in Year 1, Year 2",Amazon Relational Database Service,Databases,us-west-2,46124420288,,,TB3JHXC6ZCYSVN98,200.4,vCPU-Hours
2024-09-27T09:00:00.000Z,2024-09-27T10:00:00.000Z,USD,21.57,21.57,Usage,"USD 0.10 per hour per vCPU running RDS Extended Support for MySQL 5.7 in Year 1, Year 2",Amazon Relational Database Service,Databases,us-west-2,46124420288,,,TB3JHXC6ZCYSVN98,215.7,vCPU-Hours
2024-09-27T10:00:00.000Z,2024-09-27T11:00:00.000Z,USD,14.74,14.74,Usage,"USD 0.10 per hour per vCPU running RDS Extended Support for MySQL 5.7 in Year 1, Year 2",Amazon Relational Database Service,Databases,us-west-2,46124420288,,,TB3JHXC6ZCYSVN98,147.4,vCPU-Hours
2024-09-27T11:00:00.000Z,2024-09-27T12:00:00.000Z,USD,14.7,14.7,Usage,"USD 0.10 per hour per vCPU running RDS Extended Support for MySQL 5.7 in Year 1, Year 2",Amazon Relational Database Service,Databases,us-west-2,46124420288,,,TB3JHXC6ZCYSVN98,147,vCPU-Hours
2024-09-27T12:00:00.000Z,2024-09-27T13:00:00.000Z,USD,18.65,18.65,Usage,"USD 0.10 per hour per vCPU running RDS Extended Support for MySQL 5.7 in Year 1, Year 2",Amazon Relational Database Service,Databases,us-west-2,46124420288,,,TB3JHXC6ZCYSVN98,186.5,vCPU-Hours
2024-09-27T13:00:00.000Z,2024-09-27T14:00:00.000Z,USD,9.42,9.42,Usage,"USD 0.10 per hour per vCPU running RDS Extended Support for MySQL 5.7 in Year 1, Year 2",Amazon Relational Database Service,Databases,us-west-2,46124420288,,,TB3JHXC6ZCYSVN98,94.2,vCPU-Hours
2024-09-27T14:00:00.000Z,2024-09-27T15:00:00.000Z,USD,10.91,10.91,Usage,"USD 0.10 per hour per vCPU running RDS Extended Support for MySQL 5.7 in Year 1, Year 2",Amazon Relational Database Service,Databases,us-west-2,46124420288,,,TB3JHXC6ZCYSVN98,109.1,vCPU-Hours
2024-09-27T15:00:00.000Z,2024-09-27T16:00:00.000Z,USD,18.22,18.22,Usage,"USD 0.10 per hour per vCPU running RDS Extended Support for MySQL 5.7 in Year 1, Year 2",Amazon Relational Database Service,Databases,us-west-2,46124420288,,,TB3JHXC6ZCYSVN98,182.2,vCPU-Hours
2024-09-27T16:00:00.000Z,2024-09-27T17:00:00.000Z,USD,24.26,24.26,Usage,"USD 0.10 per hour per vCPU running RDS Extended Support for MySQL 5.7 in Year 1, Year 2",Amazon Relational Database Service,Databases,us-west-2,46124420288,,,TB3JHXC6ZCYSVN98,242.6,vCPU-Hours
2024-09-27T17:00:00.000Z,2024-09-27T18:00:00.000Z,USD,11.85,11.85,Usage,"USD 0.10 per hour per vCPU running RDS Extended Support for MySQL 5.7 in Year 1, Year 2",Amazon Relational Database Service,Databases,us-west-2,46124420288,,,TB3JHXC6ZCYSVN98,118.5,vCPU-Hours
2024-09-27T18:00:00.000Z,2024-09-27T19:00:00.000Z,USD,27.06,27.06,Usage,"USD 0.10 per hour per vCPU running RDS Extended Support for MySQL 5.7 in Year 1, Year 2",Amazon Relational Database Service,Databases,us-west-2,46124420288,,,TB3JHXC6ZCYSVN98,270.6,vCPU-Hours
2024-09-27T19:00:00.000Z,2024-09-27T20:00:00.000Z,USD,26.52,26.52,Usage,"USD 0.10 per hour per vCPU running RDS Extended Support for MySQL 5.7 in Year 1, Year 2",Amazon Relational Database Service,Databases,us-west-2,46124420288,,,TB3JHXC6ZCYSVN98,265.2,vCPU-Hours
2024-09-27T20:00:00.000Z,2024-09-27T21:00:00.000Z,USD,13.59,13.59,Usage,"USD 0.10 per hour per vCPU running RDS Extended Support for MySQL 5.7 in Year 1, Year 2",Amazon Relational Database Service,Databases,us-west-2,46124420288,,,TB3JHXC6ZCYSVN98,135.9,vCPU-Hours
2024-09-27T21:00:00.000Z,2024-09-27T22:00:00.000Z,USD,6.66,6.66,Usage,"USD 0.10 per hour per vCPU running RDS Extended Support for MySQL 5.7 in Year 1, Year 2",Amazon Relational Database Service,Databases,us-west-2,46124420288,,,TB3JHXC6ZCYSVN98,66.6,vCPU-Hours
2024-09-27T22:00:00.000Z,2024-09-27T23:00:00.000Z,USD,14.42,14.42,Usage,"USD 0.10 per hour per vCPU running RDS Extended Support for MySQL 5.7 in Year 1, Year 2",Amazon Relational Database Service,Databases,us-west-2,46124420288,,,TB3JHXC6ZCYSVN98,144.2,vCPU-Hours
2024-09-27T23:00:00.000Z,2024-09-28T00:00:00.000Z,USD,7.32,7.32,Usage,"USD 0.10 per hour per vCPU running RDS Extended Support for MySQL 5.7 in Year 1, Year 2",Amazon Relational Database Service,Databases,us-west-2,46124420288,,,TB3JHXC6ZCYSVN98,73.2,vCPU-Hours
2024-09-28T00:00:00.000Z,2024-09-28T01:00:00.000Z,USD,9.81,9.81,Usage,"USD 0.10 per hour per vCPU running RDS Extended Support for MySQL 5.7 in Year 1, Year 2",Amazon Relational Database Service,Databases,us-west-2,46124420288,,,TB3JHXC6ZCYSVN98,98.1,vCPU-Hours
2024-09-28T01:00:00.000Z,2024-09-28T02:00:00.000Z,USD,7.02,7.02,Usage,"USD 0.10 per hour per vCPU running RDS Extended Support for MySQL 5.7 in Year 1, Year 2",Amazon Relational Database Service,Databases,us-west-2,46124420288,,,TB3JHXC6ZCYSVN98,70.2,vCPU-Hours
2024-09-28T02:00:00.000Z,2024-09-28T03:00:00.000Z,USD,6.25,6.25,Usage,"USD 0.10 per hour per vCPU running RDS Extended Support for MySQL 5.7 in Year 1, Year 2",Amazon Relational Database Service,Databases,us-west-2,46124420288,,,TB3JHXC6ZCYSVN98,62.5,vCPU-Hours
2024-09-28T03:00:00.000Z,2024-09-28T04:00:00.000Z,USD,8.34,8.34,Usage,"USD 0.10 per hour per vCPU running RDS Extended Support for MySQL 5.7 in Year 1, Year 2",Amazon Relational Database Service,Databases,us-west-2,46124420288,,,TB3JHXC6ZCYSVN98,83.4,vCPU-Hours
2024-09-28T04:00:00.000Z,2024-09-28T05:00:00.000Z,USD,6.52,6.52,Usage,"USD 0.10 per hour per vCPU running RDS Extended Support for MySQL 5.7 in Year 1, Year 2",Amazon Relational Database Service,Databases,us-west-2,46124420288,,,TB3JHXC6ZCYSVN98,65.2,vCPU-Hours
2024-09-28T05:00:00.000Z,2024-09-28T06:00:00.000Z,USD,4.78,4.78,Usage,"USD 0.10 per hour per vCPU running RDS Extended Support for MySQL 5.7 in Year 1, Year 2",Amazon Relational Database Service,Databases,us-west-2,46124420288,,,TB3JHXC6ZCYSVN98,47.8,vCPU-Hours
2024-09-28T06:00:00.000Z,2024-09-28T07:00:00.000Z,USD,7.87,7.87,Usage,"USD 0.10 per hour per vCPU running RDS Extended Support for MySQL 5.7 in Year 1, Year 2",Amazon Relational Database Service,Databases,us-west-2,46124420288,,,TB3JHXC6ZCYSVN98,78.7,vCPU-Hours
2024-09-28T07:00:00.000Z,2024-09-28T08:00:00.000Z,USD,7.46,7.46,Usage,"USD 0.10 per hour per vCPU running RDS Extended Support for MySQL 5.7 in Year 1, Year 2",Amazon Relational Database Service,Databases,us-west-2,46124420288,,,TB3JHXC6ZCYSVN98,74.6,vCPU-Hours
2024-09-28T08:00:00.000Z,2024-09-28T09:00:00.000Z,USD,6.23,6.23,Usage,"USD 0.10 per hour per vCPU running RDS Extended Support for MySQL 5.7 in Year 1, Year 2",Amazon Relational Database Service,Databases,us-west-2,46124420288,,,TB3JHXC6ZCYSVN98,62.3,vCPU-Hours
2024-09-28T09:00:00.000Z,2024-09-28T10:00:00.000Z,USD,4.88,4.88,Usage,"USD 0.10 per hour per vCPU running RDS Extended Support for MySQL 5.7 in Year 1, Year 2",Amazon Relational Database Service,Databases,us-west-2,46124420288,,,TB3JHXC6ZCYSVN98,48.8,vCPU-Hours
2024-09-28T10:00:00.000Z,2024-09-28T11:00:00.000Z,USD,7.33,7.33,Usage,"USD 0.10 per hour per vCPU running RDS Extended Support for MySQL 5.7 in Year 1, Year 2",Amazon Relational Database Service,Databases,us-west-2,46124420288,,,TB3JHXC6ZCYSVN98,73.3,vCPU-Hours
2024-09-28T11:00:00.000Z,2024-09-28T12:00:00.000Z,USD,7.61,7.61,Usage,"USD 0.10 per hour per vCPU running RDS Extended Support for MySQL 5.7 in Year 1, Year 2",Amazon Relational Database Service,Databases,us-west-2,46124420288,,,TB3JHXC6ZCYSVN98,76.1,vCPU-Hours
2024-09-28T12:00:00.000Z,2024-09-28T13:00:00.000Z,USD,7.82,7.82,Usage,"USD 0.10 per hour per vCPU running RDS Extended Support for MySQL 5.7 in Year 1, Year 2",Amazon Relational Database Service,Databases,us-west-2,46124420288,,,TB3JHXC6ZCYSVN98,78.2,vCPU-Hours
2024-09-28T13:00:00.000Z,2024-09-28T14:00:00.000Z,USD,4.45,4.45,Usage,"USD 0.10 per hour per vCPU running RDS Extended Support for MySQL 5.7 in Year 1, Year 2",Amazon Relational Database Service,Databases,us-west-2,46124420288,,,TB3JHXC6ZCYSVN98,44.5,vCPU-Hours
2024-09-28T14:00:00.000Z,2024-09-28T15:00:00.000Z,USD,9.3,9.3,Usage,"USD 0.10 per hour per vCPU running RDS Extended Support for MySQL 5.7 in Year 1, Year 2",Amazon Relational Database Service,Databases,us-west-2,46124420288,,,TB3JHXC6ZCYSVN98,93,vCPU-Hours
2024-09-28T15:00:00.000Z,2024-09-28T16:00:00.000Z,USD,8.31,8.31,Usage,"USD 0.10 per hour per vCPU running RDS Extended Support for MySQL 5.7 in Year 1, Year 2",Amazon Relational Database Service,Databases,us-west-2,46124420288,,,TB3JHXC6ZCYSVN98,83.1,vCPU-Hours
2024-09-28T16:00:00.000Z,2024-09-28T17:00:00.000Z,USD,5.24,5.24,Usage,"USD 0.10 per hour per vCPU running RDS Extended Support for MySQL 5.7 in Year 1, Year 2",Amazon Relational Database Service,Databases,us-west-2,46124420288,,,TB3JHXC6ZCYSVN98,52.4,vCPU-Hours
2024-09-28T17:00:00.000Z,2024-09-28T18:00:00.000Z,USD,5.75,5.75,Usage,"USD 0.10 per hour per vCPU running RDS Extended Support for MySQL 5.7 in Year 1, Year 2",Amazon Relational Database Service,Databases,us-west-2,46124420288,,,TB3JHXC6ZCYSVN98,57.5,vCPU-Hours
2024-09-28T18:00:00.000Z,2024-09-28T19:00:00.000Z,USD,6.46,6.46,Usage,"USD 0.10 per hour per vCPU running RDS Extended Support for MySQL 5.7 in Year 1, Year 2",Amazon Relational Database Service,Databases,us-west-2,46124420288,,,TB3JHXC6ZCYSVN98,64.6,vCPU-Hours
2024-09-28T19:00:00.000Z,2024-09-28T20:00:00.000Z,USD,8.59,8.59,Usage,"USD 0.10 per hour per vCPU running RDS Extended Support for MySQL 5.7 in Year 1, Year 2",Amazon Relational Database Service,Databases,us-west-2,46124420288,,,TB3JHXC6ZCYSVN98,85.9,vCPU-Hours
2024-09-28T20:00:00.000Z,2024-09-28T21:00:00.000Z,USD,8.51,8.51,Usage,"USD 0.10 per hour per vCPU running RDS Extended Support for MySQL 5.7 in Year 1, Year 2",Amazon Relational Database Service,Databases,us-west-2,46124420288,,,TB3JHXC6ZCYSVN98,85.1,vCPU-Hours
2024-09-28T21:00:00.000Z,2024-09-28T22:00:00.000Z,USD,3.71,3.71,Usage,"USD 0.10 per hour per vCPU running RDS Extended Support for MySQL 5.7 in Year 1, Year 2",Amazon Relational Database Service,Databases,us-west-2,46124420288,,,TB3JHXC6ZCYSVN98,37.1,vCPU-Hours
2024-09-28T22:00:00.000Z,2024-09-28T23:00:00.000Z,USD,6.53,6.53,Usage,"USD 0.10 per hour per vCPU running RDS Extended Support for MySQL 5.7 in Year 1, Year 2",Amazon Relational Database Service,Databases,us-west-2,46124420288,,,TB3JHXC6ZCYSVN98,65.3,vCPU-Hours
2024-09-28T23:00:00.000Z,2024-09-29T00:00:00.000Z,USD,10.33,10.33,Usage,"USD 0.10 per hour per vCPU running RDS Extended Support for MySQL 5.7 in Year 1, Year 2",Amazon Relational Database Service,Databases,us-west-2,46124420288,,,TB3JHXC6ZCYSVN98,103.3,vCPU-Hours
2024-09-01T00:00:00.000Z,2024-09-01T01:00:00.000Z,USD,3.93,3.93,Usage,$0.25 per million read request units (Oregon),Amazon DynamoDB,Databases,us-west-2,69918885631,,,K6UMRY3TVDVCBP56,15720000,ReadRequestUnits
2024-09-01T01:00:00.000Z,2024-09-01T02:00:00.000Z,USD,6.19,6.19,Usage,$0.25 per million read request units (Oregon),Amazon DynamoDB,Databases,us-west-2,69918885631,,,K6UMRY3TVDVCBP56,24760000,ReadRequestUnits
2024-09-01T02:00:00.000Z,2024-09-01T03:00:00.000Z,USD,5.15,5.15,Usage,$0.25 per million read request units (Oregon),Amazon DynamoDB,Databases,us-west-2,69918885631,,,K6UMRY3TVDVCBP56,20600000,ReadRequestUnits
2024-09-01T03:00:00.000Z,2024-09-01T04:00:00.000Z,USD,3.7,3.7,Usage,$0.25 per million read request units (Oregon),Amazon DynamoDB,Databases,us-west-2,69918885631,,,K6UMRY3TVDVCBP56,14800000,ReadRequestUnits
2024-09-01T04:00:00.000Z,2024-09-01T05:00:00.000Z,USD,2.73,2.73,Usage,$0.25 per million read request units (Oregon),Amazon DynamoDB,Databases,us-west-2,69918885631,,,K6UMRY3TVDVCBP56,10920000,ReadRequestUnits
2024-09-01T05:00:00.000Z,2024-09-01T06:00:00.000Z,USD,6.43,6.43,Usage,$0.25 per million read request units (Oregon),Amazon DynamoDB,Databases,us-west-2,69918885631,,,K6UMRY3TVDVCBP56,25720000,ReadRequestUnits
2024-09-01T06:00:00.000Z,2024-09-01T07:00:00.000Z,USD,4.85,4.85,Usage,$0.25 per million read request units (Oregon),Amazon DynamoDB,Databases,us-west-2,69918885631,,,K6UMRY3TVDVCBP56,19400000,ReadRequestUnits
2024-09-01T07:00:00.000Z,2024-09-01T08:00:00.000Z,USD,3.68,3.68,Usage,$0.25 per million read request units (Oregon),Amazon DynamoDB,Databases,us-west-2,69918885631,,,K6UMRY3TVDVCBP56,14720000,ReadRequestUnits
2024-09-01T08:00:00.000Z,2024-09-01T09:00:00.000Z,USD,3.86,3.86,Usage,$0.25 per million read request units (Oregon),Amazon DynamoDB,Databases,us-west-2,69918885631,,,K6UMRY3TVDVCBP56,15440000,ReadRequestUnits
2024-09-01T09:00:00.000Z,2024-09-01T10:00:00.000Z,USD,3.08,3.08,Usage,$0.25 per million read request units (Oregon),Amazon DynamoDB,Databases,us-west-2,69918885631,,,K6UMRY3TVDVCBP56,12320000,ReadRequestUnits
2024-09-01T10:00:00.000Z,2024-09-01T11:00:00.000Z,USD,2.91,2.91,Usage,$0.25 per million read request units (Oregon),Amazon DynamoDB,Databases,us-west-2,69918885631,,,K6UMRY3TVDVCBP56,11640000,ReadRequestUnits
2024-09-01T11:00:00.000Z,2024-09-01T12:00:00.000Z,USD,6.68,6.68,Usage,$0.25 per million read request units (Oregon),Amazon DynamoDB,Databases,us-west-2,69918885631,,,K6UMRY3TVDVCBP56,26720000,ReadRequestUnits
2024-09-01T12:00:00.000Z,2024-09-01T13:00:00.000Z,USD,6.67,6.67,Usage,$0.25 per million read request units (Oregon),Amazon DynamoDB,Databases,us-west-2,69918885631,,,K6UMRY3TVDVCBP56,26680000,ReadRequestUnits
2024-09-01T13:00:00.000Z,2024-09-01T14:00:00.000Z,USD,4.62,4.62,Usage,$0.25 per million read request units (Oregon),Amazon DynamoDB,Databases,us-west-2,69918885631,,,K6UMRY3TVDVCBP56,18480000,ReadRequestUnits
2024-09-01T14:00:00.000Z,2024-09-01T15:00:00.000Z,USD,5.13,5.13,Usage,$0.25 per million read request units (Oregon),Amazon DynamoDB,Databases,us-west-2,69918885631,,,K6UMRY3TVDVCBP56,20520000,ReadRequestUnits
2024-09-01T15:00:00.000Z,2024-09-01T16:00:00.000Z,USD,4.85,4.85,Usage,$0.25 per million read request units (Oregon),Amazon DynamoDB,Databases,us-west-2,69918885631,,,K6UMRY3TVDVCBP56,19400000,ReadRequestUnits
2024-09-01T16:00:00.000Z,2024-09-01T17:00:00.000Z,USD,2.5,2.5,Usage,$0.25 per million read request units (Oregon),Amazon DynamoDB,Databases,us-west-2,69918885631,,,K6UMRY3TVDVCBP56,10000000,ReadRequestUnits
2024-09-01T17:00:00.000Z,2024-09-01T18:00:00.000Z,USD,5.9,5.9,Usage,$0.25 per million read request units (Oregon),Amazon DynamoDB,Databases,us-west-2,69918885631,,,K6UMRY3TVDVCBP56,23600000,ReadRequestUnits
2024-09-01T18:00:00.000Z,2024-09-01T19:00:00.000Z,USD,3.71,3.71,Usage,$0.25 per million read request units (Oregon),Amazon DynamoDB,Databases,us-west-2,69918885631,,,K6UMRY3TVDVCBP56,14840000,ReadRequestUnits
2024-09-01T19:00:00.000Z,2024-09-01T20:00:00.000Z,USD,5.42,5.42,Usage,$0.25 per million read request units (Oregon),Amazon DynamoDB,Databases,us-west-2,69918885631,,,K6UMRY3TVDVCBP56,21680000,ReadRequestUnits
2024-09-01T20:00:00.000Z,2024-09-01T21:00:00.000Z,USD,4.14,4.14,Usage,$0.25 per million read request units (Oregon),Amazon DynamoDB,Databases,us-west-2,69918885631,,,K6UMRY3TVDVCBP56,16560000,ReadRequestUnits
2024-09-01T21:00:00.000Z,2024-09-01T22:00:00.000Z,USD,3.86,3.86,Usage,$0.25 per million read request units (Oregon),Amazon DynamoDB,Databases,us-west-2,69918885631,,,K6UMRY3TVDVCBP56,15440000,ReadRequestUnits
2024-09-01T22:00:00.000Z,2024-09-01T23:00:00.000Z,USD,3.02,3.02,Usage,$0.25 per million read request units (Oregon),Amazon DynamoDB,Databases,us-west-2,69918885631,,,K6UMRY3TVDVCBP56,12080000,ReadRequestUnits
2024-09-01T23:00:00.000Z,2024-09-02T00:00:00.000Z,USD,2.82,2.82,Usage,$0.25 per million read request units (Oregon),Amazon DynamoDB,Databases,us-west-2,69918885631,,,K6UMRY3TVDVCBP56,11280000,ReadRequestUnits
2024-09-02T00:00:00.000Z,2024-09-02T01:00:00.000Z,USD,3.71,3.71,Usage,$0.25 per million read request units (Oregon),Amazon DynamoDB,Databases,us-west-2,69918885631,,,K6UMRY3TVDVCBP56,14840000,ReadRequestUnits
2024-09-02T01:00:00.000Z,2024-09-02T02:00:00.000Z,USD,8.51,8.51,Usage,$0.25 per million read request units (Oregon),Amazon DynamoDB,Databases,us-west-2,69918885631,,,K6UMRY3TVDVCBP56,34040000,ReadRequestUnits
2024-09-02T02:00:00.000Z,2024-09-02T03:00:00.000Z,USD,6.97,6.97,Usage,$0.25 per million read request units (Oregon),Amazon DynamoDB,Databases,us-west-2,69918885631,,,K6UMRY3TVDVCBP56,27880000,ReadRequestUnits
2024-09-02T03:00:00.000Z,2024-09-02T04:00:00.000Z,USD,8.27,8.27,Usage,$0.25 per million read request units (Oregon),Amazon DynamoDB,Databases,us-west-2,69918885631,,,K6UMRY3TVDVCBP56,33080000,ReadRequestUnits
2024-09-02T04:00:00.000Z,2024-09-02T05:00:00.000Z,USD,7.58,7.58,Usage,$0.25 per million read request units (Oregon),Amazon DynamoDB,Databases,us-west-2,69918885631,,,K6UMRY3TVDVCBP56,30320000,ReadRequestUnits
2024-09-02T05:00:00.000Z,2024-09-02T06:00:00.000Z,USD,4.67,4.67,Usage,$0.25 per million read request units (Oregon),Amazon DynamoDB,Databases,us-west-2,69918885631,,,K6UMRY3TVDVCBP56,18680000,ReadRequestUnits
2024-09-02T06:00:00.000Z,2024-09-02T07:00:00.000Z,USD,8.59,8.59,Usage,$0.25 per million read request units (Oregon),Amazon DynamoDB,Databases,us-west-2,69918885631,,,K6UMRY3TVDVCBP56,34360000,ReadRequestUnits
2024-09-02T07:00:00.000Z,2024-09-02T08:00:00.000Z,USD,6.88,6.88,Usage,$0.25 per million read request units (Oregon),Amazon DynamoDB,Databases,us-west-2,69918885631,,,K6UMRY3TVDVCBP56,27520000,ReadRequestUnits
2024-09-02T08:00:00.000Z,2024-09-02T09:00:00.000Z,USD,16.54,16.54,Usage,$0.25 per million read request units (Oregon),Amazon DynamoDB,Databases,us-west-2,69918885631,,,K6UMRY3TVDVCBP56,66160000,ReadRequestUnits
2024-09-02T09:00:00.000Z,2024-09-02T10:00:00.000Z,USD,16.25,16.25,Usage,$0.25 per million read request units (Oregon),Amazon DynamoDB,Databases,us-west-2,69918885631,,,K6UMRY3TVDVCBP56,65000000,ReadRequestUnits
2024-09-02T10:00:00.000Z,2024-09-02T11:00:00.000Z,USD,8.91,8.91,Usage,$0.25 per million read request units (Oregon),Amazon DynamoDB,Databases,us-west-2,69918885631,,,K6UMRY3TVDVCBP56,35640000,ReadRequestUnits
2024-09-02T11:00:00.000Z,2024-09-02T12:00:00.000Z,USD,7.31,7.31,Usage,$0.25 per million read request units (Oregon),Amazon DynamoDB,Databases,us-west-2,69918885631,,,K6UMRY3TVDVCBP56,29240000,ReadRequestUnits
2024-09-02T12:00:00.000Z,2024-09-02T13:00:00.000Z,USD,8.82,8.82,Usage,$0.25 per million read request units (Oregon),Amazon DynamoDB,Databases,us-west-2,69918885631,,,K6UMRY3TVDVCBP56,35280000,ReadRequestUnits
2024-09-02T13:00:00.000Z,2024-09-02T14:00:00.000Z,USD,15.99,15.99,Usage,$0.25 per million read request units (Oregon),Amazon DynamoDB,Databases,us-west-2,69918885631,,,K6UMRY3TVDVCBP56,63960000,ReadRequestUnits
2024-09-02T14:00:00.000Z,2024-09-02T15:00:00.000Z,USD,10.06,10.06,Usage,$0.25 per million read request units (Oregon),Amazon DynamoDB,Databases,us-west-2,69918885631,,,K6UMRY3TVDVCBP56,40240000,ReadRequestUnits
2024-09-02T15:00:00.000Z,2024-09-02T16:00:00.000Z,USD,14.06,14.06,Usage,$0.25 per million read request units (Oregon),Amazon DynamoDB,Databases,us-west-2,69918885631,,,K6UMRY3TVDVCBP56,56240000,ReadRequestUnits
2024-09-02T16:00:00.000Z,2024-09-02T17:00:00.000Z,USD,10.12,10.12,Usage,$0.25 per million read request units (Oregon),Amazon DynamoDB,Databases,us-west-2,69918885631,,,K6UMRY3TVDVCBP56,40480000,ReadRequestUnits
2024-09-02T17:00:00.000Z,2024-09-02T18:00:00.000Z,USD,6.22,6.22,Usage,$0.25 per million read request units (Oregon),Amazon DynamoDB,Databases,us-west-2,69918885631,,,K6UMRY3TVDVCBP56,24880000,ReadRequestUnits
2024-09-02T18:00:00.000Z,2024-09-02T19:00:00.000Z,USD,15.5,15.5,Usage,$0.25 per million read request units (Oregon),Amazon DynamoDB,Databases,us-west-2,69918885631,,,K6UMRY3TVDVCBP56,62000000,ReadRequestUnits
2024-09-02T19:00:00.000Z,2024-09-02T20:00:00.000Z,USD,15.62,15.62,Usage,$0.25 per million read request units (Oregon),Amazon DynamoDB,Databases,us-west-2,69918885631,,,K6UMRY3TVDVCBP56,62480000,ReadRequestUnits
2024-09-02T20:00:00.000Z,2024-09-02T21:00:00.000Z,USD,9.38,9.38,Usage,$0.25 per million read request units (Oregon),Amazon DynamoDB,Databases,us-west-2,69918885631,,,K6UMRY3TVDVCBP56,37520000,ReadRequestUnits
2024-09-02T21:00:00.000Z,2024-09-02T22:00:00.000Z,USD,8.81,8.81,Usage,$0.25 per million read request units (Oregon),Amazon DynamoDB,Databases,us-west-2,69918885631,,,K6UMRY3TVDVCBP56,35240000,ReadRequestUnits
2024-09-02T22:00:00.000Z,2024-09-02T23:00:00.000Z,USD,5.46,5.46,Usage,$0.25 per million read request units (Oregon),Amazon DynamoDB,Databases,us-west-2,69918885631,,,K6UMRY3TVDVCBP56,21840000,ReadRequestUnits
2024-09-02T23:00:00.000Z,2024-09-03T00:00:00.000Z,USD,8.74,8.74,Usage,$0.25 per million read request units (Oregon),Amazon DynamoDB,Databases,us-west-2,69918885631,,,K6UMRY3TVDVCBP56,34960000,ReadRequestUnits
2024-09-03T00:00:00.000Z,2024-09-03T01:00:00.000Z,USD,4.24,4.24,Usage,$0.25 per million read request units (Oregon),Amazon DynamoDB,Databases,us-west-2,69918885631,,,K6UMRY3TVDVCBP56,16960000,ReadRequestUnits
2024-09-03T01:00:00.000Z,2024-09-03T02:00:00.000Z,USD,6.28,6.28,Usage,$0.25 per million read request units (Oregon),Amazon DynamoDB,Databases,us-west-2,69918885631,,,K6UMRY3TVDVCBP56,25120000,ReadRequestUnits
2024-09-03T02:00:00.000Z,2024-09-03T03:00:00.000Z,USD,6.62,6.62,Usage,$0.25 per million read request units (Oregon),Amazon DynamoDB,Databases,us-west-2,69918885631,,,K6UMRY3TVDVCBP56,26480000,ReadRequestUnits
2024-09-03T03:00:00.000Z,2024-09-03T04:00:00.000Z,USD,4.28,4.28,Usage,$0.25 per million read request units (Oregon),Amazon DynamoDB,Databases,us-west-2,69918885631,,,K6UMRY3TVDVCBP56,17120000,ReadRequestUnits
2024-09-03T04:00:00.000Z,2024-09-03T05:00:00.000Z,USD,4.49,4.49,Usage,$0.25 per million read request units (Oregon),Amazon DynamoDB,Databases,us-west-2,69918885631,,,K6UMRY3TVDVCBP56,17960000,ReadRequestUnits
2024-09-03T05:00:00.000Z,2024-09-03T06:00:00.000Z,USD,9.17,9.17,Usage,$0.25 per million read request units (Oregon),Amazon DynamoDB,Databases,us-west-2,69918885631,,,K6UMRY3TVDVCBP56,36680000,ReadRequestUnits
2024-09-03T06:00:00.000Z,2024-09-03T07:00:00.000Z,USD,6.03,6.03,Usage,$0.25 per million read request units (Oregon),Amazon DynamoDB,Databases,us-west-2,69918885631,,,K6UMRY3TVDVCBP56,24120000,ReadRequestUnits
2024-09-03T07:00:00.000Z,2024-09-03T08:00:00.000Z,USD,8.78,8.78,Usage,$0.25 per million read request units (Oregon),Amazon DynamoDB,Databases,us-west-2,69918885631,,,K6UMRY3TVDVCBP56,35120000,ReadRequestUnits
2024-09-03T08:00:00.000Z,2024-09-03T09:00:00.000Z,USD,12.18,12.18,Usage,$0.25 per million read request units (Oregon),Amazon DynamoDB,Databases,us-west-2,69918885631,,,K6UMRY3TVDVCBP56,48720000,ReadRequestUnits
2024-09-03T09:00:00.000Z,2024-09-03T10:00:00.000Z,USD,13.94,13.94,Usage,$0.25 per million read request units (Oregon),Amazon DynamoDB,Databases,us-west-2,69918885631,,,K6UMRY3TVDVCBP56,55760000,ReadRequestUnits
2024-09-03T10:00:00.000Z,2024-09-03T11:00:00.000Z,USD,12.8,12.8,Usage,$0.25 per million read request units (Oregon),Amazon DynamoDB,Databases,us-west-2,69918885631,,,K6UMRY3TVDVCBP56,51200000,ReadRequestUnits
2024-09-03T11:00:00.000Z,2024-09-03T12:00:00.000Z,USD,6.08,6.08,Usage,$0.25 per million read request units (Oregon),Amazon DynamoDB,Databases,us-west-2,69918885631,,,K6UMRY3TVDVCBP56,24320000,ReadRequestUnits
2024-09-03T12:00:00.000Z,2024-09-03T13:00:00.000Z,USD,16.7,16.7,Usage,$0.25 per million read request units (Oregon),Amazon DynamoDB,Databases,us-west-2,69918885631,,,K6UMRY3TVDVCBP56,66800000,ReadRequestUnits
2024-09-03T13:00:00.000Z,2024-09-03T14:00:00.000Z,USD,11.68,11.68,Usage,$0.25 per million read request units (Oregon),Amazon DynamoDB,Databases,us-west-2,69918885631,,,K6UMRY3TVDVCBP56,46720000,ReadRequestUnits
2024-09-03T14:00:00.000Z,2024-09-03T15:00:00.000Z,USD,11.51,11.51,Usage,$0.25 per million read request units (Oregon),Amazon DynamoDB,Databases,us-west-2,69918885631,,,K6UMRY3TVDVCBP56,46040000,ReadRequestUnits
2024-09-03T15:00:00.000Z,2024-09-03T16:00:00.000Z,USD,9.14,9.14,Usage,$0.25 per million read request units (Oregon),Amazon DynamoDB,Databases,us-west-2,69918885631,,,K6UMRY3TVDVCBP56,36560000,ReadRequestUnits
2024-09-03T16:00:00.000Z,2024-09-03T17:00:00.000Z,USD,15.91,15.91,Usage,$0.25 per million read request units (Oregon),Amazon DynamoDB,Databases,us-west-2,69918885631,,,K6UMRY3TVDVCBP56,63640000,ReadRequestUnits
2024-09-03T17:00:00.000Z,2024-09-03T18:00:00.000Z,USD,15.21,15.21,Usage,$0.25 per million read request units (Oregon),Amazon DynamoDB,Databases,us-west-2,69918885631,,,K6UMRY3TVDVCBP56,60840000,ReadRequestUnits
2024-09-03T18:00:00.000Z,2024-09-03T19:00:00.000Z,USD,15.19,15.19,Usage,$0.25 per million read request units (Oregon),Amazon DynamoDB,Databases,us-west-2,69918885631,,,K6UMRY3TVDVCBP56,60760000,ReadRequestUnits
2024-09-03T19:00:00.000Z,2024-09-03T20:00:00.000Z,USD,11.81,11.81,Usage,$0.25 per million read request units (Oregon),Amazon DynamoDB,Databases,us-west-2,69918885631,,,K6UMRY3TVDVCBP56,47240000,ReadRequestUnits
2024-09-03T20:00:00.000Z,2024-09-03T21:00:00.000Z,USD,5.45,5.45,Usage,$0.25 per million read request units (Oregon),Amazon DynamoDB,Databases,us-west-2,69918885631,,,K6UMRY3TVDVCBP56,21800000,ReadRequestUnits
2024-09-03T21:00:00.000Z,2024-09-03T22:00:00.000Z,USD,5.07,5.07,Usage,$0.25 per million read request units (Oregon),Amazon DynamoDB,Databases,us-west-2,69918885631,,,K6UMRY3TVDVCBP56,20280000,ReadRequestUnits
2024-09-03T22:00:00.000Z,2024-09-03T23:00:00.000Z,USD,7.51,7.51,Usage,$0.25 per million read request units (Oregon),Amazon DynamoDB,Databases,us-west-2,69918885631,,,K6UMRY3TVDVCBP56,30040000,ReadRequestUnits
2024-09-03T23:00:00.000Z,2024-09-04T00:00:00.000Z,USD,5.79,5.79,Usage,$0.25 per million read request units (Oregon),Amazon DynamoDB,Databases,us-west-2,69918885631,,,K6UMRY3TVDVCBP56,23160000,ReadRequestUnits
2024-09-04T00:00:00.000Z,2024-09-04T01:00:00.000Z,USD,8.52,8.52,Usage,$0.25 per million read request units (Oregon),Amazon DynamoDB,Databases,us-west-2,69918885631,,,K6UMRY3TVDVCBP56,34080000,ReadRequestUnits
2024-09-04T01:00:00.000Z,2024-09-04T02:00:00.000Z,USD,4.45,4.45,Usage,$0.25 per million read request units (Oregon),Amazon DynamoDB,Databases,us-west-2,69918885631,,,K6UMRY3TVDVCBP56,17800000,ReadRequestUnits
2024-09-04T02:00:00.000Z,2024-09-04T03:00:00.000Z,USD,5.04,5.04,Usage,$0.25 per million read request units (Oregon),Amazon DynamoDB,Databases,us-west-2,69918885631,,,K6UMRY3TVDVCBP56,20160000,ReadRequestUnits
2024-09-04T03:00:00.000Z,2024-09-04T04:00:00.000Z,USD,6.86,6.86,Usage,$0.25 per million read request units (Oregon),Amazon DynamoDB,Databases,us-west-2,69918885631,,,K6UMRY3TVDVCBP56,27440000,ReadRequestUnits
2024-09-04T04:00:00.000Z,2024-09-04T05:00:00.000Z,USD,8.17,8.17,Usage,$0.25 per million read request units (Oregon),Amazon DynamoDB,Databases,us-west-2,69918885631,,,K6UMRY3TVDVCBP56,32680000,ReadRequestUnits
2024-09-04T05:00:00.000Z,2024-09-04T06:00:00.000Z,USD,6.65,6.65,Usage,$0.25 per million read request units (Oregon),Amazon DynamoDB,Databases,us-west-2,69918885631,,,K6UMRY3TVDVCBP56,26600000,ReadRequestUnits
2024-09-04T06:00:00.000Z,2024-09-04T07:00:00.000Z,USD,7.74,7.74,Usage,$0.25 per million read request units (Oregon),Amazon DynamoDB,Databases,us-west-2,69918885631,,,K6UMRY3TVDVCBP56,30960000,ReadRequestUnits
2024-09-04T07:00:00.000Z,2024-09-04T08:00:00.000Z,USD,5.8,5.8,Usage,$0.25 per million read request units (Oregon),Amazon DynamoDB,Databases,us-west-2,69918885631,,,K6UMRY3TVDVCBP56,23200000,ReadRequestUnits
2024-09-04T08:00:00.000Z,2024-09-04T09:00:00.000Z,USD,6.8,6.8,Usage,$0.25 per million read request units (Oregon),Amazon DynamoDB,Databases,us-west-2,69918885631,,,K6UMRY3TVDVCBP56,27200000,ReadRequestUnits
2024-09-04T09:00:00.000Z,2024-09-04T10:00:00.000Z,USD,17.17,17.17,Usage,$0.25 per million read request units (Oregon),Amazon DynamoDB,Databases,us-west-2,69918885631,,,K6UMRY3TVDVCBP56,68680000,ReadRequestUnits
2024-09-04T10:00:00.000Z,2024-09-04T11:00:00.000Z,USD,17.47,17.47,Usage,$0.25 per million read request units (Oregon),Amazon DynamoDB,Databases,us-west-2,69918885631,,,K6UMRY3TVDVCBP56,69880000,ReadRequestUnits
2024-09-04T11:00:00.000Z,2024-09-04T12:00:00.000Z,USD,12.71,12.71,Usage,$0.25 per million read request units (Oregon),Amazon DynamoDB,Databases,us-west-2,69918885631,,,K6UMRY3TVDVCBP56,50840000,ReadRequestUnits
2024-09-04T12:00:00.000Z,2024-09-04T13:00:00.000Z,USD,14.92,14.92,Usage,$0.25 per million read request units (Oregon),Amazon DynamoDB,Databases,us-west-2,69918885631,,,K6UMRY3TVDVCBP56,59680000,ReadRequestUnits
2024-09-04T13:00:00.000Z,2024-09-04T14:00:00.000Z,USD,6.59,6.59,Usage,$0.25 per million read request units (Oregon),Amazon DynamoDB,Databases,us-west-2,69918885631,,,K6UMRY3TVDVCBP56,26360000,ReadRequestUnits
2024-09-04T14:00:00.000Z,2024-09-04T15:00:00.000Z,USD,8.9,8.9,Usage,$0.25 per million read request units (Oregon),Amazon DynamoDB,Databases,us-west-2,69918885631,,,K6UMRY3TVDVCBP56,35600000,ReadRequestUnits
2024-09-04T15:00:00.000Z,2024-09-04T16:00:00.000Z,USD,7.45,7.45,Usage,$0.25 per million read request units (Oregon),Amazon DynamoDB,Databases,us-west-2,69918885631,,,K6UMRY3TVDVCBP56,29800000,ReadRequestUnits
2024-09-04T16:00:00.000Z,2024-09-04T17:00:00.000Z,USD,12.05,12.05,Usage,$0.25 per million read request units (Oregon),Amazon DynamoDB,Databases,us-west-2,69918885631,,,K6UMRY3TVDVCBP56,48200000,ReadRequestUnits
2024-09-04T17:00:00.000Z,2024-09-04T18:00:00.000Z,USD,17.36,17.36,Usage,$0.25 per million read request units (Oregon),Amazon DynamoDB,Databases,us-west-2,69918885631,,,K6UMRY3TVDVCBP56,69440000,ReadRequestUnits
2024-09-04T18:00:00.000Z,2024-09-04T19:00:00.000Z,USD,9.59,9.59,Usage,$0.25 per million read request units (Oregon),Amazon DynamoDB,Databases,us-west-2,69918885631,,,K6UMRY3TVDVCBP56,38360000,ReadRequestUnits
2024-09-04T19:00:00.000Z,2024-09-04T20:00:00.000Z,USD,14.32,14.32,Usage,$0.25 per million read request units (Oregon),Amazon DynamoDB,Databases,us-west-2,69918885631,,,K6UMRY3TVDVCBP56,57280000,ReadRequestUnits
2024-09-04T20:00:00.000Z,2024-09-04T21:00:00.000Z,USD,3.2,3.2,Usage,$0.25 per million read request units (Oregon),Amazon DynamoDB,Databases,us-west-2,69918885631,,,K6UMRY3TVDVCBP56,12800000,ReadRequestUnits
2024-09-04T21:00:00.000Z,2024-09-04T22:00:00.000Z,USD,3.78,3.78,Usage,$0.25 per million read request units (Oregon),Amazon DynamoDB,Databases,us-west-2,69918885631,,,K6UMRY3TVDVCBP56,15120000,ReadRequestUnits
2024-09-04T22:00:00.000Z,2024-09-04T23:00:00.000Z,USD,5.03,5.03,Usage,$0.25 per million read request units (Oregon),Amazon DynamoDB,Databases,us-west-2,69918885631,,,K6UMRY3TVDVCBP56,20120000,ReadRequestUnits
2024-09-04T23:00:00.000Z,2024-09-05T00:00:00.000Z,USD,4.86,4.86,Usage,$0.25 per million read request units (Oregon),Amazon DynamoDB,Databases,us-west-2,69918885631,,,K6UMRY3TVDVCBP56,19440000,ReadRequestUnits
2024-09-05T00:00:00.000Z,2024-09-05T01:00:00.000Z,USD,8.68,8.68,Usage,$0.25 per million read request units (Oregon),Amazon DynamoDB,Databases,us-west-2,69918885631,,,K6UMRY3TVDVCBP56,34720000,ReadRequestUnits
2024-09-05T01:00:00.000Z,2024-09-05T02:00:00.000Z,USD,5.77,5.77,Usage,$0.25 per million read request units (Oregon),Amazon DynamoDB,Databases,us-west-2,69918885631,,,K6UMRY3TVDVCBP56,23080000,ReadRequestUnits
2024-09-05T02:00:00.000Z,2024-09-05T03:00:00.000Z,USD,8.91,8.91,Usage,$0.25 per million read request units (Oregon),Amazon DynamoDB,Databases,us-west-2,69918885631,,,K6UMRY3TVDVCBP56,35640000,ReadRequestUnits
2024-09-05T03:00:00.000Z,2024-09-05T04:00:00.000Z,USD,6.61,6.61,Usage,$0.25 per million read request units (Oregon),Amazon DynamoDB,Databases,us-west-2,69918885631,,,K6UMRY3TVDVCBP56,26440000,ReadRequestUnits
2024-09-05T04:00:00.000Z,2024-09-05T05:00:00.000Z,USD,4.38,4.38,Usage,$0.25 per million read request units (Oregon),Amazon DynamoDB,Databases,us-west-2,69918885631,,,K6UMRY3TVDVCBP56,17520000,ReadRequestUnits
2024-09-05T05:00:00.000Z,2024-09-05T06:00:00.000Z,USD,4.52,4.52,Usage,$0.25 per million read request units (Oregon),Amazon DynamoDB,Databases,us-west-2,69918885631,,,K6UMRY3TVDVCBP56,18080000,ReadRequestUnits
2024-09-05T06:00:00.000Z,2024-09-05T07:00:00.000Z,USD,6.51,6.51,Usage,$0.25 per million read request units (Oregon),Amazon DynamoDB,Databases,us-west-2,69918885631,,,K6UMRY3TVDVCBP56,26040000,ReadRequestUnits
2024-09-05T07:00:00.000Z,2024-09-05T08:00:00.000Z,USD,7.54,7.54,Usage,$0.25 per million read request units (Oregon),Amazon DynamoDB,Databases,us-west-2,69918885631,,,K6UMRY3TVDVCBP56,30160000,ReadRequestUnits
2024-09-05T08:00:00.000Z,2024-09-05T09:00:00.000Z,USD,15.74,15.74,Usage,$0.25 per million read request units (Oregon),Amazon DynamoDB,Databases,us-west-2,69918885631,,,K6UMRY3TVDVCBP56,62960000,ReadRequestUnits
2024-09-05T09:00:00.000Z,2024-09-05T10:00:00.000Z,USD,6.25,6.25,Usage,$0.25 per million read request units (Oregon),Amazon DynamoDB,Databases,us-west-2,69918885631,,,K6UMRY3TVDVCBP56,25000000,ReadRequestUnits
2024-09-05T10:00:00.000Z,2024-09-05T11:00:00.000Z,USD,13.12,13.12,Usage,$0.25 per million read request units (Oregon),Amazon DynamoDB,Databases,us-west-2,69918885631,,,K6UMRY3TVDVCBP56,52480000,ReadRequestUnits
2024-09-05T11:00:00.000Z,2024-09-05T12:00:00.000Z,USD,13.35,13.35,Usage,$0.25 per million read request units (Oregon),Amazon DynamoDB,Databases,us-west-2,69918885631,,,K6UMRY3TVDVCBP56,53400000,ReadRequestUnits
2024-09-05T12:00:00.000Z,2024-09-05T13:00:00.000Z,USD,10.03,10.03,Usage,$0.25 per million read request units (Oregon),Amazon DynamoDB,Databases,us-west-2,69918885631,,,K6UMRY3TVDVCBP56,40120000,ReadRequestUnits
2024-09-05T13:00:00.000Z,2024-09-05T14:00:00.000Z,USD,10.75,10.75,Usage,$0.25 per million read request units (Oregon),Amazon DynamoDB,Databases,us-west-2,69918885631,,,K6UMRY3TVDVCBP56,43000000,ReadRequestUnits
2024-09-05T14:00:00.000Z,2024-09-05T15:00:00.000Z,USD,16.99,16.99,Usage,$0.25 per million read request units (Oregon),Amazon DynamoDB,Databases,us-west-2,69918885631,,,K6UMRY3TVDVCBP56,67960000,ReadRequestUnits
2024-09-05T15:00:00.000Z,2024-09-05T16:00:00.000Z,USD,7.15,7.15,Usage,$0.25 per million read request units (Oregon),Amazon DynamoDB,Databases,us-west-2,69918885631,,,K6UMRY3TVDVCBP56,28600000,ReadRequestUnits
2024-09-05T16:00:00.000Z,2024-09-05T17:00:00.000Z,USD,15.29,15.29,Usage,$0.25 per million read request units (Oregon),Amazon DynamoDB,Databases,us-west-2,69918885631,,,K6UMRY3TVDVCBP56,61160000,ReadRequestUnits
2024-09-05T17:00:00.000Z,2024-09-05T18:00:00.000Z,USD,13.05,13.05,Usage,$0.25 per million read request units (Oregon),Amazon DynamoDB,Databases,us-west-2,69918885631,,,K6UMRY3TVDVCBP56,52200000,ReadRequestUnits
2024-09-05T18:00:00.000Z,2024-09-05T19:00:00.000Z,USD,9.65,9.65,Usage,$0.25 per million read request units (Oregon),Amazon DynamoDB,Databases,us-west-2,69918885631,,,K6UMRY3TVDVCBP56,38600000,ReadRequestUnits
2024-09-05T19:00:00.000Z,2024-09-05T20:00:00.000Z,USD,11.26,11.26,Usage,$0.25 per million read request units (Oregon),Amazon DynamoDB,Databases,us-west-2,69918885631,,,K6UMRY3TVDVCBP56,45040000,ReadRequestUnits
2024-09-05T20:00:00.000Z,2024-09-05T21:00:00.000Z,USD,7.61,7.61,Usage,$0.25 per million read request units (Oregon),Amazon DynamoDB,Databases,us-west-2,69918885631,,,K6UMRY3TVDVCBP56,30440000,ReadRequestUnits
2024-09-05T21:00:00.000Z,2024-09-05T22:00:00.000Z,USD,8.04,8.04,Usage,$0.25 per million read request units (Oregon),Amazon DynamoDB,Databases,us-west-2,69918885631,,,K6UMRY3TVDVCBP56,32160000,ReadRequestUnits
2024-09-05T22:00:00.000Z,2024-09-05T23:00:00.000Z,USD,9.07,9.07,Usage,$0.25 per million read request units (Oregon),Amazon DynamoDB,Databases,us-west-2,69918885631,,,K6UMRY3TVDVCBP56,36280000,ReadRequestUnits
2024-09-05T23:00:00.000Z,2024-09-06T00:00:00.000Z,USD,8.57,8.57,Usage,$0.25 per million read request units (Oregon),Amazon DynamoDB,Databases,us-west-2,69918885631,,,K6UMRY3TVDVCBP56,34280000,ReadRequestUnits
2024-09-06T00:00:00.000Z,2024-09-06T01:00:00.000Z,USD,7.11,7.11,Usage,$0.25 per million read request units (Oregon),Amazon DynamoDB,Databases,us-west-2,69918885631,,,K6UMRY3TVDVCBP56,28440000,ReadRequestUnits
2024-09-06T01:00:00.000Z,2024-09-06T02:00:00.000Z,USD,8.98,8.98,Usage,$0.25 per million read request units (Oregon),Amazon DynamoDB,Databases,us-west-2,69918885631,,,K6UMRY3TVDVCBP56,35920000,ReadRequestUnits
2024-09-06T02:00:00.000Z,2024-09-06T03:00:00.000Z,USD,7.32,7.32,Usage,$0.25 per million read request units (Oregon),Amazon DynamoDB,Databases,us-west-2,69918885631,,,K6UMRY3TVDVCBP56,29280000,ReadRequestUnits
2024-09-06T03:00:00.000Z,2024-09-06T04:00:00.000Z,USD,6.29,6.29,Usage,$0.25 per million read request units (Oregon),Amazon DynamoDB,Databases,us-west-2,69918885631,,,K6UMRY3TVDVCBP56,25160000,ReadRequestUnits
2024-09-06T04:00:00.000Z,2024-09-06T05:00:00.000Z,USD,3.43,3.43,Usage,$0.25 per million read request units (Oregon),Amazon DynamoDB,Databases,us-west-2,69918885631,,,K6UMRY3TVDVCBP56,13720000,ReadRequestUnits
2024-09-06T05:00:00.000Z,2024-09-06T06:00:00.000Z,USD,3.41,3.41,Usage,$0.25 per million read request units (Oregon),Amazon DynamoDB,Databases,us-west-2,69918885631,,,K6UMRY3TVDVCBP56,13640000,ReadRequestUnits
2024-09-06T06:00:00.000Z,2024-09-06T07:00:00.000Z,USD,8.12,8.12,Usage,$0.25 per million read request units (Oregon),Amazon DynamoDB,Databases,us-west-2,69918885631,,,K6UMRY3TVDVCBP56,32480000,ReadRequestUnits
2024-09-06T07:00:00.000Z,2024-09-06T08:00:00.000Z,USD,7.65,7.65,Usage,$0.25 per million read request units (Oregon),Amazon DynamoDB,Databases,us-west-2,69918885631,,,K6UMRY3TVDVCBP56,30600000,ReadRequestUnits
2024-09-06T08:00:00.000Z,2024-09-06T09:00:00.000Z,USD,13.72,13.72,Usage,$0.25 per million read request units (Oregon),Amazon DynamoDB,Databases,us-west-2,69918885631,,,K6UMRY3TVDVCBP56,54880000,ReadRequestUnits
2024-09-06T09:00:00.000Z,2024-09-06T10:00:00.000Z,USD,8.05,8.05,Usage,$0.25 per million read request units (Oregon),Amazon DynamoDB,Databases,us-west-2,69918885631,,,K6UMRY3TVDVCBP56,32200000,ReadRequestUnits
2024-09-06T10:00:00.000Z,2024-09-06T11:00:00.000Z,USD,9.71,9.71,Usage,$0.25 per million read request units (Oregon),Amazon DynamoDB,Databases,us-west-2,69918885631,,,K6UMRY3TVDVCBP56,38840000,ReadRequestUnits
2024-09-06T11:00:00.000Z,2024-09-06T12:00:00.000Z,USD,6.76,6.76,Usage,$0.25 per million read request units (Oregon),Amazon DynamoDB,Databases,us-west-2,69918885631,,,K6UMRY3TVDVCBP56,27040000,ReadRequestUnits
2024-09-06T12:00:00.000Z,2024-09-06T13:00:00.000Z,USD,12.69,12.69,Usage,$0.25 per million read request units (Oregon),Amazon DynamoDB,Databases,us-west-2,69918885631,,,K6UMRY3TVDVCBP56,50760000,ReadRequestUnits
2024-09-06T13:00:00.000Z,2024-09-06T14:00:00.000Z,USD,8.15,8.15,Usage,$0.25 per million read request units (Oregon),Amazon DynamoDB,Databases,us-west-2,69918885631,,,K6UMRY3TVDVCBP56,32600000,ReadRequestUnits
2024-09-06T14:00:00.000Z,2024-09-06T15:00:00.000Z,USD,17.14,17.14,Usage,$0.25 per million read request units (Oregon),Amazon DynamoDB,Databases,us-west-2,69918885631,,,K6UMRY3TVDVCBP56,68560000,ReadRequestUnits
2024-09-06T15:00:00.000Z,2024-09-06T16:00:00.000Z,USD,11.17,11.17,Usage,$0.25 per million read request units (Oregon),Amazon DynamoDB,Databases,us-west-2,69918885631,,,K6UMRY3TVDVCBP56,44680000,ReadRequestUnits
2024-09-06T16:00:00.000Z,2024-09-06T17:00:00.000Z,USD,15.27,15.27,Usage,$0.25 per million read request units (Oregon),Amazon DynamoDB,Databases,us-west-2,69918885631,,,K6UMRY3TVDVCBP56,61080000,ReadRequestUnits
2024-09-06T17:00:00.000Z,2024-09-06T18:00:00.000Z,USD,14.87,14.87,Usage,$0.25 per million read request units (Oregon),Amazon DynamoDB,Databases,us-west-2,69918885631,,,K6UMRY3TVDVCBP56,59480000,ReadRequestUnits
2024-09-06T18:00:00.000Z,2024-09-06T19:00:00.000Z,USD,9.34,9.34,Usage,$0.25 per million read request units (Oregon),Amazon DynamoDB,Databases,us-west-2,69918885631,,,K6UMRY3TVDVCBP56,37360000,ReadRequestUnits
2024-09-06T19:00:00.000Z,2024-09-06T20:00:00.000Z,USD,6.45,6.45,Usage,$0.25 per million read request units (Oregon),Amazon DynamoDB,Databases,us-west-2,69918885631,,,K6UMRY3TVDVCBP56,25800000,ReadRequestUnits
2024-09-06T20:00:00.000Z,2024-09-06T21:00:00.000Z,USD,5.55,5.55,Usage,$0.25 per million read request units (Oregon),Amazon DynamoDB,Databases,us-west-2,69918885631,,,K6UMRY3TVDVCBP56,22200000,ReadRequestUnits
2024-09-06T21:00:00.000Z,2024-09-06T22:00:00.000Z,USD,8.13,8.13,Usage,$0.25 per million read request units (Oregon),Amazon DynamoDB,Databases,us-west-2,69918885631,,,K6UMRY3TVDVCBP56,32520000,ReadRequestUnits
2024-09-06T22:00:00.000Z,2024-09-06T23:00:00.000Z,USD,5.81,5.81,Usage,$0.25 per million read request units (Oregon),Amazon DynamoDB,Databases,us-west-2,69918885631,,,K6UMRY3TVDVCBP56,23240000,ReadRequestUnits
2024-09-06T23:00:00.000Z,2024-09-07T00:00:00.000Z,USD,6.09,6.09,Usage,$0.25 per million read request units (Oregon),Amazon DynamoDB,Databases,us-west-2,69918885631,,,K6UMRY3TVDVCBP56,24360000,ReadRequestUnits
2024-09-07T00:00:00.000Z,2024-09-07T01:00:00.000Z,USD,4.98,4.98,Usage,$0.25 per million read request units (Oregon),Amazon DynamoDB,Databases,us-west-2,69918885631,,,K6UMRY3TVDVCBP56,19920000,ReadRequestUnits
2024-09-07T01:00:00.000Z,2024-09-07T02:00:00.000Z,USD,3.41,3.41,Usage,$0.25 per million read request units (Oregon),Amazon DynamoDB,Databases,us-west-2,69918885631,,,K6UMRY3TVDVCBP56,13640000,ReadRequestUnits
2024-09-07T02:00:00.000Z,2024-09-07T03:00:00.000Z,USD,3.1,3.1,Usage,$0.25 per million read request units (Oregon),Amazon DynamoDB,Databases,us-west-2,69918885631,,,K6UMRY3TVDVCBP56,12400000,ReadRequestUnits
2024-09-07T03:00:00.000Z,2024-09-07T04:00:00.000Z,USD,4,4,Usage,$0.25 per million read request units (Oregon),Amazon DynamoDB,Databases,us-west-2,69918885631,,,K6UMRY3TVDVCBP56,16000000,ReadRequestUnits
2024-09-07T04:00:00.000Z,2024-09-07T05:00:00.000Z,USD,5.31,5.31,Usage,$0.25 per million read request units (Oregon),Amazon DynamoDB,Databases,us-west-2,69918885631,,,K6UMRY3TVDVCBP56,21240000,ReadRequestUnits
2024-09-07T05:00:00.000Z,2024-09-07T06:00:00.000Z,USD,3.68,3.68,Usage,$0.25 per million read request units (Oregon),Amazon DynamoDB,Databases,us-west-2,69918885631,,,K6UMRY3TVDVCBP56,14720000,ReadRequestUnits
2024-09-07T06:00:00.000Z,2024-09-07T07:00:00.000Z,USD,2.63,2.63,Usage,$0.25 per million read request units (Oregon),Amazon DynamoDB,Databases,us-west-2,69918885631,,,K6UMRY3TVDVCBP56,10520000,ReadRequestUnits
2024-09-07T07:00:00.000Z,2024-09-07T08:00:00.000Z,USD,5.65,5.65,Usage,$0.25 per million read request units (Oregon),Amazon DynamoDB,Databases,us-west-2,69918885631,,,K6UMRY3TVDVCBP56,22600000,ReadRequestUnits
2024-09-07T08:00:00.000Z,2024-09-07T09:00:00.000Z,USD,5.71,5.71,Usage,$0.25 per million read request units (Oregon),Amazon DynamoDB,Databases,us-west-2,69918885631,,,K6UMRY3TVDVCBP56,22840000,ReadRequestUnits
2024-09-07T09:00:00.000Z,2024-09-07T10:00:00.000Z,USD,5.13,5.13,Usage,$0.25 per million read request units (Oregon),Amazon DynamoDB,Databases,us-west-2,69918885631,,,K6UMRY3TVDVCBP56,20520000,ReadRequestUnits
2024-09-07T10:00:00.000Z,2024-09-07T11:00:00.000Z,USD,6.57,6.57,Usage,$0.25 per million read request units (Oregon),Amazon DynamoDB,Databases,us-west-2,69918885631,,,K6UMRY3TVDVCBP56,26280000,ReadRequestUnits
2024-09-07T11:00:00.000Z,2024-09-07T12:00:00.000Z,USD,6.4,6.4,Usage,$0.25 per million read request units (Oregon),Amazon DynamoDB,Databases,us-west-2,69918885631,,,K6UMRY3TVDVCBP56,25600000,ReadRequestUnits
2024-09-07T12:00:00.000Z,2024-09-07T13:00:00.000Z,USD,6.04,6.04,Usage,$0.25 per million read request units (Oregon),Amazon DynamoDB,Databases,us-west-2,69918885631,,,K6UMRY3TVDVCBP56,24160000,ReadRequestUnits
2024-09-07T13:00:00.000Z,2024-09-07T14:00:00.000Z,USD,4.65,4.65,Usage,$0.25 per million read request units (Oregon),Amazon DynamoDB,Databases,us-west-2,69918885631,,,K6UMRY3TVDVCBP56,18600000,ReadRequestUnits
2024-09-07T14:00:00.000Z,2024-09-07T15:00:00.000Z,USD,4.45,4.45,Usage,$0.25 per million read request units (Oregon),Amazon DynamoDB,Databases,us-west-2,69918885631,,,K6UMRY3TVDVCBP56,17800000,ReadRequestUnits
2024-09-07T15:00:00.000Z,2024-09-07T16:00:00.000Z,USD,2.85,2.85,Usage,$0.25 per million read request units (Oregon),Amazon DynamoDB,Databases,us-west-2,69918885631,,,K6UMRY3TVDVCBP56,11400000,ReadRequestUnits
2024-09-07T16:00:00.000Z,2024-09-07T17:00:00.000Z,USD,4.14,4.14,Usage,$0.25 per million read request units (Oregon),Amazon DynamoDB,Databases,us-west-2,69918885631,,,K6UMRY3TVDVCBP56,16560000,ReadRequestUnits
2024-09-07T17:00:00.000Z,2024-09-07T18:00:00.000Z,USD,3.7,3.7,Usage,$0.25 per million read request units (Oregon),Amazon DynamoDB,Databases,us-west-2,69918885631,,,K6UMRY3TVDVCBP56,14800000,ReadRequestUnits
2024-09-07T18:00:00.000Z,2024-09-07T19:00:00.000Z,USD,6.48,6.48,Usage,$0.25 per million read request units (Oregon),Amazon DynamoDB,Databases,us-west-2,69918885631,,,K6UMRY3TVDVCBP56,25920000,ReadRequestUnits
2024-09-07T19:00:00.000Z,2024-09-07T20:00:00.000Z,USD,5.8,5.8,Usage,$0.25 per million read request units (Oregon),Amazon DynamoDB,Databases,us-west-2,69918885631,,,K6UMRY3TVDVCBP56,23200000,ReadRequestUnits
2024-09-07T20:00:00.000Z,2024-09-07T21:00:00.000Z,USD,3.57,3.57,Usage,$0.25 per million read request units (Oregon),Amazon DynamoDB,Databases,us-west-2,69918885631,,,K6UMRY3TVDVCBP56,14280000,ReadRequestUnits
2024-09-07T21:00:00.000Z,2024-09-07T22:00:00.000Z,USD,2.88,2.88,Usage,$0.25 per million read request units (Oregon),Amazon DynamoDB,Databases,us-west-2,69918885631,,,K6UMRY3TVDVCBP56,11520000,ReadRequestUnits
2024-09-07T22:00:00.000Z,2024-09-07T23:00:00.000Z,USD,2.52,2.52,Usage,$0.25 per million read request units (Oregon),Amazon DynamoDB,Databases,us-west-2,69918885631,,,K6UMRY3TVDVCBP56,10080000,ReadRequestUnits
2024-09-07T23:00:00.000Z,2024-09-08T00:00:00.000Z,USD,5.47,5.47,Usage,$0.25 per million read request units (Oregon),Amazon DynamoDB,Databases,us-west-2,69918885631,,,K6UMRY3TVDVCBP56,21880000,ReadRequestUnits
2024-09-08T00:00:00.000Z,2024-09-08T01:00:00.000Z,USD,5.83,5.83,Usage,$0.25 per million read request units (Oregon),Amazon DynamoDB,Databases,us-west-2,69918885631,,,K6UMRY3TVDVCBP56,23320000,ReadRequestUnits
2024-09-08T01:00:00.000Z,2024-09-08T02:00:00.000Z,USD,4.36,4.36,Usage,$0.25 per million read request units (Oregon),Amazon DynamoDB,Databases,us-west-2,69918885631,,,K6UMRY3TVDVCBP56,17440000,ReadRequestUnits
2024-09-08T02:00:00.000Z,2024-09-08T03:00:00.000Z,USD,3.02,3.02,Usage,$0.25 per million read request units (Oregon),Amazon DynamoDB,Databases,us-west-2,69918885631,,,K6UMRY3TVDVCBP56,12080000,ReadRequestUnits
2024-09-08T03:00:00.000Z,2024-09-08T04:00:00.000Z,USD,6.7,6.7,Usage,$0.25 per million read request units (Oregon),Amazon DynamoDB,Databases,us-west-2,69918885631,,,K6UMRY3TVDVCBP56,26800000,ReadRequestUnits
2024-09-08T04:00:00.000Z,2024-09-08T05:00:00.000Z,USD,5.96,5.96,Usage,$0.25 per million read request units (Oregon),Amazon DynamoDB,Databases,us-west-2,69918885631,,,K6UMRY3TVDVCBP56,23840000,ReadRequestUnits
2024-09-08T05:00:00.000Z,2024-09-08T06:00:00.000Z,USD,5.33,5.33,Usage,$0.25 per million read request units (Oregon),Amazon DynamoDB,Databases,us-west-2,69918885631,,,K6UMRY3TVDVCBP56,21320000,ReadRequestUnits
2024-09-08T06:00:00.000Z,2024-09-08T07:00:00.000Z,USD,4.97,4.97,Usage,$0.25 per million read request units (Oregon),Amazon DynamoDB,Databases,us-west-2,69918885631,,,K6UMRY3TVDVCBP56,19880000,ReadRequestUnits
2024-09-08T07:00:00.000Z,2024-09-08T08:00:00.000Z,USD,3.19,3.19,Usage,$0.25 per million read request units (Oregon),Amazon DynamoDB,Databases,us-west-2,69918885631,,,K6UMRY3TVDVCBP56,12760000,ReadRequestUnits
2024-09-08T08:00:00.000Z,2024-09-08T09:00:00.000Z,USD,3.06,3.06,Usage,$0.25 per million read request units (Oregon),Amazon DynamoDB,Databases,us-west-2,69918885631,,,K6UMRY3TVDVCBP56,12240000,ReadRequestUnits
2024-09-08T09:00:00.000Z,2024-09-08T10:00:00.000Z,USD,5.3,5.3,Usage,$0.25 per million read request units (Oregon),Amazon DynamoDB,Databases,us-west-2,69918885631,,,K6UMRY3TVDVCBP56,21200000,ReadRequestUnits
2024-09-08T10:00:00.000Z,2024-09-08T11:00:00.000Z,USD,3.2,3.2,Usage,$0.25 per million read request units (Oregon),Amazon DynamoDB,Databases,us-west-2,69918885631,,,K6UMRY3TVDVCBP56,12800000,ReadRequestUnits
2024-09-08T11:00:00.000Z,2024-09-08T12:00:00.000Z,USD,2.37,2.37,Usage,$0.25 per million read request units (Oregon),Amazon DynamoDB,Databases,us-west-2,69918885631,,,K6UMRY3TVDVCBP56,9480000,ReadRequestUnits
2024-09-08T12:00:00.000Z,2024-09-08T13:00:00.000Z,USD,5.94,5.94,Usage,$0.25 per million read request units (Oregon),Amazon DynamoDB,Databases,us-west-2,69918885631,,,K6UMRY3TVDVCBP56,23760000,ReadRequestUnits
2024-09-08T13:00:00.000Z,2024-09-08T14:00:00.000Z,USD,4.92,4.92,Usage,$0.25 per million read request units (Oregon),Amazon DynamoDB,Databases,us-west-2,69918885631,,,K6UMRY3TVDVCBP56,19680000,ReadRequestUnits
2024-09-08T14:00:00.000Z,2024-09-08T15:00:00.000Z,USD,5.13,5.13,Usage,$0.25 per million read request units (Oregon),Amazon DynamoDB,Databases,us-west-2,69918885631,,,K6UMRY3TVDVCBP56,20520000,ReadRequestUnits
2024-09-08T15:00:00.000Z,2024-09-08T16:00:00.000Z,USD,2.66,2.66,Usage,$0.25 per million read request units (Oregon),Amazon DynamoDB,Databases,us-west-2,69918885631,,,K6UMRY3TVDVCBP56,10640000,ReadRequestUnits
2024-09-08T16:00:00.000Z,2024-09-08T17:00:00.000Z,USD,6.06,6.06,Usage,$0.25 per million read request units (Oregon),Amazon DynamoDB,Databases,us-west-2,69918885631,,,K6UMRY3TVDVCBP56,24240000,ReadRequestUnits
2024-09-08T17:00:00.000Z,2024-09-08T18:00:00.000Z,USD,4.36,4.36,Usage,$0.25 per million read request units (Oregon),Amazon DynamoDB,Databases,us-west-2,69918885631,,,K6UMRY3TVDVCBP56,17440000,ReadRequestUnits
2024-09-08T18:00:00.000Z,2024-09-08T19:00:00.000Z,USD,4.53,4.53,Usage,$0.25 per million read request units (Oregon),Amazon DynamoDB,Databases,us-west-2,69918885631,,,K6UMRY3TVDVCBP56,18120000,ReadRequestUnits
2024-09-08T19:00:00.000Z,2024-09-08T20:00:00.000Z,USD,4.07,4.07,Usage,$0.25 per million read request units (Oregon),Amazon DynamoDB,Databases,us-west-2,69918885631,,,K6UMRY3TVDVCBP56,16280000,ReadRequestUnits
2024-09-08T20:00:00.000Z,2024-09-08T21:00:00.000Z,USD,3.48,3.48,Usage,$0.25 per million read request units (Oregon),Amazon DynamoDB,Databases,us-west-2,69918885631,,,K6UMRY3TVDVCBP56,13920000,ReadRequestUnits
2024-09-08T21:00:00.000Z,2024-09-08T22:00:00.000Z,USD,6.45,6.45,Usage,$0.25 per million read request units (Oregon),Amazon DynamoDB,Databases,us-west-2,69918885631,,,K6UMRY3TVDVCBP56,25800000,ReadRequestUnits
2024-09-08T22:00:00.000Z,2024-09-08T23:00:00.000Z,USD,5.9,5.9,Usage,$0.25 per million read request units (Oregon),Amazon DynamoDB,Databases,us-west-2,69918885631,,,K6UMRY3TVDVCBP56,23600000,ReadRequestUnits
2024-09-08T23:00:00.000Z,2024-09-09T00:00:00.000Z,USD,3.29,3.29,Usage,$0.25 per million read request units (Oregon),Amazon DynamoDB,Databases,us-west-2,69918885631,,,K6UMRY3TVDVCBP56,13160000,ReadRequestUnits
2024-09-09T00:00:00.000Z,2024-09-09T01:00:00.000Z,USD,3.91,3.91,Usage,$0.25 per million read request units (Oregon),Amazon DynamoDB,Databases,us-west-2,69918885631,,,K6UMRY3TVDVCBP56,15640000,ReadRequestUnits
2024-09-09T01:00:00.000Z,2024-09-09T02:00:00.000Z,USD,7.58,7.58,Usage,$0.25 per million read request units (Oregon),Amazon DynamoDB,Databases,us-west-2,69918885631,,,K6UMRY3TVDVCBP56,30320000,ReadRequestUnits
2024-09-09T02:00:00.000Z,2024-09-09T03:00:00.000Z,USD,4.74,4.74,Usage,$0.25 per million read request units (Oregon),Amazon DynamoDB,Databases,us-west-2,69918885631,,,K6UMRY3TVDVCBP56,18960000,ReadRequestUnits
2024-09-09T03:00:00.000Z,2024-09-09T04:00:00.000Z,USD,4.75,4.75,Usage,$0.25 per million read request units (Oregon),Amazon DynamoDB,Databases,us-west-2,69918885631,,,K6UMRY3TVDVCBP56,19000000,ReadRequestUnits
2024-09-09T04:00:00.000Z,2024-09-09T05:00:00.000Z,USD,8.24,8.24,Usage,$0.25 per million read request units (Oregon),Amazon DynamoDB,Databases,us-west-2,69918885631,,,K6UMRY3TVDVCBP56,32960000,ReadRequestUnits
2024-09-09T05:00:00.000Z,2024-09-09T06:00:00.000Z,USD,5.4,5.4,Usage,$0.25 per million read request units (Oregon),Amazon DynamoDB,Databases,us-west-2,69918885631,,,K6UMRY3TVDVCBP56,21600000,ReadRequestUnits
2024-09-09T06:00:00.000Z,2024-09-09T07:00:00.000Z,USD,3.2,3.2,Usage,$0.25 per million read request units (Oregon),Amazon DynamoDB,Databases,us-west-2,69918885631,,,K6UMRY3TVDVCBP56,12800000,ReadRequestUnits
2024-09-09T07:00:00.000Z,2024-09-09T08:00:00.000Z,USD,6.36,6.36,Usage,$0.25 per million read request units (Oregon),Amazon DynamoDB,Databases,us-west-2,69918885631,,,K6UMRY3TVDVCBP56,25440000,ReadRequestUnits
2024-09-09T08:00:00.000Z,2024-09-09T09:00:00.000Z,USD,17.44,17.44,Usage,$0.25 per million read request units (Oregon),Amazon DynamoDB,Databases,us-west-2,69918885631,,,K6UMRY3TVDVCBP56,69760000,ReadRequestUnits
2024-09-09T09:00:00.000Z,2024-09-09T10:00:00.000Z,USD,12.77,12.77,Usage,$0.25 per million read request units (Oregon),Amazon DynamoDB,Databases,us-west-2,69918885631,,,K6UMRY3TVDVCBP56,51080000,ReadRequestUnits
2024-09-09T10:00:00.000Z,2024-09-09T11:00:00.000Z,USD,11.01,11.01,Usage,$0.25 per million read request units (Oregon),Amazon DynamoDB,Databases,us-west-2,69918885631,,,K6UMRY3TVDVCBP56,44040000,ReadRequestUnits
2024-09-09T11:00:00.000Z,2024-09-09T12:00:00.000Z,USD,10.23,10.23,Usage,$0.25 per million read request units (Oregon),Amazon DynamoDB,Databases,us-west-2,69918885631,,,K6UMRY3TVDVCBP56,40920000,ReadRequestUnits
2024-09-09T12:00:00.000Z,2024-09-09T13:00:00.000Z,USD,13.91,13.91,Usage,$0.25 per million read request units (Oregon),Amazon DynamoDB,Databases,us-west-2,69918885631,,,K6UMRY3TVDVCBP56,55640000,ReadRequestUnits
2024-09-09T13:00:00.000Z,2024-09-09T14:00:00.000Z,USD,16.51,16.51,Usage,$0.25 per million read request units (Oregon),Amazon DynamoDB,Databases,us-west-2,69918885631,,,K6UMRY3TVDVCBP56,66040000,ReadRequestUnits
2024-09-09T14:00:00.000Z,2024-09-09T15:00:00.000Z,USD,11.53,11.53,Usage,$0.25 per million read request units (Oregon),Amazon DynamoDB,Databases,us-west-2,69918885631,,,K6UMRY3TVDVCBP56,46120000,ReadRequestUnits
2024-09-09T15:00:00.000Z,2024-09-09T16:00:00.000Z,USD,13.16,13.16,Usage,$0.25 per million read request units (Oregon),Amazon DynamoDB,Databases,us-west-2,69918885631,,,K6UMRY3TVDVCBP56,52640000,ReadRequestUnits
2024-09-09T16:00:00.000Z,2024-09-09T17:00:00.000Z,USD,9.29,9.29,Usage,$0.25 per million read request units (Oregon),Amazon DynamoDB,Databases,us-west-2,69918885631,,,K6UMRY3TVDVCBP56,37160000,ReadRequestUnits
2024-09-09T17:00:00.000Z,2024-09-09T18:00:00.000Z,USD,14.62,14.62,Usage,$0.25 per million read request units (Oregon),Amazon DynamoDB,Databases,us-west-2,69918885631,,,K6UMRY3TVDVCBP56,58480000,ReadRequestUnits
2024-09-09T18:00:00.000Z,2024-09-09T19:00:00.000Z,USD,11.91,11.91,Usage,$0.25 per million read request units (Oregon),Amazon DynamoDB,Databases,us-west-2,69918885631,,,K6UMRY3TVDVCBP56,47640000,ReadRequestUnits
2024-09-09T19:00:00.000Z,2024-09-09T20:00:00.000Z,USD,15.69,15.69,Usage,$0.25 per million read request units (Oregon),Amazon DynamoDB,Databases,us-west-2,69918885631,,,K6UMRY3TVDVCBP56,62760000,ReadRequestUnits
2024-09-09T20:00:00.000Z,2024-09-09T21:00:00.000Z,USD,5.5,5.5,Usage,$0.25 per million read request units (Oregon),Amazon DynamoDB,Databases,us-west-2,69918885631,,,K6UMRY3TVDVCBP56,22000000,ReadRequestUnits
2024-09-09T21:00:00.000Z,2024-09-09T22:00:00.000Z,USD,7.46,7.46,Usage,$0.25 per million read request units (Oregon),Amazon DynamoDB,Databases,us-west-2,69918885631,,,K6UMRY3TVDVCBP56,29840000,ReadRequestUnits
2024-09-09T22:00:00.000Z,2024-09-09T23:00:00.000Z,USD,7.46,7.46,Usage,$0.25 per million read request units (Oregon),Amazon DynamoDB,Databases,us-west-2,69918885631,,,K6UMRY3TVDVCBP56,29840000,ReadRequestUnits
2024-09-09T23:00:00.000Z,2024-09-10T00:00:00.000Z,USD,8.51,8.51,Usage,$0.25 per million read request units (Oregon),Amazon DynamoDB,Databases,us-west-2,69918885631,,,K6UMRY3TVDVCBP56,34040000,ReadRequestUnits
2024-09-10T00:00:00.000Z,2024-09-10T01:00:00.000Z,USD,5.63,5.63,Usage,$0.25 per million read request units (Oregon),Amazon DynamoDB,Databases,us-west-2,69918885631,,,K6UMRY3TVDVCBP56,22520000,ReadRequestUnits
2024-09-10T01:00:00.000Z,2024-09-10T02:00:00.000Z,USD,6.33,6.33,Usage,$0.25 per million read request units (Oregon),Amazon DynamoDB,Databases,us-west-2,69918885631,,,K6UMRY3TVDVCBP56,25320000,ReadRequestUnits
2024-09-10T02:00:00.000Z,2024-09-10T03:00:00.000Z,USD,6.2,6.2,Usage,$0.25 per million read request units (Oregon),Amazon DynamoDB,Databases,us-west-2,69918885631,,,K6UMRY3TVDVCBP56,24800000,ReadRequestUnits
2024-09-10T03:00:00.000Z,2024-09-10T04:00:00.000Z,USD,7.55,7.55,Usage,$0.25 per million read request units (Oregon),Amazon DynamoDB,Databases,us-west-2,69918885631,,,K6UMRY3TVDVCBP56,30200000,ReadRequestUnits
2024-09-10T04:00:00.000Z,2024-09-10T05:00:00.000Z,USD,5.94,5.94,Usage,$0.25 per million read request units (Oregon),Amazon DynamoDB,Databases,us-west-2,69918885631,,,K6UMRY3TVDVCBP56,23760000,ReadRequestUnits
2024-09-10T05:00:00.000Z,2024-09-10T06:00:00.000Z,USD,8.95,8.95,Usage,$0.25 per million read request units (Oregon),Amazon DynamoDB,Databases,us-west-2,69918885631,,,K6UMRY3TVDVCBP56,35800000,ReadRequestUnits
2024-09-10T06:00:00.000Z,2024-09-10T07:00:00.000Z,USD,3.37,3.37,Usage,$0.25 per million read request units (Oregon),Amazon DynamoDB,Databases,us-west-2,69918885631,,,K6UMRY3TVDVCBP56,13480000,ReadRequestUnits
2024-09-10T07:00:00.000Z,2024-09-10T08:00:00.000Z,USD,5.36,5.36,Usage,$0.25 per million read request units (Oregon),Amazon DynamoDB,Databases,us-west-2,69918885631,,,K6UMRY3TVDVCBP56,21440000,ReadRequestUnits
2024-09-10T08:00:00.000Z,2024-09-10T09:00:00.000Z,USD,8.34,8.34,Usage,$0.25 per million read request units (Oregon),Amazon DynamoDB,Databases,us-west-2,69918885631,,,K6UMRY3TVDVCBP56,33360000,ReadRequestUnits
2024-09-10T09:00:00.000Z,2024-09-10T10:00:00.000Z,USD,10.09,10.09,Usage,$0.25 per million read request units (Oregon),Amazon DynamoDB,Databases,us-west-2,69918885631,,,K6UMRY3TVDVCBP56,40360000,ReadRequestUnits
2024-09-10T10:00:00.000Z,2024-09-10T11:00:00.000Z,USD,17.23,17.23,Usage,$0.25 per million read request units (Oregon),Amazon DynamoDB,Databases,us-west-2,69918885631,,,K6UMRY3TVDVCBP56,68920000,ReadRequestUnits
2024-09-10T11:00:00.000Z,2024-09-10T12:00:00.000Z,USD,9.34,9.34,Usage,$0.25 per million read request units (Oregon),Amazon DynamoDB,Databases,us-west-2,69918885631,,,K6UMRY3TVDVCBP56,37360000,ReadRequestUnits
2024-09-10T12:00:00.000Z,2024-09-10T13:00:00.000Z,USD,14.47,14.47,Usage,$0.25 per million read request units (Oregon),Amazon DynamoDB,Databases,us-west-2,69918885631,,,K6UMRY3TVDVCBP56,57880000,ReadRequestUnits
2024-09-10T13:00:00.000Z,2024-09-10T14:00:00.000Z,USD,8.38,8.38,Usage,$0.25 per million read request units (Oregon),Amazon DynamoDB,Databases,us-west-2,69918885631,,,K6UMRY3TVDVCBP56,33520000,ReadRequestUnits
2024-09-10T14:00:00.000Z,2024-09-10T15:00:00.000Z,USD,17.24,17.24,Usage,$0.25 per million read request units (Oregon),Amazon DynamoDB,Databases,us-west-2,69918885631,,,K6UMRY3TVDVCBP56,68960000,ReadRequestUnits
2024-09-10T15:00:00.000Z,2024-09-10T16:00:00.000Z,USD,16.37,16.37,Usage,$0.25 per million read request units (Oregon),Amazon DynamoDB,Databases,us-west-2,69918885631,,,K6UMRY3TVDVCBP56,65480000,ReadRequestUnits
2024-09-10T16:00:00.000Z,2024-09-10T17:00:00.000Z,USD,11.37,11.37,Usage,$0.25 per million read request units (Oregon),Amazon DynamoDB,Databases,us-west-2,69918885631,,,K6UMRY3TVDVCBP56,45480000,ReadRequestUnits
2024-09-10T17:00:00.000Z,2024-09-10T18:00:00.000Z,USD,7.72,7.72,Usage,$0.25 per million read request units (Oregon),Amazon DynamoDB,Databases,us-west-2,69918885631,,,K6UMRY3TVDVCBP56,30880000,ReadRequestUnits
2024-09-10T18:00:00.000Z,2024-09-10T19:00:00.000Z,USD,11.53,11.53,Usage,$0.25 per million read request units (Oregon),Amazon DynamoDB,Databases,us-west-2,69918885631,,,K6UMRY3TVDVCBP56,46120000,ReadRequestUnits
2024-09-10T19:00:00.000Z,2024-09-10T20:00:00.000Z,USD,14.52,14.52,Usage,$0.25 per million read request units (Oregon),Amazon DynamoDB,Databases,us-west-2,69918885631,,,K6UMRY3TVDVCBP56,58080000,ReadRequestUnits
2024-09-10T20:00:00.000Z,2024-09-10T21:00:00.000Z,USD,5.08,5.08,Usage,$0.25 per million read request units (Oregon),Amazon DynamoDB,Databases,us-west-2,69918885631,,,K6UMRY3TVDVCBP56,20320000,ReadRequestUnits
2024-09-10T21:00:00.000Z,2024-09-10T22:00:00.000Z,USD,3.76,3.76,Usage,$0.25 per million read request units (Oregon),Amazon DynamoDB,Databases,us-west-2,69918885631,,,K6UMRY3TVDVCBP56,15040000,ReadRequestUnits
2024-09-10T22:00:00.000Z,2024-09-10T23:00:00.000Z,USD,4.6,4.6,Usage,$0.25 per million read request units (Oregon),Amazon DynamoDB,Databases,us-west-2,69918885631,,,K6UMRY3TVDVCBP56,18400000,ReadRequestUnits
2024-09-10T23:00:00.000Z,2024-09-11T00:00:00.000Z,USD,6.97,6.97,Usage,$0.25 per million read request units (Oregon),Amazon DynamoDB,Databases,us-west-2,69918885631,,,K6UMRY3TVDVCBP56,27880000,ReadRequestUnits
2024-09-11T00:00:00.000Z,2024-09-11T01:00:00.000Z,USD,4.64,4.64,Usage,$0.25 per million read request units (Oregon),Amazon DynamoDB,Databases,us-west-2,69918885631,,,K6UMRY3TVDVCBP56,18560000,ReadRequestUnits
2024-09-11T01:00:00.000Z,2024-09-11T02:00:00.000Z,USD,7.23,7.23,Usage,$0.25 per million read request units (Oregon),Amazon DynamoDB,Databases,us-west-2,69918885631,,,K6UMRY3TVDVCBP56,28920000,ReadRequestUnits
2024-09-11T02:00:00.000Z,2024-09-11T03:00:00.000Z,USD,4.29,4.29,Usage,$0.25 per million read request units (Oregon),Amazon DynamoDB,Databases,us-west-2,69918885631,,,K6UMRY3TVDVCBP56,17160000,ReadRequestUnits
2024-09-11T03:00:00.000Z,2024-09-11T04:00:00.000Z,USD,7.51,7.51,Usage,$0.25 per million read request units (Oregon),Amazon DynamoDB,Databases,us-west-2,69918885631,,,K6UMRY3TVDVCBP56,30040000,ReadRequestUnits
2024-09-11T04:00:00.000Z,2024-09-11T05:00:00.000Z,USD,4.48,4.48,Usage,$0.25 per million read request units (Oregon),Amazon DynamoDB,Databases,us-west-2,69918885631,,,K6UMRY3TVDVCBP56,17920000,ReadRequestUnits
2024-09-11T05:00:00.000Z,2024-09-11T06:00:00.000Z,USD,4.54,4.54,Usage,$0.25 per million read request units (Oregon),Amazon DynamoDB,Databases,us-west-2,69918885631,,,K6UMRY3TVDVCBP56,18160000,ReadRequestUnits
2024-09-11T06:00:00.000Z,2024-09-11T07:00:00.000Z,USD,8.61,8.61,Usage,$0.25 per million read request units (Oregon),Amazon DynamoDB,Databases,us-west-2,69918885631,,,K6UMRY3TVDVCBP56,34440000,ReadRequestUnits
2024-09-11T07:00:00.000Z,2024-09-11T08:00:00.000Z,USD,6.29,6.29,Usage,$0.25 per million read request units (Oregon),Amazon DynamoDB,Databases,us-west-2,69918885631,,,K6UMRY3TVDVCBP56,25160000,ReadRequestUnits
2024-09-11T08:00:00.000Z,2024-09-11T09:00:00.000Z,USD,6.12,6.12,Usage,$0.25 per million read request units (Oregon),Amazon DynamoDB,Databases,us-west-2,69918885631,,,K6UMRY3TVDVCBP56,24480000,ReadRequestUnits
2024-09-11T09:00:00.000Z,2024-09-11T10:00:00.000Z,USD,9.45,9.45,Usage,$0.25 per million read request units (Oregon),Amazon DynamoDB,Databases,us-west-2,69918885631,,,K6UMRY3TVDVCBP56,37800000,ReadRequestUnits
2024-09-11T10:00:00.000Z,2024-09-11T11:00:00.000Z,USD,11.68,11.68,Usage,$0.25 per million read request units (Oregon),Amazon DynamoDB,Databases,us-west-2,69918885631,,,K6UMRY3TVDVCBP56,46720000,ReadRequestUnits
2024-09-11T11:00:00.000Z,2024-09-11T12:00:00.000Z,USD,15.15,15.15,Usage,$0.25 per million read request units (Oregon),Amazon DynamoDB,Databases,us-west-2,69918885631,,,K6UMRY3TVDVCBP56,60600000,ReadRequestUnits
2024-09-11T12:00:00.000Z,2024-09-11T13:00:00.000Z,USD,7.31,7.31,Usage,$0.25 per million read request units (Oregon),Amazon DynamoDB,Databases,us-west-2,69918885631,,,K6UMRY3TVDVCBP56,29240000,ReadRequestUnits
2024-09-11T13:00:00.000Z,2024-09-11T14:00:00.000Z,USD,15.16,15.16,Usage,$0.25 per million read request units (Oregon),Amazon DynamoDB,Databases,us-west-2,69918885631,,,K6UMRY3TVDVCBP56,60640000,ReadRequestUnits
2024-09-11T14:00:00.000Z,2024-09-11T15:00:00.000Z,USD,12.44,12.44,Usage,$0.25 per million read request units (Oregon),Amazon DynamoDB,Databases,us-west-2,69918885631,,,K6UMRY3TVDVCBP56,49760000,ReadRequestUnits
2024-09-11T15:00:00.000Z,2024-09-11T16:00:00.000Z,USD,12.36,12.36,Usage,$0.25 per million read request units (Oregon),Amazon DynamoDB,Databases,us-west-2,69918885631,,,K6UMRY3TVDVCBP56,49440000,ReadRequestUnits
2024-09-11T16:00:00.000Z,2024-09-11T17:00:00.000Z,USD,6.44,6.44,Usage,$0.25 per million read request units (Oregon),Amazon DynamoDB,Databases,us-west-2,69918885631,,,K6UMRY3TVDVCBP56,25760000,ReadRequestUnits
2024-09-11T17:00:00.000Z,2024-09-11T18:00:00.000Z,USD,10.58,10.58,Usage,$0.25 per million read request units (Oregon),Amazon DynamoDB,Databases,us-west-2,69918885631,,,K6UMRY3TVDVCBP56,42320000,ReadRequestUnits
2024-09-11T18:00:00.000Z,2024-09-11T19:00:00.000Z,USD,14.8,14.8,Usage,$0.25 per million read request units (Oregon),Amazon DynamoDB,Databases,us-west-2,69918885631,,,K6UMRY3TVDVCBP56,59200000,ReadRequestUnits
2024-09-11T19:00:00.000Z,2024-09-11T20:00:00.000Z,USD,8.77,8.77,Usage,$0.25 per million read request units (Oregon),Amazon DynamoDB,Databases,us-west-2,69918885631,,,K6UMRY3TVDVCBP56,35080000,ReadRequestUnits
2024-09-11T20:00:00.000Z,2024-09-11T21:00:00.000Z,USD,5.99,5.99,Usage,$0.25 per million read request units (Oregon),Amazon DynamoDB,Databases,us-west-2,69918885631,,,K6UMRY3TVDVCBP56,23960000,ReadRequestUnits
2024-09-11T21:00:00.000Z,2024-09-11T22:00:00.000Z,USD,7.24,7.24,Usage,$0.25 per million read request units (Oregon),Amazon DynamoDB,Databases,us-west-2,69918885631,,,K6UMRY3TVDVCBP56,28960000,ReadRequestUnits
2024-09-11T22:00:00.000Z,2024-09-11T23:00:00.000Z,USD,6.12,6.12,Usage,$0.25 per million read request units (Oregon),Amazon DynamoDB,Databases,us-west-2,69918885631,,,K6UMRY3TVDVCBP56,24480000,ReadRequestUnits
2024-09-11T23:00:00.000Z,2024-09-12T00:00:00.000Z,USD,3.65,3.65,Usage,$0.25 per million read request units (Oregon),Amazon DynamoDB,Databases,us-west-2,69918885631,,,K6UMRY3TVDVCBP56,14600000,ReadRequestUnits
2024-09-12T00:00:00.000Z,2024-09-12T01:00:00.000Z,USD,8.58,8.58,Usage,$0.25 per million read request units (Oregon),Amazon DynamoDB,Databases,us-west-2,69918885631,,,K6UMRY3TVDVCBP56,34320000,ReadRequestUnits
2024-09-12T01:00:00.000Z,2024-09-12T02:00:00.000Z,USD,5.36,5.36,Usage,$0.25 per million read request units (Oregon),Amazon DynamoDB,Databases,us-west-2,69918885631,,,K6UMRY3TVDVCBP56,21440000,ReadRequestUnits
2024-09-12T02:00:00.000Z,2024-09-12T03:00:00.000Z,USD,3.8,3.8,Usage,$0.25 per million read request units (Oregon),Amazon DynamoDB,Databases,us-west-2,69918885631,,,K6UMRY3TVDVCBP56,15200000,ReadRequestUnits
2024-09-12T03:00:00.000Z,2024-09-12T04:00:00.000Z,USD,7.97,7.97,Usage,$0.25 per million read request units (Oregon),Amazon DynamoDB,Databases,us-west-2,69918885631,,,K6UMRY3TVDVCBP56,31880000,ReadRequestUnits
2024-09-12T04:00:00.000Z,2024-09-12T05:00:00.000Z,USD,8.22,8.22,Usage,$0.25 per million read request units (Oregon),Amazon DynamoDB,Databases,us-west-2,69918885631,,,K6UMRY3TVDVCBP56,32880000,ReadRequestUnits
2024-09-12T05:00:00.000Z,2024-09-12T06:00:00.000Z,USD,3.17,3.17,Usage,$0.25 per million read request units (Oregon),Amazon DynamoDB,Databases,us-west-2,69918885631,,,K6UMRY3TVDVCBP56,12680000,ReadRequestUnits
2024-09-12T06:00:00.000Z,2024-09-12T07:00:00.000Z,USD,7.38,7.38,Usage,$0.25 per million read request units (Oregon),Amazon DynamoDB,Databases,us-west-2,69918885631,,,K6UMRY3TVDVCBP56,29520000,ReadRequestUnits
2024-09-12T07:00:00.000Z,2024-09-12T08:00:00.000Z,USD,5.41,5.41,Usage,$0.25 per million read request units (Oregon),Amazon DynamoDB,Databases,us-west-2,69918885631,,,K6UMRY3TVDVCBP56,21640000,ReadRequestUnits
2024-09-12T08:00:00.000Z,2024-09-12T09:00:00.000Z,USD,6.54,6.54,Usage,$0.25 per million read request units (Oregon),Amazon DynamoDB,Databases,us-west-2,69918885631,,,K6UMRY3TVDVCBP56,26160000,ReadRequestUnits
2024-09-12T09:00:00.000Z,2024-09-12T10:00:00.000Z,USD,14.3,14.3,Usage,$0.25 per million read request units (Oregon),Amazon DynamoDB,Databases,us-west-2,69918885631,,,K6UMRY3TVDVCBP56,57200000,ReadRequestUnits
2024-09-12T10:00:00.000Z,2024-09-12T11:00:00.000Z,USD,15.83,15.83,Usage,$0.25 per million read request units (Oregon),Amazon DynamoDB,Databases,us-west-2,69918885631,,,K6UMRY3TVDVCBP56,63320000,ReadRequestUnits
2024-09-12T11:00:00.000Z,2024-09-12T12:00:00.000Z,USD,10.3,10.3,Usage,$0.25 per million read request units (Oregon),Amazon DynamoDB,Databases,us-west-2,69918885631,,,K6UMRY3TVDVCBP56,41200000,ReadRequestUnits
2024-09-12T12:00:00.000Z,2024-09-12T13:00:00.000Z,USD,16.29,16.29,Usage,$0.25 per million read request units (Oregon),Amazon DynamoDB,Databases,us-west-2,69918885631,,,K6UMRY3TVDVCBP56,65160000,ReadRequestUnits
2024-09-12T13:00:00.000Z,2024-09-12T14:00:00.000Z,USD,9.35,9.35,Usage,$0.25 per million read request units (Oregon),Amazon DynamoDB,Databases,us-west-2,69918885631,,,K6UMRY3TVDVCBP56,37400000,ReadRequestUnits
2024-09-12T14:00:00.000Z,2024-09-12T15:00:00.000Z,USD,17.48,17.48,Usage,$0.25 per million read request units (Oregon),Amazon DynamoDB,Databases,us-west-2,69918885631,,,K6UMRY3TVDVCBP56,69920000,ReadRequestUnits
2024-09-12T15:00:00.000Z,2024-09-12T16:00:00.000Z,USD,7.75,7.75,Usage,$0.25 per million read request units (Oregon),Amazon DynamoDB,Databases,us-west-2,69918885631,,,K6UMRY3TVDVCBP56,31000000,ReadRequestUnits
2024-09-12T16:00:00.000Z,2024-09-12T17:00:00.000Z,USD,11.24,11.24,Usage,$0.25 per million read request units (Oregon),Amazon DynamoDB,Databases,us-west-2,69918885631,,,K6UMRY3TVDVCBP56,44960000,ReadRequestUnits
2024-09-12T17:00:00.000Z,2024-09-12T18:00:00.000Z,USD,12.47,12.47,Usage,$0.25 per million read request units (Oregon),Amazon DynamoDB,Databases,us-west-2,69918885631,,,K6UMRY3TVDVCBP56,49880000,ReadRequestUnits
2024-09-12T18:00:00.000Z,2024-09-12T19:00:00.000Z,USD,16.87,16.87,Usage,$0.25 per million read request units (Oregon),Amazon DynamoDB,Databases,us-west-2,69918885631,,,K6UMRY3TVDVCBP56,67480000,ReadRequestUnits
2024-09-12T19:00:00.000Z,2024-09-12T20:00:00.000Z,USD,16.9,16.9,Usage,$0.25 per million read request units (Oregon),Amazon DynamoDB,Databases,us-west-2,69918885631,,,K6UMRY3TVDVCBP56,67600000,ReadRequestUnits
2024-09-12T20:00:00.000Z,2024-09-12T21:00:00.000Z,USD,6.65,6.65,Usage,$0.25 per million read request units (Oregon),Amazon DynamoDB,Databases,us-west-2,69918885631,,,K6UMRY3TVDVCBP56,26600000,ReadRequestUnits
2024-09-12T21:00:00.000Z,2024-09-12T22:00:00.000Z,USD,5.34,5.34,Usage,$0.25 per million read request units (Oregon),Amazon DynamoDB,Databases,us-west-2,69918885631,,,K6UMRY3TVDVCBP56,21360000,ReadRequestUnits
2024-09-12T22:00:00.000Z,2024-09-12T23:00:00.000Z,USD,7.82,7.82,Usage,$0.25 per million read request units (Oregon),Amazon DynamoDB,Databases,us-west-2,69918885631,,,K6UMRY3TVDVCBP56,31280000,ReadRequestUnits
2024-09-12T23:00:00.000Z,2024-09-13T00:00:00.000Z,USD,4.38,4.38,Usage,$0.25 per million read request units (Oregon),Amazon DynamoDB,Databases,us-west-2,69918885631,,,K6UMRY3TVDVCBP56,17520000,ReadRequestUnits
2024-09-13T00:00:00.000Z,2024-09-13T01:00:00.000Z,USD,6.98,6.98,Usage,$0.25 per million read request units (Oregon),Amazon DynamoDB,Databases,us-west-2,69918885631,,,K6UMRY3TVDVCBP56,27920000,ReadRequestUnits
2024-09-13T01:00:00.000Z,2024-09-13T02:00:00.000Z,USD,9.19,9.19,Usage,$0.25 per million read request units (Oregon),Amazon DynamoDB,Databases,us-west-2,69918885631,,,K6UMRY3TVDVCBP56,36760000,ReadRequestUnits
2024-09-13T02:00:00.000Z,2024-09-13T03:00:00.000Z,USD,5.62,5.62,Usage,$0.25 per million read request units (Oregon),Amazon DynamoDB,Databases,us-west-2,69918885631,,,K6UMRY3TVDVCBP56,22480000,ReadRequestUnits
2024-09-13T03:00:00.000Z,2024-09-13T04:00:00.000Z,USD,6.29,6.29,Usage,$0.25 per million read request units (Oregon),Amazon DynamoDB,Databases,us-west-2,69918885631,,,K6UMRY3TVDVCBP56,25160000,ReadRequestUnits
2024-09-13T04:00:00.000Z,2024-09-13T05:00:00.000Z,USD,8.73,8.73,Usage,$0.25 per million read request units (Oregon),Amazon DynamoDB,Databases,us-west-2,69918885631,,,K6UMRY3TVDVCBP56,34920000,ReadRequestUnits
2024-09-13T05:00:00.000Z,2024-09-13T06:00:00.000Z,USD,5.49,5.49,Usage,$0.25 per million read request units (Oregon),Amazon DynamoDB,Databases,us-west-2,69918885631,,,K6UMRY3TVDVCBP56,21960000,ReadRequestUnits
2024-09-13T06:00:00.000Z,2024-09-13T07:00:00.000Z,USD,4.57,4.57,Usage,$0.25 per million read request units (Oregon),Amazon DynamoDB,Databases,us-west-2,69918885631,,,K6UMRY3TVDVCBP56,18280000,ReadRequestUnits
2024-09-13T07:00:00.000Z,2024-09-13T08:00:00.000Z,USD,4.84,4.84,Usage,$0.25 per million read request units (Oregon),Amazon DynamoDB,Databases,us-west-2,69918885631,,,K6UMRY3TVDVCBP56,19360000,ReadRequestUnits
2024-09-13T08:00:00.000Z,2024-09-13T09:00:00.000Z,USD,12.58,12.58,Usage,$0.25 per million read request units (Oregon),Amazon DynamoDB,Databases,us-west-2,69918885631,,,K6UMRY3TVDVCBP56,50320000,ReadRequestUnits
2024-09-13T09:00:00.000Z,2024-09-13T10:00:00.000Z,USD,6.03,6.03,Usage,$0.25 per million read request units (Oregon),Amazon DynamoDB,Databases,us-west-2,69918885631,,,K6UMRY3TVDVCBP56,24120000,ReadRequestUnits
2024-09-13T10:00:00.000Z,2024-09-13T11:00:00.000Z,USD,10.6,10.6,Usage,$0.25 per million read request units (Oregon),Amazon DynamoDB,Databases,us-west-2,69918885631,,,K6UMRY3TVDVCBP56,42400000,ReadRequestUnits
2024-09-13T11:00:00.000Z,2024-09-13T12:00:00.000Z,USD,6.26,6.26,Usage,$0.25 per million read request units (Oregon),Amazon DynamoDB,Databases,us-west-2,69918885631,,,K6UMRY3TVDVCBP56,25040000,ReadRequestUnits
2024-09-13T12:00:00.000Z,2024-09-13T13:00:00.000Z,USD,7.9,7.9,Usage,$0.25 per million read request units (Oregon),Amazon DynamoDB,Databases,us-west-2,69918885631,,,K6UMRY3TVDVCBP56,31600000,ReadRequestUnits
2024-09-13T13:00:00.000Z,2024-09-13T14:00:00.000Z,USD,14.06,14.06,Usage,$0.25 per million read request units (Oregon),Amazon DynamoDB,Databases,us-west-2,69918885631,,,K6UMRY3TVDVCBP56,56240000,ReadRequestUnits
2024-09-13T14:00:00.000Z,2024-09-13T15:00:00.000Z,USD,7.2,7.2,Usage,$0.25 per million read request units (Oregon),Amazon DynamoDB,Databases,us-west-2,69918885631,,,K6UMRY3TVDVCBP56,28800000,ReadRequestUnits
2024-09-13T15:00:00.000Z,2024-09-13T16:00:00.000Z,USD,13.14,13.14,Usage,$0.25 per million read request units (Oregon),Amazon DynamoDB,Databases,us-west-2,69918885631,,,K6UMRY3TVDVCBP56,52560000,ReadRequestUnits
2024-09-13T16:00:00.000Z,2024-09-13T17:00:00.000Z,USD,5.95,5.95,Usage,$0.25 per million read request units (Oregon),Amazon DynamoDB,Databases,us-west-2,69918885631,,,K6UMRY3TVDVCBP56,23800000,ReadRequestUnits
2024-09-13T17:00:00.000Z,2024-09-13T18:00:00.000Z,USD,13.59,13.59,Usage,$0.25 per million read request units (Oregon),Amazon DynamoDB,Databases,us-west-2,69918885631,,,K6UMRY3TVDVCBP56,54360000,ReadRequestUnits
2024-09-13T18:00:00.000Z,2024-09-13T19:00:00.000Z,USD,8.22,8.22,Usage,$0.25 per million read request units (Oregon),Amazon DynamoDB,Databases,us-west-2,69918885631,,,K6UMRY3TVDVCBP56,32880000,ReadRequestUnits
2024-09-13T19:00:00.000Z,2024-09-13T20:00:00.000Z,USD,9.48,9.48,Usage,$0.25 per million read request units (Oregon),Amazon DynamoDB,Databases,us-west-2,69918885631,,,K6UMRY3TVDVCBP56,37920000,ReadRequestUnits
2024-09-13T20:00:00.000Z,2024-09-13T21:00:00.000Z,USD,3.77,3.77,Usage,$0.25 per million read request units (Oregon),Amazon DynamoDB,Databases,us-west-2,69918885631,,,K6UMRY3TVDVCBP56,15080000,ReadRequestUnits
2024-09-13T21:00:00.000Z,2024-09-13T22:00:00.000Z,USD,5.66,5.66,Usage,$0.25 per million read request units (Oregon),Amazon DynamoDB,Databases,us-west-2,69918885631,,,K6UMRY3TVDVCBP56,22640000,ReadRequestUnits
2024-09-13T22:00:00.000Z,2024-09-13T23:00:00.000Z,USD,6.45,6.45,Usage,$0.25 per million read request units (Oregon),Amazon DynamoDB,Databases,us-west-2,69918885631,,,K6UMRY3TVDVCBP56,25800000,ReadRequestUnits
2024-09-13T23:00:00.000Z,2024-09-14T00:00:00.000Z,USD,7.45,7.45,Usage,$0.25 per million read request units (Oregon),Amazon DynamoDB,Databases,us-west-2,69918885631,,,K6UMRY3TVDVCBP56,29800000,ReadRequestUnits
2024-09-14T00:00:00.000Z,2024-09-14T01:00:00.000Z,USD,2.6,2.6,Usage,$0.25 per million read request units (Oregon),Amazon DynamoDB,Databases,us-west-2,69918885631,,,K6UMRY3TVDVCBP56,10400000,ReadRequestUnits
2024-09-14T01:00:00.000Z,2024-09-14T02:00:00.000Z,USD,2.62,2.62,Usage,$0.25 per million read request units (Oregon),Amazon DynamoDB,Databases,us-west-2,69918885631,,,K6UMRY3TVDVCBP56,10480000,ReadRequestUnits
2024-09-14T02:00:00.000Z,2024-09-14T03:00:00.000Z,USD,3.73,3.73,Usage,$0.25 per million read request units (Oregon),Amazon DynamoDB,Databases,us-west-2,69918885631,,,K6UMRY3TVDVCBP56,14920000,ReadRequestUnits
2024-09-14T03:00:00.000Z,2024-09-14T04:00:00.000Z,USD,2.48,2.48,Usage,$0.25 per million read request units (Oregon),Amazon DynamoDB,Databases,us-west-2,69918885631,,,K6UMRY3TVDVCBP56,9920000,ReadRequestUnits
2024-09-14T04:00:00.000Z,2024-09-14T05:00:00.000Z,USD,5.9,5.9,Usage,$0.25 per million read request units (Oregon),Amazon DynamoDB,Databases,us-west-2,69918885631,,,K6UMRY3TVDVCBP56,23600000,ReadRequestUnits
2024-09-14T05:00:00.000Z,2024-09-14T06:00:00.000Z,USD,3.5,3.5,Usage,$0.25 per million read request units (Oregon),Amazon DynamoDB,Databases,us-west-2,69918885631,,,K6UMRY3TVDVCBP56,14000000,ReadRequestUnits
2024-09-14T06:00:00.000Z,2024-09-14T07:00:00.000Z,USD,3.48,3.48,Usage,$0.25 per million read request units (Oregon),Amazon DynamoDB,Databases,us-west-2,69918885631,,,K6UMRY3TVDVCBP56,13920000,ReadRequestUnits
2024-09-14T07:00:00.000Z,2024-09-14T08:00:00.000Z,USD,3.55,3.55,Usage,$0.25 per million read request units (Oregon),Amazon DynamoDB,Databases,us-west-2,69918885631,,,K6UMRY3TVDVCBP56,14200000,ReadRequestUnits
2024-09-14T08:00:00.000Z,2024-09-14T09:00:00.000Z,USD,6.29,6.29,Usage,$0.25 per million read request units (Oregon),Amazon DynamoDB,Databases,us-west-2,69918885631,,,K6UMRY3TVDVCBP56,25160000,ReadRequestUnits
2024-09-14T09:00:00.000Z,2024-09-14T10:00:00.000Z,USD,6.68,6.68,Usage,$0.25 per million read request units (Oregon),Amazon DynamoDB,Databases,us-west-2,69918885631,,,K6UMRY3TVDVCBP56,26720000,ReadRequestUnits
2024-09-14T10:00:00.000Z,2024-09-14T11:00:00.000Z,USD,5.51,5.51,Usage,$0.25 per million read request units (Oregon),Amazon DynamoDB,Databases,us-west-2,69918885631,,,K6UMRY3TVDVCBP56,22040000,ReadRequestUnits
2024-09-14T11:00:00.000Z,2024-09-14T12:00:00.000Z,USD,4.92,4.92,Usage,$0.25 per million read request units (Oregon),Amazon DynamoDB,Databases,us-west-2,69918885631,,,K6UMRY3TVDVCBP56,19680000,ReadRequestUnits
2024-09-14T12:00:00.000Z,2024-09-14T13:00:00.000Z,USD,3.27,3.27,Usage,$0.25 per million read request units (Oregon),Amazon DynamoDB,Databases,us-west-2,69918885631,,,K6UMRY3TVDVCBP56,13080000,ReadRequestUnits
2024-09-14T13:00:00.000Z,2024-09-14T14:00:00.000Z,USD,4.95,4.95,Usage,$0.25 per million read request units (Oregon),Amazon DynamoDB,Databases,us-west-2,69918885631,,,K6UMRY3TVDVCBP56,19800000,ReadRequestUnits
2024-09-14T14:00:00.000Z,2024-09-14T15:00:00.000Z,USD,5.97,5.97,Usage,$0.25 per million read request units (Oregon),Amazon DynamoDB,Databases,us-west-2,69918885631,,,K6UMRY3TVDVCBP56,23880000,ReadRequestUnits
2024-09-14T15:00:00.000Z,2024-09-14T16:00:00.000Z,USD,6.42,6.42,Usage,$0.25 per million read request units (Oregon),Amazon DynamoDB,Databases,us-west-2,69918885631,,,K6UMRY3TVDVCBP56,25680000,ReadRequestUnits
2024-09-14T16:00:00.000Z,2024-09-14T17:00:00.000Z,USD,3.89,3.89,Usage,$0.25 per million read request units (Oregon),Amazon DynamoDB,Databases,us-west-2,69918885631,,,K6UMRY3TVDVCBP56,15560000,ReadRequestUnits
2024-09-14T17:00:00.000Z,2024-09-14T18:00:00.000Z,USD,4.33,4.33,Usage,$0.25 per million read request units (Oregon),Amazon DynamoDB,Databases,us-west-2,69918885631,,,K6UMRY3TVDVCBP56,17320000,ReadRequestUnits
2024-09-14T18:00:00.000Z,2024-09-14T19:00:00.000Z,USD,4.96,4.96,Usage,$0.25 per million read request units (Oregon),Amazon DynamoDB,Databases,us-west-2,69918885631,,,K6UMRY3TVDVCBP56,19840000,ReadRequestUnits
2024-09-14T19:00:00.000Z,2024-09-14T20:00:00.000Z,USD,3.05,3.05,Usage,$0.25 per million read request units (Oregon),Amazon DynamoDB,Databases,us-west-2,69918885631,,,K6UMRY3TVDVCBP56,12200000,ReadRequestUnits
2024-09-14T20:00:00.000Z,2024-09-14T21:00:00.000Z,USD,3.74,3.74,Usage,$0.25 per million read request units (Oregon),Amazon DynamoDB,Databases,us-west-2,69918885631,,,K6UMRY3TVDVCBP56,14960000,ReadRequestUnits
2024-09-14T21:00:00.000Z,2024-09-14T22:00:00.000Z,USD,3.06,3.06,Usage,$0.25 per million read request units (Oregon),Amazon DynamoDB,Databases,us-west-2,69918885631,,,K6UMRY3TVDVCBP56,12240000,ReadRequestUnits
2024-09-14T22:00:00.000Z,2024-09-14T23:00:00.000Z,USD,4.41,4.41,Usage,$0.25 per million read request units (Oregon),Amazon DynamoDB,Databases,us-west-2,69918885631,,,K6UMRY3TVDVCBP56,17640000,ReadRequestUnits
2024-09-14T23:00:00.000Z,2024-09-15T00:00:00.000Z,USD,5.34,5.34,Usage,$0.25 per million read request units (Oregon),Amazon DynamoDB,Databases,us-west-2,69918885631,,,K6UMRY3TVDVCBP56,21360000,ReadRequestUnits
2024-09-15T00:00:00.000Z,2024-09-15T01:00:00.000Z,USD,5,5,Usage,$0.25 per million read request units (Oregon),Amazon DynamoDB,Databases,us-west-2,69918885631,,,K6UMRY3TVDVCBP56,20000000,ReadRequestUnits
2024-09-15T01:00:00.000Z,2024-09-15T02:00:00.000Z,USD,3.02,3.02,Usage,$0.25 per million read request units (Oregon),Amazon DynamoDB,Databases,us-west-2,69918885631,,,K6UMRY3TVDVCBP56,12080000,ReadRequestUnits
2024-09-15T02:00:00.000Z,2024-09-15T03:00:00.000Z,USD,6.72,6.72,Usage,$0.25 per million read request units (Oregon),Amazon DynamoDB,Databases,us-west-2,69918885631,,,K6UMRY3TVDVCBP56,26880000,ReadRequestUnits
2024-09-15T03:00:00.000Z,2024-09-15T04:00:00.000Z,USD,2.37,2.37,Usage,$0.25 per million read request units (Oregon),Amazon DynamoDB,Databases,us-west-2,69918885631,,,K6UMRY3TVDVCBP56,9480000,ReadRequestUnits
2024-09-15T04:00:00.000Z,2024-09-15T05:00:00.000Z,USD,4.88,4.88,Usage,$0.25 per million read request units (Oregon),Amazon DynamoDB,Databases,us-west-2,69918885631,,,K6UMRY3TVDVCBP56,19520000,ReadRequestUnits
2024-09-15T05:00:00.000Z,2024-09-15T06:00:00.000Z,USD,5.64,5.64,Usage,$0.25 per million read request units (Oregon),Amazon DynamoDB,Databases,us-west-2,69918885631,,,K6UMRY3TVDVCBP56,22560000,ReadRequestUnits
2024-09-15T06:00:00.000Z,2024-09-15T07:00:00.000Z,USD,6.26,6.26,Usage,$0.25 per million read request units (Oregon),Amazon DynamoDB,Databases,us-west-2,69918885631,,,K6UMRY3TVDVCBP56,25040000,ReadRequestUnits
2024-09-15T07:00:00.000Z,2024-09-15T08:00:00.000Z,USD,2.69,2.69,Usage,$0.25 per million read request units (Oregon),Amazon DynamoDB,Databases,us-west-2,69918885631,,,K6UMRY3TVDVCBP56,10760000,ReadRequestUnits
2024-09-15T08:00:00.000Z,2024-09-15T09:00:00.000Z,USD,6.64,6.64,Usage,$0.25 per million read request units (Oregon),Amazon DynamoDB,Databases,us-west-2,69918885631,,,K6UMRY3TVDVCBP56,26560000,ReadRequestUnits
2024-09-15T09:00:00.000Z,2024-09-15T10:00:00.000Z,USD,3.52,3.52,Usage,$0.25 per million read request units (Oregon),Amazon DynamoDB,Databases,us-west-2,69918885631,,,K6UMRY3TVDVCBP56,14080000,ReadRequestUnits
2024-09-15T10:00:00.000Z,2024-09-15T11:00:00.000Z,USD,2.46,2.46,Usage,$0.25 per million read request units (Oregon),Amazon DynamoDB,Databases,us-west-2,69918885631,,,K6UMRY3TVDVCBP56,9840000,ReadRequestUnits
2024-09-15T11:00:00.000Z,2024-09-15T12:00:00.000Z,USD,6.74,6.74,Usage,$0.25 per million read request units (Oregon),Amazon DynamoDB,Databases,us-west-2,69918885631,,,K6UMRY3TVDVCBP56,26960000,ReadRequestUnits
2024-09-15T12:00:00.000Z,2024-09-15T13:00:00.000Z,USD,4.76,4.76,Usage,$0.25 per million read request units (Oregon),Amazon DynamoDB,Databases,us-west-2,69918885631,,,K6UMRY3TVDVCBP56,19040000,ReadRequestUnits
2024-09-15T13:00:00.000Z,2024-09-15T14:00:00.000Z,USD,2.63,2.63,Usage,$0.25 per million read request units (Oregon),Amazon DynamoDB,Databases,us-west-2,69918885631,,,K6UMRY3TVDVCBP56,10520000,ReadRequestUnits
2024-09-15T14:00:00.000Z,2024-09-15T15:00:00.000Z,USD,4.01,4.01,Usage,$0.25 per million read request units (Oregon),Amazon DynamoDB,Databases,us-west-2,69918885631,,,K6UMRY3TVDVCBP56,16040000,ReadRequestUnits
2024-09-15T15:00:00.000Z,2024-09-15T16:00:00.000Z,USD,5.75,5.75,Usage,$0.25 per million read request units (Oregon),Amazon DynamoDB,Databases,us-west-2,69918885631,,,K6UMRY3TVDVCBP56,23000000,ReadRequestUnits
2024-09-15T16:00:00.000Z,2024-09-15T17:00:00.000Z,USD,3.06,3.06,Usage,$0.25 per million read request units (Oregon),Amazon DynamoDB,Databases,us-west-2,69918885631,,,K6UMRY3TVDVCBP56,12240000,ReadRequestUnits
2024-09-15T17:00:00.000Z,2024-09-15T18:00:00.000Z,USD,5.5,5.5,Usage,$0.25 per million read request units (Oregon),Amazon DynamoDB,Databases,us-west-2,69918885631,,,K6UMRY3TVDVCBP56,22000000,ReadRequestUnits
2024-09-15T18:00:00.000Z,2024-09-15T19:00:00.000Z,USD,2.66,2.66,Usage,$0.25 per million read request units (Oregon),Amazon DynamoDB,Databases,us-west-2,69918885631,,,K6UMRY3TVDVCBP56,10640000,ReadRequestUnits
2024-09-15T19:00:00.000Z,2024-09-15T20:00:00.000Z,USD,5.41,5.41,Usage,$0.25 per million read request units (Oregon),Amazon DynamoDB,Databases,us-west-2,69918885631,,,K6UMRY3TVDVCBP56,21640000,ReadRequestUnits
2024-09-15T20:00:00.000Z,2024-09-15T21:00:00.000Z,USD,4.59,4.59,Usage,$0.25 per million read request units (Oregon),Amazon DynamoDB,Databases,us-west-2,69918885631,,,K6UMRY3TVDVCBP56,18360000,ReadRequestUnits
2024-09-15T21:00:00.000Z,2024-09-15T22:00:00.000Z,USD,6.16,6.16,Usage,$0.25 per million read request units (Oregon),Amazon DynamoDB,Databases,us-west-2,69918885631,,,K6UMRY3TVDVCBP56,24640000,ReadRequestUnits
2024-09-15T22:00:00.000Z,2024-09-15T23:00:00.000Z,USD,4.33,4.33,Usage,$0.25 per million read request units (Oregon),Amazon DynamoDB,Databases,us-west-2,69918885631,,,K6UMRY3TVDVCBP56,17320000,ReadRequestUnits
2024-09-15T23:00:00.000Z,2024-09-16T00:00:00.000Z,USD,3.73,3.73,Usage,$0.25 per million read request units (Oregon),Amazon DynamoDB,Databases,us-west-2,69918885631,,,K6UMRY3TVDVCBP56,14920000,ReadRequestUnits
2024-09-16T00:00:00.000Z,2024-09-16T01:00:00.000Z,USD,8.77,8.77,Usage,$0.25 per million read request units (Oregon),Amazon DynamoDB,Databases,us-west-2,69918885631,,,K6UMRY3TVDVCBP56,35080000,ReadRequestUnits
2024-09-16T01:00:00.000Z,2024-09-16T02:00:00.000Z,USD,6.2,6.2,Usage,$0.25 per million read request units (Oregon),Amazon DynamoDB,Databases,us-west-2,69918885631,,,K6UMRY3TVDVCBP56,24800000,ReadRequestUnits
2024-09-16T02:00:00.000Z,2024-09-16T03:00:00.000Z,USD,8.04,8.04,Usage,$0.25 per million read request units (Oregon),Amazon DynamoDB,Databases,us-west-2,69918885631,,,K6UMRY3TVDVCBP56,32160000,ReadRequestUnits
2024-09-16T03:00:00.000Z,2024-09-16T04:00:00.000Z,USD,7.61,7.61,Usage,$0.25 per million read request units (Oregon),Amazon DynamoDB,Databases,us-west-2,69918885631,,,K6UMRY3TVDVCBP56,30440000,ReadRequestUnits
2024-09-16T04:00:00.000Z,2024-09-16T05:00:00.000Z,USD,8.89,8.89,Usage,$0.25 per million read request units (Oregon),Amazon DynamoDB,Databases,us-west-2,69918885631,,,K6UMRY3TVDVCBP56,35560000,ReadRequestUnits
2024-09-16T05:00:00.000Z,2024-09-16T06:00:00.000Z,USD,6.24,6.24,Usage,$0.25 per million read request units (Oregon),Amazon DynamoDB,Databases,us-west-2,69918885631,,,K6UMRY3TVDVCBP56,24960000,ReadRequestUnits
2024-09-16T06:00:00.000Z,2024-09-16T07:00:00.000Z,USD,9.13,9.13,Usage,$0.25 per million read request units (Oregon),Amazon DynamoDB,Databases,us-west-2,69918885631,,,K6UMRY3TVDVCBP56,36520000,ReadRequestUnits
2024-09-16T07:00:00.000Z,2024-09-16T08:00:00.000Z,USD,4.06,4.06,Usage,$0.25 per million read request units (Oregon),Amazon DynamoDB,Databases,us-west-2,69918885631,,,K6UMRY3TVDVCBP56,16240000,ReadRequestUnits
2024-09-16T08:00:00.000Z,2024-09-16T09:00:00.000Z,USD,15.72,15.72,Usage,$0.25 per million read request units (Oregon),Amazon DynamoDB,Databases,us-west-2,69918885631,,,K6UMRY3TVDVCBP56,62880000,ReadRequestUnits
2024-09-16T09:00:00.000Z,2024-09-16T10:00:00.000Z,USD,7.24,7.24,Usage,$0.25 per million read request units (Oregon),Amazon DynamoDB,Databases,us-west-2,69918885631,,,K6UMRY3TVDVCBP56,28960000,ReadRequestUnits
2024-09-16T10:00:00.000Z,2024-09-16T11:00:00.000Z,USD,14.33,14.33,Usage,$0.25 per million read request units (Oregon),Amazon DynamoDB,Databases,us-west-2,69918885631,,,K6UMRY3TVDVCBP56,57320000,ReadRequestUnits
2024-09-16T11:00:00.000Z,2024-09-16T12:00:00.000Z,USD,15.78,15.78,Usage,$0.25 per million read request units (Oregon),Amazon DynamoDB,Databases,us-west-2,69918885631,,,K6UMRY3TVDVCBP56,63120000,ReadRequestUnits
2024-09-16T12:00:00.000Z,2024-09-16T13:00:00.000Z,USD,9.29,9.29,Usage,$0.25 per million read request units (Oregon),Amazon DynamoDB,Databases,us-west-2,69918885631,,,K6UMRY3TVDVCBP56,37160000,ReadRequestUnits
2024-09-16T13:00:00.000Z,2024-09-16T14:00:00.000Z,USD,14.16,14.16,Usage,$0.25 per million read request units (Oregon),Amazon DynamoDB,Databases,us-west-2,69918885631,,,K6UMRY3TVDVCBP56,56640000,ReadRequestUnits
2024-09-16T14:00:00.000Z,2024-09-16T15:00:00.000Z,USD,12.38,12.38,Usage,$0.25 per million read request units (Oregon),Amazon DynamoDB,Databases,us-west-2,69918885631,,,K6UMRY3TVDVCBP56,49520000,ReadRequestUnits
2024-09-16T15:00:00.000Z,2024-09-16T16:00:00.000Z,USD,7.34,7.34,Usage,$0.25 per million read request units (Oregon),Amazon DynamoDB,Databases,us-west-2,69918885631,,,K6UMRY3TVDVCBP56,29360000,ReadRequestUnits
2024-09-16T16:00:00.000Z,2024-09-16T17:00:00.000Z,USD,7.23,7.23,Usage,$0.25 per million read request units (Oregon),Amazon DynamoDB,Databases,us-west-2,69918885631,,,K6UMRY3TVDVCBP56,28920000,ReadRequestUnits
2024-09-16T17:00:00.000Z,2024-09-16T18:00:00.000Z,USD,13.95,13.95,Usage,$0.25 per million read request units (Oregon),Amazon DynamoDB,Databases,us-west-2,69918885631,,,K6UMRY3TVDVCBP56,55800000,ReadRequestUnits
2024-09-16T18:00:00.000Z,2024-09-16T19:00:00.000Z,USD,7.47,7.47,Usage,$0.25 per million read request units (Oregon),Amazon DynamoDB,Databases,us-west-2,69918885631,,,K6UMRY3TVDVCBP56,29880000,ReadRequestUnits
2024-09-16T19:00:00.000Z,2024-09-16T20:00:00.000Z,USD,7.97,7.97,Usage,$0.25 per million read request units (Oregon),Amazon DynamoDB,Databases,us-west-2,69918885631,,,K6UMRY3TVDVCBP56,31880000,ReadRequestUnits
2024-09-16T20:00:00.000Z,2024-09-16T21:00:00.000Z,USD,5.79,5.79,Usage,$0.25 per million read request units (Oregon),Amazon DynamoDB,Databases,us-west-2,69918885631,,,K6UMRY3TVDVCBP56,23160000,ReadRequestUnits
2024-09-16T21:00:00.000Z,2024-09-16T22:00:00.000Z,USD,8.63,8.63,Usage,$0.25 per million read request units (Oregon),Amazon DynamoDB,Databases,us-west-2,69918885631,,,K6UMRY3TVDVCBP56,34520000,ReadRequestUnits
2024-09-16T22:00:00.000Z,2024-09-16T23:00:00.000Z,USD,8.71,8.71,Usage,$0.25 per million read request units (Oregon),Amazon DynamoDB,Databases,us-west-2,69918885631,,,K6UMRY3TVDVCBP56,34840000,ReadRequestUnits
2024-09-16T23:00:00.000Z,2024-09-17T00:00:00.000Z,USD,7.08,7.08,Usage,$0.25 per million read request units (Oregon),Amazon DynamoDB,Databases,us-west-2,69918885631,,,K6UMRY3TVDVCBP56,28320000,ReadRequestUnits
2024-09-17T00:00:00.000Z,2024-09-17T01:00:00.000Z,USD,8.02,8.02,Usage,$0.25 per million read request units (Oregon),Amazon DynamoDB,Databases,us-west-2,69918885631,,,K6UMRY3TVDVCBP56,32080000,ReadRequestUnits
2024-09-17T01:00:00.000Z,2024-09-17T02:00:00.000Z,USD,7.54,7.54,Usage,$0.25 per million read request units (Oregon),Amazon DynamoDB,Databases,us-west-2,69918885631,,,K6UMRY3TVDVCBP56,30160000,ReadRequestUnits
2024-09-17T02:00:00.000Z,2024-09-17T03:00:00.000Z,USD,3.92,3.92,Usage,$0.25 per million read request units (Oregon),Amazon DynamoDB,Databases,us-west-2,69918885631,,,K6UMRY3TVDVCBP56,15680000,ReadRequestUnits
2024-09-17T03:00:00.000Z,2024-09-17T04:00:00.000Z,USD,6.25,6.25,Usage,$0.25 per million read request units (Oregon),Amazon DynamoDB,Databases,us-west-2,69918885631,,,K6UMRY3TVDVCBP56,25000000,ReadRequestUnits
2024-09-17T04:00:00.000Z,2024-09-17T05:00:00.000Z,USD,5.65,5.65,Usage,$0.25 per million read request units (Oregon),Amazon DynamoDB,Databases,us-west-2,69918885631,,,K6UMRY3TVDVCBP56,22600000,ReadRequestUnits
2024-09-17T05:00:00.000Z,2024-09-17T06:00:00.000Z,USD,7.02,7.02,Usage,$0.25 per million read request units (Oregon),Amazon DynamoDB,Databases,us-west-2,69918885631,,,K6UMRY3TVDVCBP56,28080000,ReadRequestUnits
2024-09-17T06:00:00.000Z,2024-09-17T07:00:00.000Z,USD,7.45,7.45,Usage,$0.25 per million read request units (Oregon),Amazon DynamoDB,Databases,us-west-2,69918885631,,,K6UMRY3TVDVCBP56,29800000,ReadRequestUnits
2024-09-17T07:00:00.000Z,2024-09-17T08:00:00.000Z,USD,4.51,4.51,Usage,$0.25 per million read request units (Oregon),Amazon DynamoDB,Databases,us-west-2,69918885631,,,K6UMRY3TVDVCBP56,18040000,ReadRequestUnits
2024-09-17T08:00:00.000Z,2024-09-17T09:00:00.000Z,USD,10.29,10.29,Usage,$0.25 per million read request units (Oregon),Amazon DynamoDB,Databases,us-west-2,69918885631,,,K6UMRY3TVDVCBP56,41160000,ReadRequestUnits
2024-09-17T09:00:00.000Z,2024-09-17T10:00:00.000Z,USD,7.58,7.58,Usage,$0.25 per million read request units (Oregon),Amazon DynamoDB,Databases,us-west-2,69918885631,,,K6UMRY3TVDVCBP56,30320000,ReadRequestUnits
2024-09-17T10:00:00.000Z,2024-09-17T11:00:00.000Z,USD,6.22,6.22,Usage,$0.25 per million read request units (Oregon),Amazon DynamoDB,Databases,us-west-2,69918885631,,,K6UMRY3TVDVCBP56,24880000,ReadRequestUnits
2024-09-17T11:00:00.000Z,2024-09-17T12:00:00.000Z,USD,6.01,6.01,Usage,$0.25 per million read request units (Oregon),Amazon DynamoDB,Databases,us-west-2,69918885631,,,K6UMRY3TVDVCBP56,24040000,ReadRequestUnits
2024-09-17T12:00:00.000Z,2024-09-17T13:00:00.000Z,USD,11.45,11.45,Usage,$0.25 per million read request units (Oregon),Amazon DynamoDB,Databases,us-west-2,69918885631,,,K6UMRY3TVDVCBP56,45800000,ReadRequestUnits
2024-09-17T13:00:00.000Z,2024-09-17T14:00:00.000Z,USD,12.4,12.4,Usage,$0.25 per million read request units (Oregon),Amazon DynamoDB,Databases,us-west-2,69918885631,,,K6UMRY3TVDVCBP56,49600000,ReadRequestUnits
2024-09-17T14:00:00.000Z,2024-09-17T15:00:00.000Z,USD,12.16,12.16,Usage,$0.25 per million read request units (Oregon),Amazon DynamoDB,Databases,us-west-2,69918885631,,,K6UMRY3TVDVCBP56,48640000,ReadRequestUnits
2024-09-17T15:00:00.000Z,2024-09-17T16:00:00.000Z,USD,11.35,11.35,Usage,$0.25 per million read request units (Oregon),Amazon DynamoDB,Databases,us-west-2,69918885631,,,K6UMRY3TVDVCBP56,45400000,ReadRequestUnits
2024-09-17T16:00:00.000Z,2024-09-17T17:00:00.000Z,USD,10.39,10.39,Usage,$0.25 per million read request units (Oregon),Amazon DynamoDB,Databases,us-west-2,69918885631,,,K6UMRY3TVDVCBP56,41560000,ReadRequestUnits
2024-09-17T17:00:00.000Z,2024-09-17T18:00:00.000Z,USD,16.12,16.12,Usage,$0.25 per million read request units (Oregon),Amazon DynamoDB,Databases,us-west-2,69918885631,,,K6UMRY3TVDVCBP56,64480000,ReadRequestUnits
2024-09-17T18:00:00.000Z,2024-09-17T19:00:00.000Z,USD,15.91,15.91,Usage,$0.25 per million read request units (Oregon),Amazon DynamoDB,Databases,us-west-2,69918885631,,,K6UMRY3TVDVCBP56,63640000,ReadRequestUnits
2024-09-17T19:00:00.000Z,2024-09-17T20:00:00.000Z,USD,14.96,14.96,Usage,$0.25 per million read request units (Oregon),Amazon DynamoDB,Databases,us-west-2,69918885631,,,K6UMRY3TVDVCBP56,59840000,ReadRequestUnits
2024-09-17T20:00:00.000Z,2024-09-17T21:00:00.000Z,USD,5.27,5.27,Usage,$0.25 per million read request units (Oregon),Amazon DynamoDB,Databases,us-west-2,69918885631,,,K6UMRY3TVDVCBP56,21080000,ReadRequestUnits
2024-09-17T21:00:00.000Z,2024-09-17T22:00:00.000Z,USD,4.82,4.82,Usage,$0.25 per million read request units (Oregon),Amazon DynamoDB,Databases,us-west-2,69918885631,,,K6UMRY3TVDVCBP56,19280000,ReadRequestUnits
2024-09-17T22:00:00.000Z,2024-09-17T23:00:00.000Z,USD,6.76,6.76,Usage,$0.25 per million read request units (Oregon),Amazon DynamoDB,Databases,us-west-2,69918885631,,,K6UMRY3TVDVCBP56,27040000,ReadRequestUnits
2024-09-17T23:00:00.000Z,2024-09-18T00:00:00.000Z,USD,3.67,3.67,Usage,$0.25 per million read request units (Oregon),Amazon DynamoDB,Databases,us-west-2,69918885631,,,K6UMRY3TVDVCBP56,14680000,ReadRequestUnits
2024-09-18T00:00:00.000Z,2024-09-18T01:00:00.000Z,USD,6.63,6.63,Usage,$0.25 per million read request units (Oregon),Amazon DynamoDB,Databases,us-west-2,69918885631,,,K6UMRY3TVDVCBP56,26520000,ReadRequestUnits
2024-09-18T01:00:00.000Z,2024-09-18T02:00:00.000Z,USD,7.77,7.77,Usage,$0.25 per million read request units (Oregon),Amazon DynamoDB,Databases,us-west-2,69918885631,,,K6UMRY3TVDVCBP56,31080000,ReadRequestUnits
2024-09-18T02:00:00.000Z,2024-09-18T03:00:00.000Z,USD,7.64,7.64,Usage,$0.25 per million read request units (Oregon),Amazon DynamoDB,Databases,us-west-2,69918885631,,,K6UMRY3TVDVCBP56,30560000,ReadRequestUnits
2024-09-18T03:00:00.000Z,2024-09-18T04:00:00.000Z,USD,5.4,5.4,Usage,$0.25 per million read request units (Oregon),Amazon DynamoDB,Databases,us-west-2,69918885631,,,K6UMRY3TVDVCBP56,21600000,ReadRequestUnits
2024-09-18T04:00:00.000Z,2024-09-18T05:00:00.000Z,USD,3.82,3.82,Usage,$0.25 per million read request units (Oregon),Amazon DynamoDB,Databases,us-west-2,69918885631,,,K6UMRY3TVDVCBP56,15280000,ReadRequestUnits
2024-09-18T05:00:00.000Z,2024-09-18T06:00:00.000Z,USD,6.81,6.81,Usage,$0.25 per million read request units (Oregon),Amazon DynamoDB,Databases,us-west-2,69918885631,,,K6UMRY3TVDVCBP56,27240000,ReadRequestUnits
2024-09-18T06:00:00.000Z,2024-09-18T07:00:00.000Z,USD,7.56,7.56,Usage,$0.25 per million read request units (Oregon),Amazon DynamoDB,Databases,us-west-2,69918885631,,,K6UMRY3TVDVCBP56,30240000,ReadRequestUnits
2024-09-18T07:00:00.000Z,2024-09-18T08:00:00.000Z,USD,3.43,3.43,Usage,$0.25 per million read request units (Oregon),Amazon DynamoDB,Databases,us-west-2,69918885631,,,K6UMRY3TVDVCBP56,13720000,ReadRequestUnits
2024-09-18T08:00:00.000Z,2024-09-18T09:00:00.000Z,USD,8.19,8.19,Usage,$0.25 per million read request units (Oregon),Amazon DynamoDB,Databases,us-west-2,69918885631,,,K6UMRY3TVDVCBP56,32760000,ReadRequestUnits
2024-09-18T09:00:00.000Z,2024-09-18T10:00:00.000Z,USD,12.06,12.06,Usage,$0.25 per million read request units (Oregon),Amazon DynamoDB,Databases,us-west-2,69918885631,,,K6UMRY3TVDVCBP56,48240000,ReadRequestUnits
2024-09-18T10:00:00.000Z,2024-09-18T11:00:00.000Z,USD,9.71,9.71,Usage,$0.25 per million read request units (Oregon),Amazon DynamoDB,Databases,us-west-2,69918885631,,,K6UMRY3TVDVCBP56,38840000,ReadRequestUnits
2024-09-18T11:00:00.000Z,2024-09-18T12:00:00.000Z,USD,6.71,6.71,Usage,$0.25 per million read request units (Oregon),Amazon DynamoDB,Databases,us-west-2,69918885631,,,K6UMRY3TVDVCBP56,26840000,ReadRequestUnits
2024-09-18T12:00:00.000Z,2024-09-18T13:00:00.000Z,USD,14.5,14.5,Usage,$0.25 per million read request units (Oregon),Amazon DynamoDB,Databases,us-west-2,69918885631,,,K6UMRY3TVDVCBP56,58000000,ReadRequestUnits
2024-09-18T13:00:00.000Z,2024-09-18T14:00:00.000Z,USD,10.12,10.12,Usage,$0.25 per million read request units (Oregon),Amazon DynamoDB,Databases,us-west-2,69918885631,,,K6UMRY3TVDVCBP56,40480000,ReadRequestUnits
2024-09-18T14:00:00.000Z,2024-09-18T15:00:00.000Z,USD,15.15,15.15,Usage,$0.25 per million read request units (Oregon),Amazon DynamoDB,Databases,us-west-2,69918885631,,,K6UMRY3TVDVCBP56,60600000,ReadRequestUnits
2024-09-18T15:00:00.000Z,2024-09-18T16:00:00.000Z,USD,16.15,16.15,Usage,$0.25 per million read request units (Oregon),Amazon DynamoDB,Databases,us-west-2,69918885631,,,K6UMRY3TVDVCBP56,64600000,ReadRequestUnits
2024-09-18T16:00:00.000Z,2024-09-18T17:00:00.000Z,USD,6.38,6.38,Usage,$0.25 per million read request units (Oregon),Amazon DynamoDB,Databases,us-west-2,69918885631,,,K6UMRY3TVDVCBP56,25520000,ReadRequestUnits
2024-09-18T17:00:00.000Z,2024-09-18T18:00:00.000Z,USD,12.85,12.85,Usage,$0.25 per million read request units (Oregon),Amazon DynamoDB,Databases,us-west-2,69918885631,,,K6UMRY3TVDVCBP56,51400000,ReadRequestUnits
2024-09-18T18:00:00.000Z,2024-09-18T19:00:00.000Z,USD,10.13,10.13,Usage,$0.25 per million read request units (Oregon),Amazon DynamoDB,Databases,us-west-2,69918885631,,,K6UMRY3TVDVCBP56,40520000,ReadRequestUnits
2024-09-18T19:00:00.000Z,2024-09-18T20:00:00.000Z,USD,9.52,9.52,Usage,$0.25 per million read request units (Oregon),Amazon DynamoDB,Databases,us-west-2,69918885631,,,K6UMRY3TVDVCBP56,38080000,ReadRequestUnits
2024-09-18T20:00:00.000Z,2024-09-18T21:00:00.000Z,USD,6.86,6.86,Usage,$0.25 per million read request units (Oregon),Amazon DynamoDB,Databases,us-west-2,69918885631,,,K6UMRY3TVDVCBP56,27440000,ReadRequestUnits
2024-09-18T21:00:00.000Z,2024-09-18T22:00:00.000Z,USD,4.54,4.54,Usage,$0.25 per million read request units (Oregon),Amazon DynamoDB,Databases,us-west-2,69918885631,,,K6UMRY3TVDVCBP56,18160000,ReadRequestUnits
2024-09-18T22:00:00.000Z,2024-09-18T23:00:00.000Z,USD,5.08,5.08,Usage,$0.25 per million read request units (Oregon),Amazon DynamoDB,Databases,us-west-2,69918885631,,,K6UMRY3TVDVCBP56,20320000,ReadRequestUnits
2024-09-18T23:00:00.000Z,2024-09-19T00:00:00.000Z,USD,4.97,4.97,Usage,$0.25 per million read request units (Oregon),Amazon DynamoDB,Databases,us-west-2,69918885631,,,K6UMRY3TVDVCBP56,19880000,ReadRequestUnits
2024-09-19T00:00:00.000Z,2024-09-19T01:00:00.000Z,USD,8.75,8.75,Usage,$0.25 per million read request units (Oregon),Amazon DynamoDB,Databases,us-west-2,69918885631,,,K6UMRY3TVDVCBP56,35000000,ReadRequestUnits
2024-09-19T01:00:00.000Z,2024-09-19T02:00:00.000Z,USD,5.74,5.74,Usage,$0.25 per million read request units (Oregon),Amazon DynamoDB,Databases,us-west-2,69918885631,,,K6UMRY3TVDVCBP56,22960000,ReadRequestUnits
2024-09-19T02:00:00.000Z,2024-09-19T03:00:00.000Z,USD,6.87,6.87,Usage,$0.25 per million read request units (Oregon),Amazon DynamoDB,Databases,us-west-2,69918885631,,,K6UMRY3TVDVCBP56,27480000,ReadRequestUnits
2024-09-19T03:00:00.000Z,2024-09-19T04:00:00.000Z,USD,9.36,9.36,Usage,$0.25 per million read request units (Oregon),Amazon DynamoDB,Databases,us-west-2,69918885631,,,K6UMRY3TVDVCBP56,37440000,ReadRequestUnits
2024-09-19T04:00:00.000Z,2024-09-19T05:00:00.000Z,USD,7.58,7.58,Usage,$0.25 per million read request units (Oregon),Amazon DynamoDB,Databases,us-west-2,69918885631,,,K6UMRY3TVDVCBP56,30320000,ReadRequestUnits
2024-09-19T05:00:00.000Z,2024-09-19T06:00:00.000Z,USD,7.92,7.92,Usage,$0.25 per million read request units (Oregon),Amazon DynamoDB,Databases,us-west-2,69918885631,,,K6UMRY3TVDVCBP56,31680000,ReadRequestUnits
2024-09-19T06:00:00.000Z,2024-09-19T07:00:00.000Z,USD,9.19,9.19,Usage,$0.25 per million read request units (Oregon),Amazon DynamoDB,Databases,us-west-2,69918885631,,,K6UMRY3TVDVCBP56,36760000,ReadRequestUnits
2024-09-19T07:00:00.000Z,2024-09-19T08:00:00.000Z,USD,8.05,8.05,Usage,$0.25 per million read request units (Oregon),Amazon DynamoDB,Databases,us-west-2,69918885631,,,K6UMRY3TVDVCBP56,32200000,ReadRequestUnits
2024-09-19T08:00:00.000Z,2024-09-19T09:00:00.000Z,USD,11.37,11.37,Usage,$0.25 per million read request units (Oregon),Amazon DynamoDB,Databases,us-west-2,69918885631,,,K6UMRY3TVDVCBP56,45480000,ReadRequestUnits
2024-09-19T09:00:00.000Z,2024-09-19T10:00:00.000Z,USD,8.92,8.92,Usage,$0.25 per million read request units (Oregon),Amazon DynamoDB,Databases,us-west-2,69918885631,,,K6UMRY3TVDVCBP56,35680000,ReadRequestUnits
2024-09-19T10:00:00.000Z,2024-09-19T11:00:00.000Z,USD,14.81,14.81,Usage,$0.25 per million read request units (Oregon),Amazon DynamoDB,Databases,us-west-2,69918885631,,,K6UMRY3TVDVCBP56,59240000,ReadRequestUnits
2024-09-19T11:00:00.000Z,2024-09-19T12:00:00.000Z,USD,6.88,6.88,Usage,$0.25 per million read request units (Oregon),Amazon DynamoDB,Databases,us-west-2,69918885631,,,K6UMRY3TVDVCBP56,27520000,ReadRequestUnits
2024-09-19T12:00:00.000Z,2024-09-19T13:00:00.000Z,USD,17.53,17.53,Usage,$0.25 per million read request units (Oregon),Amazon DynamoDB,Databases,us-west-2,69918885631,,,K6UMRY3TVDVCBP56,70120000,ReadRequestUnits
2024-09-19T13:00:00.000Z,2024-09-19T14:00:00.000Z,USD,12.22,12.22,Usage,$0.25 per million read request units (Oregon),Amazon DynamoDB,Databases,us-west-2,69918885631,,,K6UMRY3TVDVCBP56,48880000,ReadRequestUnits
2024-09-19T14:00:00.000Z,2024-09-19T15:00:00.000Z,USD,6.35,6.35,Usage,$0.25 per million read request units (Oregon),Amazon DynamoDB,Databases,us-west-2,69918885631,,,K6UMRY3TVDVCBP56,25400000,ReadRequestUnits
2024-09-19T15:00:00.000Z,2024-09-19T16:00:00.000Z,USD,10.47,10.47,Usage,$0.25 per million read request units (Oregon),Amazon DynamoDB,Databases,us-west-2,69918885631,,,K6UMRY3TVDVCBP56,41880000,ReadRequestUnits
2024-09-19T16:00:00.000Z,2024-09-19T17:00:00.000Z,USD,17.34,17.34,Usage,$0.25 per million read request units (Oregon),Amazon DynamoDB,Databases,us-west-2,69918885631,,,K6UMRY3TVDVCBP56,69360000,ReadRequestUnits
2024-09-19T17:00:00.000Z,2024-09-19T18:00:00.000Z,USD,13.75,13.75,Usage,$0.25 per million read request units (Oregon),Amazon DynamoDB,Databases,us-west-2,69918885631,,,K6UMRY3TVDVCBP56,55000000,ReadRequestUnits
2024-09-19T18:00:00.000Z,2024-09-19T19:00:00.000Z,USD,15.79,15.79,Usage,$0.25 per million read request units (Oregon),Amazon DynamoDB,Databases,us-west-2,69918885631,,,K6UMRY3TVDVCBP56,63160000,ReadRequestUnits
2024-09-19T19:00:00.000Z,2024-09-19T20:00:00.000Z,USD,12.51,12.51,Usage,$0.25 per million read request units (Oregon),Amazon DynamoDB,Databases,us-west-2,69918885631,,,K6UMRY3TVDVCBP56,50040000,ReadRequestUnits
2024-09-19T20:00:00.000Z,2024-09-19T21:00:00.000Z,USD,8.56,8.56,Usage,$0.25 per million read request units (Oregon),Amazon DynamoDB,Databases,us-west-2,69918885631,,,K6UMRY3TVDVCBP56,34240000,ReadRequestUnits
2024-09-19T21:00:00.000Z,2024-09-19T22:00:00.000Z,USD,5,5,Usage,$0.25 per million read request units (Oregon),Amazon DynamoDB,Databases,us-west-2,69918885631,,,K6UMRY3TVDVCBP56,20000000,ReadRequestUnits
2024-09-19T22:00:00.000Z,2024-09-19T23:00:00.000Z,USD,6.34,6.34,Usage,$0.25 per million read request units (Oregon),Amazon DynamoDB,Databases,us-west-2,69918885631,,,K6UMRY3TVDVCBP56,25360000,ReadRequestUnits
2024-09-19T23:00:00.000Z,2024-09-20T00:00:00.000Z,USD,5.44,5.44,Usage,$0.25 per million read request units (Oregon),Amazon DynamoDB,Databases,us-west-2,69918885631,,,K6UMRY3TVDVCBP56,21760000,ReadRequestUnits
2024-09-20T00:00:00.000Z,2024-09-20T01:00:00.000Z,USD,5.93,5.93,Usage,$0.25 per million read request units (Oregon),Amazon DynamoDB,Databases,us-west-2,69918885631,,,K6UMRY3TVDVCBP56,23720000,ReadRequestUnits
2024-09-20T01:00:00.000Z,2024-09-20T02:00:00.000Z,USD,4.35,4.35,Usage,$0.25 per million read request units (Oregon),Amazon DynamoDB,Databases,us-west-2,69918885631,,,K6UMRY3TVDVCBP56,17400000,ReadRequestUnits
2024-09-20T02:00:00.000Z,2024-09-20T03:00:00.000Z,USD,6.27,6.27,Usage,$0.25 per million read request units (Oregon),Amazon DynamoDB,Databases,us-west-2,69918885631,,,K6UMRY3TVDVCBP56,25080000,ReadRequestUnits
2024-09-20T03:00:00.000Z,2024-09-20T04:00:00.000Z,USD,8.72,8.72,Usage,$0.25 per million read request units (Oregon),Amazon DynamoDB,Databases,us-west-2,69918885631,,,K6UMRY3TVDVCBP56,34880000,ReadRequestUnits
2024-09-20T04:00:00.000Z,2024-09-20T05:00:00.000Z,USD,4.64,4.64,Usage,$0.25 per million read request units (Oregon),Amazon DynamoDB,Databases,us-west-2,69918885631,,,K6UMRY3TVDVCBP56,18560000,ReadRequestUnits
2024-09-20T05:00:00.000Z,2024-09-20T06:00:00.000Z,USD,5.14,5.14,Usage,$0.25 per million read request units (Oregon),Amazon DynamoDB,Databases,us-west-2,69918885631,,,K6UMRY3TVDVCBP56,20560000,ReadRequestUnits
2024-09-20T06:00:00.000Z,2024-09-20T07:00:00.000Z,USD,9.38,9.38,Usage,$0.25 per million read request units (Oregon),Amazon DynamoDB,Databases,us-west-2,69918885631,,,K6UMRY3TVDVCBP56,37520000,ReadRequestUnits
2024-09-20T07:00:00.000Z,2024-09-20T08:00:00.000Z,USD,5.85,5.85,Usage,$0.25 per million read request units (Oregon),Amazon DynamoDB,Databases,us-west-2,69918885631,,,K6UMRY3TVDVCBP56,23400000,ReadRequestUnits
2024-09-20T08:00:00.000Z,2024-09-20T09:00:00.000Z,USD,14.1,14.1,Usage,$0.25 per million read request units (Oregon),Amazon DynamoDB,Databases,us-west-2,69918885631,,,K6UMRY3TVDVCBP56,56400000,ReadRequestUnits
2024-09-20T09:00:00.000Z,2024-09-20T10:00:00.000Z,USD,16.82,16.82,Usage,$0.25 per million read request units (Oregon),Amazon DynamoDB,Databases,us-west-2,69918885631,,,K6UMRY3TVDVCBP56,67280000,ReadRequestUnits
2024-09-20T10:00:00.000Z,2024-09-20T11:00:00.000Z,USD,11.28,11.28,Usage,$0.25 per million read request units (Oregon),Amazon DynamoDB,Databases,us-west-2,69918885631,,,K6UMRY3TVDVCBP56,45120000,ReadRequestUnits
2024-09-20T11:00:00.000Z,2024-09-20T12:00:00.000Z,USD,17.26,17.26,Usage,$0.25 per million read request units (Oregon),Amazon DynamoDB,Databases,us-west-2,69918885631,,,K6UMRY3TVDVCBP56,69040000,ReadRequestUnits
2024-09-20T12:00:00.000Z,2024-09-20T13:00:00.000Z,USD,12.84,12.84,Usage,$0.25 per million read request units (Oregon),Amazon DynamoDB,Databases,us-west-2,69918885631,,,K6UMRY3TVDVCBP56,51360000,ReadRequestUnits
2024-09-20T13:00:00.000Z,2024-09-20T14:00:00.000Z,USD,9.21,9.21,Usage,$0.25 per million read request units (Oregon),Amazon DynamoDB,Databases,us-west-2,69918885631,,,K6UMRY3TVDVCBP56,36840000,ReadRequestUnits
2024-09-20T14:00:00.000Z,2024-09-20T15:00:00.000Z,USD,8.05,8.05,Usage,$0.25 per million read request units (Oregon),Amazon DynamoDB,Databases,us-west-2,69918885631,,,K6UMRY3TVDVCBP56,32200000,ReadRequestUnits
2024-09-20T15:00:00.000Z,2024-09-20T16:00:00.000Z,USD,14.77,14.77,Usage,$0.25 per million read request units (Oregon),Amazon DynamoDB,Databases,us-west-2,69918885631,,,K6UMRY3TVDVCBP56,59080000,ReadRequestUnits
2024-09-20T16:00:00.000Z,2024-09-20T17:00:00.000Z,USD,16.13,16.13,Usage,$0.25 per million read request units (Oregon),Amazon DynamoDB,Databases,us-west-2,69918885631,,,K6UMRY3TVDVCBP56,64520000,ReadRequestUnits
2024-09-20T17:00:00.000Z,2024-09-20T18:00:00.000Z,USD,13.9,13.9,Usage,$0.25 per million read request units (Oregon),Amazon DynamoDB,Databases,us-west-2,69918885631,,,K6UMRY3TVDVCBP56,55600000,ReadRequestUnits
2024-09-20T18:00:00.000Z,2024-09-20T19:00:00.000Z,USD,9.97,9.97,Usage,$0.25 per million read request units (Oregon),Amazon DynamoDB,Databases,us-west-2,69918885631,,,K6UMRY3TVDVCBP56,39880000,ReadRequestUnits
2024-09-20T19:00:00.000Z,2024-09-20T20:00:00.000Z,USD,13.22,13.22,Usage,$0.25 per million read request units (Oregon),Amazon DynamoDB,Databases,us-west-2,69918885631,,,K6UMRY3TVDVCBP56,52880000,ReadRequestUnits
2024-09-20T20:00:00.000Z,2024-09-20T21:00:00.000Z,USD,3.28,3.28,Usage,$0.25 per million read request units (Oregon),Amazon DynamoDB,Databases,us-west-2,69918885631,,,K6UMRY3TVDVCBP56,13120000,ReadRequestUnits
2024-09-20T21:00:00.000Z,2024-09-20T22:00:00.000Z,USD,3.63,3.63,Usage,$0.25 per million read request units (Oregon),Amazon DynamoDB,Databases,us-west-2,69918885631,,,K6UMRY3TVDVCBP56,14520000,ReadRequestUnits
2024-09-20T22:00:00.000Z,2024-09-20T23:00:00.000Z,USD,3.88,3.88,Usage,$0.25 per million read request units (Oregon),Amazon DynamoDB,Databases,us-west-2,69918885631,,,K6UMRY3TVDVCBP56,15520000,ReadRequestUnits
2024-09-20T23:00:00.000Z,2024-09-21T00:00:00.000Z,USD,4.89,4.89,Usage,$0.25 per million read request units (Oregon),Amazon DynamoDB,Databases,us-west-2,69918885631,,,K6UMRY3TVDVCBP56,19560000,ReadRequestUnits
2024-09-21T00:00:00.000Z,2024-09-21T01:00:00.000Z,USD,5.96,5.96,Usage,$0.25 per million read request units (Oregon),Amazon DynamoDB,Databases,us-west-2,69918885631,,,K6UMRY3TVDVCBP56,23840000,ReadRequestUnits
2024-09-21T01:00:00.000Z,2024-09-21T02:00:00.000Z,USD,3.28,3.28,Usage,$0.25 per million read request units (Oregon),Amazon DynamoDB,Databases,us-west-2,69918885631,,,K6UMRY3TVDVCBP56,13120000,ReadRequestUnits
2024-09-21T02:00:00.000Z,2024-09-21T03:00:00.000Z,USD,2.68,2.68,Usage,$0.25 per million read request units (Oregon),Amazon DynamoDB,Databases,us-west-2,69918885631,,,K6UMRY3TVDVCBP56,10720000,ReadRequestUnits
2024-09-21T03:00:00.000Z,2024-09-21T04:00:00.000Z,USD,5.31,5.31,Usage,$0.25 per million read request units (Oregon),Amazon DynamoDB,Databases,us-west-2,69918885631,,,K6UMRY3TVDVCBP56,21240000,ReadRequestUnits
2024-09-21T04:00:00.000Z,2024-09-21T05:00:00.000Z,USD,5.41,5.41,Usage,$0.25 per million read request units (Oregon),Amazon DynamoDB,Databases,us-west-2,69918885631,,,K6UMRY3TVDVCBP56,21640000,ReadRequestUnits
2024-09-21T05:00:00.000Z,2024-09-21T06:00:00.000Z,USD,2.52,2.52,Usage,$0.25 per million read request units (Oregon),Amazon DynamoDB,Databases,us-west-2,69918885631,,,K6UMRY3TVDVCBP56,10080000,ReadRequestUnits
2024-09-21T06:00:00.000Z,2024-09-21T07:00:00.000Z,USD,5.73,5.73,Usage,$0.25 per million read request units (Oregon),Amazon DynamoDB,Databases,us-west-2,69918885631,,,K6UMRY3TVDVCBP56,22920000,ReadRequestUnits
2024-09-21T07:00:00.000Z,2024-09-21T08:00:00.000Z,USD,2.61,2.61,Usage,$0.25 per million read request units (Oregon),Amazon DynamoDB,Databases,us-west-2,69918885631,,,K6UMRY3TVDVCBP56,10440000,ReadRequestUnits
2024-09-21T08:00:00.000Z,2024-09-21T09:00:00.000Z,USD,6.63,6.63,Usage,$0.25 per million read request units (Oregon),Amazon DynamoDB,Databases,us-west-2,69918885631,,,K6UMRY3TVDVCBP56,26520000,ReadRequestUnits
2024-09-21T09:00:00.000Z,2024-09-21T10:00:00.000Z,USD,2.28,2.28,Usage,$0.25 per million read request units (Oregon),Amazon DynamoDB,Databases,us-west-2,69918885631,,,K6UMRY3TVDVCBP56,9120000,ReadRequestUnits
2024-09-21T10:00:00.000Z,2024-09-21T11:00:00.000Z,USD,5.3,5.3,Usage,$0.25 per million read request units (Oregon),Amazon DynamoDB,Databases,us-west-2,69918885631,,,K6UMRY3TVDVCBP56,21200000,ReadRequestUnits
2024-09-21T11:00:00.000Z,2024-09-21T12:00:00.000Z,USD,3.58,3.58,Usage,$0.25 per million read request units (Oregon),Amazon DynamoDB,Databases,us-west-2,69918885631,,,K6UMRY3TVDVCBP56,14320000,ReadRequestUnits
2024-09-21T12:00:00.000Z,2024-09-21T13:00:00.000Z,USD,5.02,5.02,Usage,$0.25 per million read request units (Oregon),Amazon DynamoDB,Databases,us-west-2,69918885631,,,K6UMRY3TVDVCBP56,20080000,ReadRequestUnits
2024-09-21T13:00:00.000Z,2024-09-21T14:00:00.000Z,USD,3.83,3.83,Usage,$0.25 per million read request units (Oregon),Amazon DynamoDB,Databases,us-west-2,69918885631,,,K6UMRY3TVDVCBP56,15320000,ReadRequestUnits
2024-09-21T14:00:00.000Z,2024-09-21T15:00:00.000Z,USD,4.48,4.48,Usage,$0.25 per million read request units (Oregon),Amazon DynamoDB,Databases,us-west-2,69918885631,,,K6UMRY3TVDVCBP56,17920000,ReadRequestUnits
2024-09-21T15:00:00.000Z,2024-09-21T16:00:00.000Z,USD,3.83,3.83,Usage,$0.25 per million read request units (Oregon),Amazon DynamoDB,Databases,us-west-2,69918885631,,,K6UMRY3TVDVCBP56,15320000,ReadRequestUnits
2024-09-21T16:00:00.000Z,2024-09-21T17:00:00.000Z,USD,4.86,4.86,Usage,$0.25 per million read request units (Oregon),Amazon DynamoDB,Databases,us-west-2,69918885631,,,K6UMRY3TVDVCBP56,19440000,ReadRequestUnits
2024-09-21T17:00:00.000Z,2024-09-21T18:00:00.000Z,USD,2.53,2.53,Usage,$0.25 per million read request units (Oregon),Amazon DynamoDB,Databases,us-west-2,69918885631,,,K6UMRY3TVDVCBP56,10120000,ReadRequestUnits
2024-09-21T18:00:00.000Z,2024-09-21T19:00:00.000Z,USD,5.14,5.14,Usage,$0.25 per million read request units (Oregon),Amazon DynamoDB,Databases,us-west-2,69918885631,,,K6UMRY3TVDVCBP56,20560000,ReadRequestUnits
2024-09-21T19:00:00.000Z,2024-09-21T20:00:00.000Z,USD,5.95,5.95,Usage,$0.25 per million read request units (Oregon),Amazon DynamoDB,Databases,us-west-2,69918885631,,,K6UMRY3TVDVCBP56,23800000,ReadRequestUnits
2024-09-21T20:00:00.000Z,2024-09-21T21:00:00.000Z,USD,6.48,6.48,Usage,$0.25 per million read request units (Oregon),Amazon DynamoDB,Databases,us-west-2,69918885631,,,K6UMRY3TVDVCBP56,25920000,ReadRequestUnits
2024-09-21T21:00:00.000Z,2024-09-21T22:00:00.000Z,USD,6.07,6.07,Usage,$0.25 per million read request units (Oregon),Amazon DynamoDB,Databases,us-west-2,69918885631,,,K6UMRY3TVDVCBP56,24280000,ReadRequestUnits
2024-09-21T22:00:00.000Z,2024-09-21T23:00:00.000Z,USD,2.29,2.29,Usage,$0.25 per million read request units (Oregon),Amazon DynamoDB,Databases,us-west-2,69918885631,,,K6UMRY3TVDVCBP56,9160000,ReadRequestUnits
2024-09-21T23:00:00.000Z,2024-09-22T00:00:00.000Z,USD,5.1,5.1,Usage,$0.25 per million read request units (Oregon),Amazon DynamoDB,Databases,us-west-2,69918885631,,,K6UMRY3TVDVCBP56,20400000,ReadRequestUnits
2024-09-22T00:00:00.000Z,2024-09-22T01:00:00.000Z,USD,6.55,6.55,Usage,$0.25 per million read request units (Oregon),Amazon DynamoDB,Databases,us-west-2,69918885631,,,K6UMRY3TVDVCBP56,26200000,ReadRequestUnits
2024-09-22T01:00:00.000Z,2024-09-22T02:00:00.000Z,USD,5.11,5.11,Usage,$0.25 per million read request units (Oregon),Amazon DynamoDB,Databases,us-west-2,69918885631,,,K6UMRY3TVDVCBP56,20440000,ReadRequestUnits
2024-09-22T02:00:00.000Z,2024-09-22T03:00:00.000Z,USD,2.79,2.79,Usage,$0.25 per million read request units (Oregon),Amazon DynamoDB,Databases,us-west-2,69918885631,,,K6UMRY3TVDVCBP56,11160000,ReadRequestUnits
2024-09-22T03:00:00.000Z,2024-09-22T04:00:00.000Z,USD,4.83,4.83,Usage,$0.25 per million read request units (Oregon),Amazon DynamoDB,Databases,us-west-2,69918885631,,,K6UMRY3TVDVCBP56,19320000,ReadRequestUnits
2024-09-22T04:00:00.000Z,2024-09-22T05:00:00.000Z,USD,3.87,3.87,Usage,$0.25 per million read request units (Oregon),Amazon DynamoDB,Databases,us-west-2,69918885631,,,K6UMRY3TVDVCBP56,15480000,ReadRequestUnits
2024-09-22T05:00:00.000Z,2024-09-22T06:00:00.000Z,USD,2.93,2.93,Usage,$0.25 per million read request units (Oregon),Amazon DynamoDB,Databases,us-west-2,69918885631,,,K6UMRY3TVDVCBP56,11720000,ReadRequestUnits
2024-09-22T06:00:00.000Z,2024-09-22T07:00:00.000Z,USD,5.56,5.56,Usage,$0.25 per million read request units (Oregon),Amazon DynamoDB,Databases,us-west-2,69918885631,,,K6UMRY3TVDVCBP56,22240000,ReadRequestUnits
2024-09-22T07:00:00.000Z,2024-09-22T08:00:00.000Z,USD,4.37,4.37,Usage,$0.25 per million read request units (Oregon),Amazon DynamoDB,Databases,us-west-2,69918885631,,,K6UMRY3TVDVCBP56,17480000,ReadRequestUnits
2024-09-22T08:00:00.000Z,2024-09-22T09:00:00.000Z,USD,2.26,2.26,Usage,$0.25 per million read request units (Oregon),Amazon DynamoDB,Databases,us-west-2,69918885631,,,K6UMRY3TVDVCBP56,9040000,ReadRequestUnits
2024-09-22T09:00:00.000Z,2024-09-22T10:00:00.000Z,USD,2.68,2.68,Usage,$0.25 per million read request units (Oregon),Amazon DynamoDB,Databases,us-west-2,69918885631,,,K6UMRY3TVDVCBP56,10720000,ReadRequestUnits
2024-09-22T10:00:00.000Z,2024-09-22T11:00:00.000Z,USD,6.56,6.56,Usage,$0.25 per million read request units (Oregon),Amazon DynamoDB,Databases,us-west-2,69918885631,,,K6UMRY3TVDVCBP56,26240000,ReadRequestUnits
2024-09-22T11:00:00.000Z,2024-09-22T12:00:00.000Z,USD,6,6,Usage,$0.25 per million read request units (Oregon),Amazon DynamoDB,Databases,us-west-2,69918885631,,,K6UMRY3TVDVCBP56,24000000,ReadRequestUnits
2024-09-22T12:00:00.000Z,2024-09-22T13:00:00.000Z,USD,4.38,4.38,Usage,$0.25 per million read request units (Oregon),Amazon DynamoDB,Databases,us-west-2,69918885631,,,K6UMRY3TVDVCBP56,17520000,ReadRequestUnits
2024-09-22T13:00:00.000Z,2024-09-22T14:00:00.000Z,USD,5.62,5.62,Usage,$0.25 per million read request units (Oregon),Amazon DynamoDB,Databases,us-west-2,69918885631,,,K6UMRY3TVDVCBP56,22480000,ReadRequestUnits
2024-09-22T14:00:00.000Z,2024-09-22T15:00:00.000Z,USD,3.07,3.07,Usage,$0.25 per million read request units (Oregon),Amazon DynamoDB,Databases,us-west-2,69918885631,,,K6UMRY3TVDVCBP56,12280000,ReadRequestUnits
2024-09-22T15:00:00.000Z,2024-09-22T16:00:00.000Z,USD,2.55,2.55,Usage,$0.25 per million read request units (Oregon),Amazon DynamoDB,Databases,us-west-2,69918885631,,,K6UMRY3TVDVCBP56,10200000,ReadRequestUnits
2024-09-22T16:00:00.000Z,2024-09-22T17:00:00.000Z,USD,6.36,6.36,Usage,$0.25 per million read request units (Oregon),Amazon DynamoDB,Databases,us-west-2,69918885631,,,K6UMRY3TVDVCBP56,25440000,ReadRequestUnits
2024-09-22T17:00:00.000Z,2024-09-22T18:00:00.000Z,USD,6.7,6.7,Usage,$0.25 per million read request units (Oregon),Amazon DynamoDB,Databases,us-west-2,69918885631,,,K6UMRY3TVDVCBP56,26800000,ReadRequestUnits
2024-09-22T18:00:00.000Z,2024-09-22T19:00:00.000Z,USD,3.3,3.3,Usage,$0.25 per million read request units (Oregon),Amazon DynamoDB,Databases,us-west-2,69918885631,,,K6UMRY3TVDVCBP56,13200000,ReadRequestUnits
2024-09-22T19:00:00.000Z,2024-09-22T20:00:00.000Z,USD,6.08,6.08,Usage,$0.25 per million read request units (Oregon),Amazon DynamoDB,Databases,us-west-2,69918885631,,,K6UMRY3TVDVCBP56,24320000,ReadRequestUnits
2024-09-22T20:00:00.000Z,2024-09-22T21:00:00.000Z,USD,3.32,3.32,Usage,$0.25 per million read request units (Oregon),Amazon DynamoDB,Databases,us-west-2,69918885631,,,K6UMRY3TVDVCBP56,13280000,ReadRequestUnits
2024-09-22T21:00:00.000Z,2024-09-22T22:00:00.000Z,USD,5.68,5.68,Usage,$0.25 per million read request units (Oregon),Amazon DynamoDB,Databases,us-west-2,69918885631,,,K6UMRY3TVDVCBP56,22720000,ReadRequestUnits
2024-09-22T22:00:00.000Z,2024-09-22T23:00:00.000Z,USD,2.72,2.72,Usage,$0.25 per million read request units (Oregon),Amazon DynamoDB,Databases,us-west-2,69918885631,,,K6UMRY3TVDVCBP56,10880000,ReadRequestUnits
2024-09-22T23:00:00.000Z,2024-09-23T00:00:00.000Z,USD,5.84,5.84,Usage,$0.25 per million read request units (Oregon),Amazon DynamoDB,Databases,us-west-2,69918885631,,,K6UMRY3TVDVCBP56,23360000,ReadRequestUnits
2024-09-23T00:00:00.000Z,2024-09-23T01:00:00.000Z,USD,6.17,6.17,Usage,$0.25 per million read request units (Oregon),Amazon DynamoDB,Databases,us-west-2,69918885631,,,K6UMRY3TVDVCBP56,24680000,ReadRequestUnits
2024-09-23T01:00:00.000Z,2024-09-23T02:00:00.000Z,USD,7.66,7.66,Usage,$0.25 per million read request units (Oregon),Amazon DynamoDB,Databases,us-west-2,69918885631,,,K6UMRY3TVDVCBP56,30640000,ReadRequestUnits
2024-09-23T02:00:00.000Z,2024-09-23T03:00:00.000Z,USD,7.85,7.85,Usage,$0.25 per million read request units (Oregon),Amazon DynamoDB,Databases,us-west-2,69918885631,,,K6UMRY3TVDVCBP56,31400000,ReadRequestUnits
2024-09-23T03:00:00.000Z,2024-09-23T04:00:00.000Z,USD,3.42,3.42,Usage,$0.25 per million read request units (Oregon),Amazon DynamoDB,Databases,us-west-2,69918885631,,,K6UMRY3TVDVCBP56,13680000,ReadRequestUnits
2024-09-23T04:00:00.000Z,2024-09-23T05:00:00.000Z,USD,8.97,8.97,Usage,$0.25 per million read request units (Oregon),Amazon DynamoDB,Databases,us-west-2,69918885631,,,K6UMRY3TVDVCBP56,35880000,ReadRequestUnits
2024-09-23T05:00:00.000Z,2024-09-23T06:00:00.000Z,USD,4.4,4.4,Usage,$0.25 per million read request units (Oregon),Amazon DynamoDB,Databases,us-west-2,69918885631,,,K6UMRY3TVDVCBP56,17600000,ReadRequestUnits
2024-09-23T06:00:00.000Z,2024-09-23T07:00:00.000Z,USD,8.85,8.85,Usage,$0.25 per million read request units (Oregon),Amazon DynamoDB,Databases,us-west-2,69918885631,,,K6UMRY3TVDVCBP56,35400000,ReadRequestUnits
2024-09-23T07:00:00.000Z,2024-09-23T08:00:00.000Z,USD,3.3,3.3,Usage,$0.25 per million read request units (Oregon),Amazon DynamoDB,Databases,us-west-2,69918885631,,,K6UMRY3TVDVCBP56,13200000,ReadRequestUnits
2024-09-23T08:00:00.000Z,2024-09-23T09:00:00.000Z,USD,11.26,11.26,Usage,$0.25 per million read request units (Oregon),Amazon DynamoDB,Databases,us-west-2,69918885631,,,K6UMRY3TVDVCBP56,45040000,ReadRequestUnits
2024-09-23T09:00:00.000Z,2024-09-23T10:00:00.000Z,USD,10.02,10.02,Usage,$0.25 per million read request units (Oregon),Amazon DynamoDB,Databases,us-west-2,69918885631,,,K6UMRY3TVDVCBP56,40080000,ReadRequestUnits
2024-09-23T10:00:00.000Z,2024-09-23T11:00:00.000Z,USD,9.59,9.59,Usage,$0.25 per million read request units (Oregon),Amazon DynamoDB,Databases,us-west-2,69918885631,,,K6UMRY3TVDVCBP56,38360000,ReadRequestUnits
2024-09-23T11:00:00.000Z,2024-09-23T12:00:00.000Z,USD,12.81,12.81,Usage,$0.25 per million read request units (Oregon),Amazon DynamoDB,Databases,us-west-2,69918885631,,,K6UMRY3TVDVCBP56,51240000,ReadRequestUnits
2024-09-23T12:00:00.000Z,2024-09-23T13:00:00.000Z,USD,14.23,14.23,Usage,$0.25 per million read request units (Oregon),Amazon DynamoDB,Databases,us-west-2,69918885631,,,K6UMRY3TVDVCBP56,56920000,ReadRequestUnits
2024-09-23T13:00:00.000Z,2024-09-23T14:00:00.000Z,USD,13.71,13.71,Usage,$0.25 per million read request units (Oregon),Amazon DynamoDB,Databases,us-west-2,69918885631,,,K6UMRY3TVDVCBP56,54840000,ReadRequestUnits
2024-09-23T14:00:00.000Z,2024-09-23T15:00:00.000Z,USD,12.66,12.66,Usage,$0.25 per million read request units (Oregon),Amazon DynamoDB,Databases,us-west-2,69918885631,,,K6UMRY3TVDVCBP56,50640000,ReadRequestUnits
2024-09-23T15:00:00.000Z,2024-09-23T16:00:00.000Z,USD,7.26,7.26,Usage,$0.25 per million read request units (Oregon),Amazon DynamoDB,Databases,us-west-2,69918885631,,,K6UMRY3TVDVCBP56,29040000,ReadRequestUnits
2024-09-23T16:00:00.000Z,2024-09-23T17:00:00.000Z,USD,6.55,6.55,Usage,$0.25 per million read request units (Oregon),Amazon DynamoDB,Databases,us-west-2,69918885631,,,K6UMRY3TVDVCBP56,26200000,ReadRequestUnits
2024-09-23T17:00:00.000Z,2024-09-23T18:00:00.000Z,USD,9.33,9.33,Usage,$0.25 per million read request units (Oregon),Amazon DynamoDB,Databases,us-west-2,69918885631,,,K6UMRY3TVDVCBP56,37320000,ReadRequestUnits
2024-09-23T18:00:00.000Z,2024-09-23T19:00:00.000Z,USD,14.91,14.91,Usage,$0.25 per million read request units (Oregon),Amazon DynamoDB,Databases,us-west-2,69918885631,,,K6UMRY3TVDVCBP56,59640000,ReadRequestUnits
2024-09-23T19:00:00.000Z,2024-09-23T20:00:00.000Z,USD,12.4,12.4,Usage,$0.25 per million read request units (Oregon),Amazon DynamoDB,Databases,us-west-2,69918885631,,,K6UMRY3TVDVCBP56,49600000,ReadRequestUnits
2024-09-23T20:00:00.000Z,2024-09-23T21:00:00.000Z,USD,8.76,8.76,Usage,$0.25 per million read request units (Oregon),Amazon DynamoDB,Databases,us-west-2,69918885631,,,K6UMRY3TVDVCBP56,35040000,ReadRequestUnits
2024-09-23T21:00:00.000Z,2024-09-23T22:00:00.000Z,USD,4.62,4.62,Usage,$0.25 per million read request units (Oregon),Amazon DynamoDB,Databases,us-west-2,69918885631,,,K6UMRY3TVDVCBP56,18480000,ReadRequestUnits
2024-09-23T22:00:00.000Z,2024-09-23T23:00:00.000Z,USD,6.01,6.01,Usage,$0.25 per million read request units (Oregon),Amazon DynamoDB,Databases,us-west-2,69918885631,,,K6UMRY3TVDVCBP56,24040000,ReadRequestUnits
2024-09-23T23:00:00.000Z,2024-09-24T00:00:00.000Z,USD,6.79,6.79,Usage,$0.25 per million read request units (Oregon),Amazon DynamoDB,Databases,us-west-2,69918885631,,,K6UMRY3TVDVCBP56,27160000,ReadRequestUnits
2024-09-24T00:00:00.000Z,2024-09-24T01:00:00.000Z,USD,7.02,7.02,Usage,$0.25 per million read request units (Oregon),Amazon DynamoDB,Databases,us-west-2,69918885631,,,K6UMRY3TVDVCBP56,28080000,ReadRequestUnits
2024-09-24T01:00:00.000Z,2024-09-24T02:00:00.000Z,USD,4.17,4.17,Usage,$0.25 per million read request units (Oregon),Amazon DynamoDB,Databases,us-west-2,69918885631,,,K6UMRY3TVDVCBP56,16680000,ReadRequestUnits
2024-09-24T02:00:00.000Z,2024-09-24T03:00:00.000Z,USD,8.72,8.72,Usage,$0.25 per million read request units (Oregon),Amazon DynamoDB,Databases,us-west-2,69918885631,,,K6UMRY3TVDVCBP56,34880000,ReadRequestUnits
2024-09-24T03:00:00.000Z,2024-09-24T04:00:00.000Z,USD,6.73,6.73,Usage,$0.25 per million read request units (Oregon),Amazon DynamoDB,Databases,us-west-2,69918885631,,,K6UMRY3TVDVCBP56,26920000,ReadRequestUnits
2024-09-24T04:00:00.000Z,2024-09-24T05:00:00.000Z,USD,4.15,4.15,Usage,$0.25 per million read request units (Oregon),Amazon DynamoDB,Databases,us-west-2,69918885631,,,K6UMRY3TVDVCBP56,16600000,ReadRequestUnits
2024-09-24T05:00:00.000Z,2024-09-24T06:00:00.000Z,USD,7.32,7.32,Usage,$0.25 per million read request units (Oregon),Amazon DynamoDB,Databases,us-west-2,69918885631,,,K6UMRY3TVDVCBP56,29280000,ReadRequestUnits
2024-09-24T06:00:00.000Z,2024-09-24T07:00:00.000Z,USD,7.93,7.93,Usage,$0.25 per million read request units (Oregon),Amazon DynamoDB,Databases,us-west-2,69918885631,,,K6UMRY3TVDVCBP56,31720000,ReadRequestUnits
2024-09-24T07:00:00.000Z,2024-09-24T08:00:00.000Z,USD,4.08,4.08,Usage,$0.25 per million read request units (Oregon),Amazon DynamoDB,Databases,us-west-2,69918885631,,,K6UMRY3TVDVCBP56,16320000,ReadRequestUnits
2024-09-24T08:00:00.000Z,2024-09-24T09:00:00.000Z,USD,7.06,7.06,Usage,$0.25 per million read request units (Oregon),Amazon DynamoDB,Databases,us-west-2,69918885631,,,K6UMRY3TVDVCBP56,28240000,ReadRequestUnits
2024-09-24T09:00:00.000Z,2024-09-24T10:00:00.000Z,USD,7.11,7.11,Usage,$0.25 per million read request units (Oregon),Amazon DynamoDB,Databases,us-west-2,69918885631,,,K6UMRY3TVDVCBP56,28440000,ReadRequestUnits
2024-09-24T10:00:00.000Z,2024-09-24T11:00:00.000Z,USD,16.87,16.87,Usage,$0.25 per million read request units (Oregon),Amazon DynamoDB,Databases,us-west-2,69918885631,,,K6UMRY3TVDVCBP56,67480000,ReadRequestUnits
2024-09-24T11:00:00.000Z,2024-09-24T12:00:00.000Z,USD,8.47,8.47,Usage,$0.25 per million read request units (Oregon),Amazon DynamoDB,Databases,us-west-2,69918885631,,,K6UMRY3TVDVCBP56,33880000,ReadRequestUnits
2024-09-24T12:00:00.000Z,2024-09-24T13:00:00.000Z,USD,15.16,15.16,Usage,$0.25 per million read request units (Oregon),Amazon DynamoDB,Databases,us-west-2,69918885631,,,K6UMRY3TVDVCBP56,60640000,ReadRequestUnits
2024-09-24T13:00:00.000Z,2024-09-24T14:00:00.000Z,USD,8.79,8.79,Usage,$0.25 per million read request units (Oregon),Amazon DynamoDB,Databases,us-west-2,69918885631,,,K6UMRY3TVDVCBP56,35160000,ReadRequestUnits
2024-09-24T14:00:00.000Z,2024-09-24T15:00:00.000Z,USD,16.22,16.22,Usage,$0.25 per million read request units (Oregon),Amazon DynamoDB,Databases,us-west-2,69918885631,,,K6UMRY3TVDVCBP56,64880000,ReadRequestUnits
2024-09-24T15:00:00.000Z,2024-09-24T16:00:00.000Z,USD,17.23,17.23,Usage,$0.25 per million read request units (Oregon),Amazon DynamoDB,Databases,us-west-2,69918885631,,,K6UMRY3TVDVCBP56,68920000,ReadRequestUnits
2024-09-24T16:00:00.000Z,2024-09-24T17:00:00.000Z,USD,13,13,Usage,$0.25 per million read request units (Oregon),Amazon DynamoDB,Databases,us-west-2,69918885631,,,K6UMRY3TVDVCBP56,52000000,ReadRequestUnits
2024-09-24T17:00:00.000Z,2024-09-24T18:00:00.000Z,USD,13.87,13.87,Usage,$0.25 per million read request units (Oregon),Amazon DynamoDB,Databases,us-west-2,69918885631,,,K6UMRY3TVDVCBP56,55480000,ReadRequestUnits
2024-09-24T18:00:00.000Z,2024-09-24T19:00:00.000Z,USD,12.01,12.01,Usage,$0.25 per million read request units (Oregon),Amazon DynamoDB,Databases,us-west-2,69918885631,,,K6UMRY3TVDVCBP56,48040000,ReadRequestUnits
2024-09-24T19:00:00.000Z,2024-09-24T20:00:00.000Z,USD,14.22,14.22,Usage,$0.25 per million read request units (Oregon),Amazon DynamoDB,Databases,us-west-2,69918885631,,,K6UMRY3TVDVCBP56,56880000,ReadRequestUnits
2024-09-24T20:00:00.000Z,2024-09-24T21:00:00.000Z,USD,3.96,3.96,Usage,$0.25 per million read request units (Oregon),Amazon DynamoDB,Databases,us-west-2,69918885631,,,K6UMRY3TVDVCBP56,15840000,ReadRequestUnits
2024-09-24T21:00:00.000Z,2024-09-24T22:00:00.000Z,USD,6.41,6.41,Usage,$0.25 per million read request units (Oregon),Amazon DynamoDB,Databases,us-west-2,69918885631,,,K6UMRY3TVDVCBP56,25640000,ReadRequestUnits
2024-09-24T22:00:00.000Z,2024-09-24T23:00:00.000Z,USD,3.29,3.29,Usage,$0.25 per million read request units (Oregon),Amazon DynamoDB,Databases,us-west-2,69918885631,,,K6UMRY3TVDVCBP56,13160000,ReadRequestUnits
2024-09-24T23:00:00.000Z,2024-09-25T00:00:00.000Z,USD,3.49,3.49,Usage,$0.25 per million read request units (Oregon),Amazon DynamoDB,Databases,us-west-2,69918885631,,,K6UMRY3TVDVCBP56,13960000,ReadRequestUnits
2024-09-25T00:00:00.000Z,2024-09-25T01:00:00.000Z,USD,5.41,5.41,Usage,$0.25 per million read request units (Oregon),Amazon DynamoDB,Databases,us-west-2,69918885631,,,K6UMRY3TVDVCBP56,21640000,ReadRequestUnits
2024-09-25T01:00:00.000Z,2024-09-25T02:00:00.000Z,USD,5.77,5.77,Usage,$0.25 per million read request units (Oregon),Amazon DynamoDB,Databases,us-west-2,69918885631,,,K6UMRY3TVDVCBP56,23080000,ReadRequestUnits
2024-09-25T02:00:00.000Z,2024-09-25T03:00:00.000Z,USD,4.61,4.61,Usage,$0.25 per million read request units (Oregon),Amazon DynamoDB,Databases,us-west-2,69918885631,,,K6UMRY3TVDVCBP56,18440000,ReadRequestUnits
2024-09-25T03:00:00.000Z,2024-09-25T04:00:00.000Z,USD,5.21,5.21,Usage,$0.25 per million read request units (Oregon),Amazon DynamoDB,Databases,us-west-2,69918885631,,,K6UMRY3TVDVCBP56,20840000,ReadRequestUnits
2024-09-25T04:00:00.000Z,2024-09-25T05:00:00.000Z,USD,4.54,4.54,Usage,$0.25 per million read request units (Oregon),Amazon DynamoDB,Databases,us-west-2,69918885631,,,K6UMRY3TVDVCBP56,18160000,ReadRequestUnits
2024-09-25T05:00:00.000Z,2024-09-25T06:00:00.000Z,USD,5.61,5.61,Usage,$0.25 per million read request units (Oregon),Amazon DynamoDB,Databases,us-west-2,69918885631,,,K6UMRY3TVDVCBP56,22440000,ReadRequestUnits
2024-09-25T06:00:00.000Z,2024-09-25T07:00:00.000Z,USD,8.14,8.14,Usage,$0.25 per million read request units (Oregon),Amazon DynamoDB,Databases,us-west-2,69918885631,,,K6UMRY3TVDVCBP56,32560000,ReadRequestUnits
2024-09-25T07:00:00.000Z,2024-09-25T08:00:00.000Z,USD,7.25,7.25,Usage,$0.25 per million read request units (Oregon),Amazon DynamoDB,Databases,us-west-2,69918885631,,,K6UMRY3TVDVCBP56,29000000,ReadRequestUnits
2024-09-25T08:00:00.000Z,2024-09-25T09:00:00.000Z,USD,13.73,13.73,Usage,$0.25 per million read request units (Oregon),Amazon DynamoDB,Databases,us-west-2,69918885631,,,K6UMRY3TVDVCBP56,54920000,ReadRequestUnits
2024-09-25T09:00:00.000Z,2024-09-25T10:00:00.000Z,USD,9.69,9.69,Usage,$0.25 per million read request units (Oregon),Amazon DynamoDB,Databases,us-west-2,69918885631,,,K6UMRY3TVDVCBP56,38760000,ReadRequestUnits
2024-09-25T10:00:00.000Z,2024-09-25T11:00:00.000Z,USD,9.22,9.22,Usage,$0.25 per million read request units (Oregon),Amazon DynamoDB,Databases,us-west-2,69918885631,,,K6UMRY3TVDVCBP56,36880000,ReadRequestUnits
2024-09-25T11:00:00.000Z,2024-09-25T12:00:00.000Z,USD,15.84,15.84,Usage,$0.25 per million read request units (Oregon),Amazon DynamoDB,Databases,us-west-2,69918885631,,,K6UMRY3TVDVCBP56,63360000,ReadRequestUnits
2024-09-25T12:00:00.000Z,2024-09-25T13:00:00.000Z,USD,17.17,17.17,Usage,$0.25 per million read request units (Oregon),Amazon DynamoDB,Databases,us-west-2,69918885631,,,K6UMRY3TVDVCBP56,68680000,ReadRequestUnits
2024-09-25T13:00:00.000Z,2024-09-25T14:00:00.000Z,USD,16.94,16.94,Usage,$0.25 per million read request units (Oregon),Amazon DynamoDB,Databases,us-west-2,69918885631,,,K6UMRY3TVDVCBP56,67760000,ReadRequestUnits
2024-09-25T14:00:00.000Z,2024-09-25T15:00:00.000Z,USD,12.17,12.17,Usage,$0.25 per million read request units (Oregon),Amazon DynamoDB,Databases,us-west-2,69918885631,,,K6UMRY3TVDVCBP56,48680000,ReadRequestUnits
2024-09-25T15:00:00.000Z,2024-09-25T16:00:00.000Z,USD,8.97,8.97,Usage,$0.25 per million read request units (Oregon),Amazon DynamoDB,Databases,us-west-2,69918885631,,,K6UMRY3TVDVCBP56,35880000,ReadRequestUnits
2024-09-25T16:00:00.000Z,2024-09-25T17:00:00.000Z,USD,6.91,6.91,Usage,$0.25 per million read request units (Oregon),Amazon DynamoDB,Databases,us-west-2,69918885631,,,K6UMRY3TVDVCBP56,27640000,ReadRequestUnits
2024-09-25T17:00:00.000Z,2024-09-25T18:00:00.000Z,USD,13.28,13.28,Usage,$0.25 per million read request units (Oregon),Amazon DynamoDB,Databases,us-west-2,69918885631,,,K6UMRY3TVDVCBP56,53120000,ReadRequestUnits
2024-09-25T18:00:00.000Z,2024-09-25T19:00:00.000Z,USD,14.1,14.1,Usage,$0.25 per million read request units (Oregon),Amazon DynamoDB,Databases,us-west-2,69918885631,,,K6UMRY3TVDVCBP56,56400000,ReadRequestUnits
2024-09-25T19:00:00.000Z,2024-09-25T20:00:00.000Z,USD,9.1,9.1,Usage,$0.25 per million read request units (Oregon),Amazon DynamoDB,Databases,us-west-2,69918885631,,,K6UMRY3TVDVCBP56,36400000,ReadRequestUnits
2024-09-25T20:00:00.000Z,2024-09-25T21:00:00.000Z,USD,5.81,5.81,Usage,$0.25 per million read request units (Oregon),Amazon DynamoDB,Databases,us-west-2,69918885631,,,K6UMRY3TVDVCBP56,23240000,ReadRequestUnits
2024-09-25T21:00:00.000Z,2024-09-25T22:00:00.000Z,USD,5.17,5.17,Usage,$0.25 per million read request units (Oregon),Amazon DynamoDB,Databases,us-west-2,69918885631,,,K6UMRY3TVDVCBP56,20680000,ReadRequestUnits
2024-09-25T22:00:00.000Z,2024-09-25T23:00:00.000Z,USD,8.51,8.51,Usage,$0.25 per million read request units (Oregon),Amazon DynamoDB,Databases,us-west-2,69918885631,,,K6UMRY3TVDVCBP56,34040000,ReadRequestUnits
2024-09-25T23:00:00.000Z,2024-09-26T00:00:00.000Z,USD,8.38,8.38,Usage,$0.25 per million read request units (Oregon),Amazon DynamoDB,Databases,us-west-2,69918885631,,,K6UMRY3TVDVCBP56,33520000,ReadRequestUnits
2024-09-26T00:00:00.000Z,2024-09-26T01:00:00.000Z,USD,3.56,3.56,Usage,$0.25 per million read request units (Oregon),Amazon DynamoDB,Databases,us-west-2,69918885631,,,K6UMRY3TVDVCBP56,14240000,ReadRequestUnits
2024-09-26T01:00:00.000Z,2024-09-26T02:00:00.000Z,USD,6.06,6.06,Usage,$0.25 per million read request units (Oregon),Amazon DynamoDB,Databases,us-west-2,69918885631,,,K6UMRY3TVDVCBP56,24240000,ReadRequestUnits
2024-09-26T02:00:00.000Z,2024-09-26T03:00:00.000Z,USD,5.52,5.52,Usage,$0.25 per million read request units (Oregon),Amazon DynamoDB,Databases,us-west-2,69918885631,,,K6UMRY3TVDVCBP56,22080000,ReadRequestUnits
2024-09-26T03:00:00.000Z,2024-09-26T04:00:00.000Z,USD,4.64,4.64,Usage,$0.25 per million read request units (Oregon),Amazon DynamoDB,Databases,us-west-2,69918885631,,,K6UMRY3TVDVCBP56,18560000,ReadRequestUnits
2024-09-26T04:00:00.000Z,2024-09-26T05:00:00.000Z,USD,3.43,3.43,Usage,$0.25 per million read request units (Oregon),Amazon DynamoDB,Databases,us-west-2,69918885631,,,K6UMRY3TVDVCBP56,13720000,ReadRequestUnits
2024-09-26T05:00:00.000Z,2024-09-26T06:00:00.000Z,USD,5.84,5.84,Usage,$0.25 per million read request units (Oregon),Amazon DynamoDB,Databases,us-west-2,69918885631,,,K6UMRY3TVDVCBP56,23360000,ReadRequestUnits
2024-09-26T06:00:00.000Z,2024-09-26T07:00:00.000Z,USD,5.05,5.05,Usage,$0.25 per million read request units (Oregon),Amazon DynamoDB,Databases,us-west-2,69918885631,,,K6UMRY3TVDVCBP56,20200000,ReadRequestUnits
2024-09-26T07:00:00.000Z,2024-09-26T08:00:00.000Z,USD,6.98,6.98,Usage,$0.25 per million read request units (Oregon),Amazon DynamoDB,Databases,us-west-2,69918885631,,,K6UMRY3TVDVCBP56,27920000,ReadRequestUnits
2024-09-26T08:00:00.000Z,2024-09-26T09:00:00.000Z,USD,14.36,14.36,Usage,$0.25 per million read request units (Oregon),Amazon DynamoDB,Databases,us-west-2,69918885631,,,K6UMRY3TVDVCBP56,57440000,ReadRequestUnits
2024-09-26T09:00:00.000Z,2024-09-26T10:00:00.000Z,USD,15.72,15.72,Usage,$0.25 per million read request units (Oregon),Amazon DynamoDB,Databases,us-west-2,69918885631,,,K6UMRY3TVDVCBP56,62880000,ReadRequestUnits
2024-09-26T10:00:00.000Z,2024-09-26T11:00:00.000Z,USD,8.11,8.11,Usage,$0.25 per million read request units (Oregon),Amazon DynamoDB,Databases,us-west-2,69918885631,,,K6UMRY3TVDVCBP56,32440000,ReadRequestUnits
2024-09-26T11:00:00.000Z,2024-09-26T12:00:00.000Z,USD,11.83,11.83,Usage,$0.25 per million read request units (Oregon),Amazon DynamoDB,Databases,us-west-2,69918885631,,,K6UMRY3TVDVCBP56,47320000,ReadRequestUnits
2024-09-26T12:00:00.000Z,2024-09-26T13:00:00.000Z,USD,17.3,17.3,Usage,$0.25 per million read request units (Oregon),Amazon DynamoDB,Databases,us-west-2,69918885631,,,K6UMRY3TVDVCBP56,69200000,ReadRequestUnits
2024-09-26T13:00:00.000Z,2024-09-26T14:00:00.000Z,USD,6.83,6.83,Usage,$0.25 per million read request units (Oregon),Amazon DynamoDB,Databases,us-west-2,69918885631,,,K6UMRY3TVDVCBP56,27320000,ReadRequestUnits
2024-09-26T14:00:00.000Z,2024-09-26T15:00:00.000Z,USD,14.42,14.42,Usage,$0.25 per million read request units (Oregon),Amazon DynamoDB,Databases,us-west-2,69918885631,,,K6UMRY3TVDVCBP56,57680000,ReadRequestUnits
2024-09-26T15:00:00.000Z,2024-09-26T16:00:00.000Z,USD,8.85,8.85,Usage,$0.25 per million read request units (Oregon),Amazon DynamoDB,Databases,us-west-2,69918885631,,,K6UMRY3TVDVCBP56,35400000,ReadRequestUnits
2024-09-26T16:00:00.000Z,2024-09-26T17:00:00.000Z,USD,10.97,10.97,Usage,$0.25 per million read request units (Oregon),Amazon DynamoDB,Databases,us-west-2,69918885631,,,K6UMRY3TVDVCBP56,43880000,ReadRequestUnits
2024-09-26T17:00:00.000Z,2024-09-26T18:00:00.000Z,USD,7.41,7.41,Usage,$0.25 per million read request units (Oregon),Amazon DynamoDB,Databases,us-west-2,69918885631,,,K6UMRY3TVDVCBP56,29640000,ReadRequestUnits
2024-09-26T18:00:00.000Z,2024-09-26T19:00:00.000Z,USD,17.33,17.33,Usage,$0.25 per million read request units (Oregon),Amazon DynamoDB,Databases,us-west-2,69918885631,,,K6UMRY3TVDVCBP56,69320000,ReadRequestUnits
2024-09-26T19:00:00.000Z,2024-09-26T20:00:00.000Z,USD,12.2,12.2,Usage,$0.25 per million read request units (Oregon),Amazon DynamoDB,Databases,us-west-2,69918885631,,,K6UMRY3TVDVCBP56,48800000,ReadRequestUnits
2024-09-26T20:00:00.000Z,2024-09-26T21:00:00.000Z,USD,6.84,6.84,Usage,$0.25 per million read request units (Oregon),Amazon DynamoDB,Databases,us-west-2,69918885631,,,K6UMRY3TVDVCBP56,27360000,ReadRequestUnits
2024-09-26T21:00:00.000Z,2024-09-26T22:00:00.000Z,USD,6.19,6.19,Usage,$0.25 per million read request units (Oregon),Amazon DynamoDB,Databases,us-west-2,69918885631,,,K6UMRY3TVDVCBP56,24760000,ReadRequestUnits
2024-09-26T22:00:00.000Z,2024-09-26T23:00:00.000Z,USD,3.23,3.23,Usage,$0.25 per million read request units (Oregon),Amazon DynamoDB,Databases,us-west-2,69918885631,,,K6UMRY3TVDVCBP56,12920000,ReadRequestUnits
2024-09-26T23:00:00.000Z,2024-09-27T00:00:00.000Z,USD,8.88,8.88,Usage,$0.25 per million read request units (Oregon),Amazon DynamoDB,Databases,us-west-2,69918885631,,,K6UMRY3TVDVCBP56,35520000,ReadRequestUnits
2024-09-27T00:00:00.000Z,2024-09-27T01:00:00.000Z,USD,7.21,7.21,Usage,$0.25 per million read request units (Oregon),Amazon DynamoDB,Databases,us-west-2,69918885631,,,K6UMRY3TVDVCBP56,28840000,ReadRequestUnits
2024-09-27T01:00:00.000Z,2024-09-27T02:00:00.000Z,USD,4.67,4.67,Usage,$0.25 per million read request units (Oregon),Amazon DynamoDB,Databases,us-west-2,69918885631,,,K6UMRY3TVDVCBP56,18680000,ReadRequestUnits
2024-09-27T02:00:00.000Z,2024-09-27T03:00:00.000Z,USD,3.98,3.98,Usage,$0.25 per million read request units (Oregon),Amazon DynamoDB,Databases,us-west-2,69918885631,,,K6UMRY3TVDVCBP56,15920000,ReadRequestUnits
2024-09-27T03:00:00.000Z,2024-09-27T04:00:00.000Z,USD,7.7,7.7,Usage,$0.25 per million read request units (Oregon),Amazon DynamoDB,Databases,us-west-2,69918885631,,,K6UMRY3TVDVCBP56,30800000,ReadRequestUnits
2024-09-27T04:00:00.000Z,2024-09-27T05:00:00.000Z,USD,6.39,6.39,Usage,$0.25 per million read request units (Oregon),Amazon DynamoDB,Databases,us-west-2,69918885631,,,K6UMRY3TVDVCBP56,25560000,ReadRequestUnits
2024-09-27T05:00:00.000Z,2024-09-27T06:00:00.000Z,USD,8.45,8.45,Usage,$0.25 per million read request units (Oregon),Amazon DynamoDB,Databases,us-west-2,69918885631,,,K6UMRY3TVDVCBP56,33800000,ReadRequestUnits
2024-09-27T06:00:00.000Z,2024-09-27T07:00:00.000Z,USD,7.74,7.74,Usage,$0.25 per million read request units (Oregon),Amazon DynamoDB,Databases,us-west-2,69918885631,,,K6UMRY3TVDVCBP56,30960000,ReadRequestUnits
2024-09-27T07:00:00.000Z,2024-09-27T08:00:00.000Z,USD,3.22,3.22,Usage,$0.25 per million read request units (Oregon),Amazon DynamoDB,Databases,us-west-2,69918885631,,,K6UMRY3TVDVCBP56,12880000,ReadRequestUnits
2024-09-27T08:00:00.000Z,2024-09-27T09:00:00.000Z,USD,6.54,6.54,Usage,$0.25 per million read request units (Oregon),Amazon DynamoDB,Databases,us-west-2,69918885631,,,K6UMRY3TVDVCBP56,26160000,ReadRequestUnits
2024-09-27T09:00:00.000Z,2024-09-27T10:00:00.000Z,USD,8.03,8.03,Usage,$0.25 per million read request units (Oregon),Amazon DynamoDB,Databases,us-west-2,69918885631,,,K6UMRY3TVDVCBP56,32120000,ReadRequestUnits
2024-09-27T10:00:00.000Z,2024-09-27T11:00:00.000Z,USD,13.11,13.11,Usage,$0.25 per million read request units (Oregon),Amazon DynamoDB,Databases,us-west-2,69918885631,,,K6UMRY3TVDVCBP56,52440000,ReadRequestUnits
2024-09-27T11:00:00.000Z,2024-09-27T12:00:00.000Z,USD,9.26,9.26,Usage,$0.25 per million read request units (Oregon),Amazon DynamoDB,Databases,us-west-2,69918885631,,,K6UMRY3TVDVCBP56,37040000,ReadRequestUnits
2024-09-27T12:00:00.000Z,2024-09-27T13:00:00.000Z,USD,8.47,8.47,Usage,$0.25 per million read request units (Oregon),Amazon DynamoDB,Databases,us-west-2,69918885631,,,K6UMRY3TVDVCBP56,33880000,ReadRequestUnits
2024-09-27T13:00:00.000Z,2024-09-27T14:00:00.000Z,USD,16.95,16.95,Usage,$0.25 per million read request units (Oregon),Amazon DynamoDB,Databases,us-west-2,69918885631,,,K6UMRY3TVDVCBP56,67800000,ReadRequestUnits
2024-09-27T14:00:00.000Z,2024-09-27T15:00:00.000Z,USD,10.05,10.05,Usage,$0.25 per million read request units (Oregon),Amazon DynamoDB,Databases,us-west-2,69918885631,,,K6UMRY3TVDVCBP56,40200000,ReadRequestUnits
2024-09-27T15:00:00.000Z,2024-09-27T16:00:00.000Z,USD,16.22,16.22,Usage,$0.25 per million read request units (Oregon),Amazon DynamoDB,Databases,us-west-2,69918885631,,,K6UMRY3TVDVCBP56,64880000,ReadRequestUnits
2024-09-27T16:00:00.000Z,2024-09-27T17:00:00.000Z,USD,8.63,8.63,Usage,$0.25 per million read request units (Oregon),Amazon DynamoDB,Databases,us-west-2,69918885631,,,K6UMRY3TVDVCBP56,34520000,ReadRequestUnits
2024-09-27T17:00:00.000Z,2024-09-27T18:00:00.000Z,USD,8.24,8.24,Usage,$0.25 per million read request units (Oregon),Amazon DynamoDB,Databases,us-west-2,69918885631,,,K6UMRY3TVDVCBP56,32960000,ReadRequestUnits
2024-09-27T18:00:00.000Z,2024-09-27T19:00:00.000Z,USD,10.39,10.39,Usage,$0.25 per million read request units (Oregon),Amazon DynamoDB,Databases,us-west-2,69918885631,,,K6UMRY3TVDVCBP56,41560000,ReadRequestUnits
2024-09-27T19:00:00.000Z,2024-09-27T20:00:00.000Z,USD,13.82,13.82,Usage,$0.25 per million read request units (Oregon),Amazon DynamoDB,Databases,us-west-2,69918885631,,,K6UMRY3TVDVCBP56,55280000,ReadRequestUnits
2024-09-27T20:00:00.000Z,2024-09-27T21:00:00.000Z,USD,4.09,4.09,Usage,$0.25 per million read request units (Oregon),Amazon DynamoDB,Databases,us-west-2,69918885631,,,K6UMRY3TVDVCBP56,16360000,ReadRequestUnits
2024-09-27T21:00:00.000Z,2024-09-27T22:00:00.000Z,USD,6.33,6.33,Usage,$0.25 per million read request units (Oregon),Amazon DynamoDB,Databases,us-west-2,69918885631,,,K6UMRY3TVDVCBP56,25320000,ReadRequestUnits
2024-09-27T22:00:00.000Z,2024-09-27T23:00:00.000Z,USD,9.44,9.44,Usage,$0.25 per million read request units (Oregon),Amazon DynamoDB,Databases,us-west-2,69918885631,,,K6UMRY3TVDVCBP56,37760000,ReadRequestUnits
2024-09-27T23:00:00.000Z,2024-09-28T00:00:00.000Z,USD,5.3,5.3,Usage,$0.25 per million read request units (Oregon),Amazon DynamoDB,Databases,us-west-2,69918885631,,,K6UMRY3TVDVCBP56,21200000,ReadRequestUnits
2024-09-28T00:00:00.000Z,2024-09-28T01:00:00.000Z,USD,3.41,3.41,Usage,$0.25 per million read request units (Oregon),Amazon DynamoDB,Databases,us-west-2,69918885631,,,K6UMRY3TVDVCBP56,13640000,ReadRequestUnits
2024-09-28T01:00:00.000Z,2024-09-28T02:00:00.000Z,USD,2.5,2.5,Usage,$0.25 per million read request units (Oregon),Amazon DynamoDB,Databases,us-west-2,69918885631,,,K6UMRY3TVDVCBP56,10000000,ReadRequestUnits
2024-09-28T02:00:00.000Z,2024-09-28T03:00:00.000Z,USD,2.59,2.59,Usage,$0.25 per million read request units (Oregon),Amazon DynamoDB,Databases,us-west-2,69918885631,,,K6UMRY3TVDVCBP56,10360000,ReadRequestUnits
2024-09-28T03:00:00.000Z,2024-09-28T04:00:00.000Z,USD,5.3,5.3,Usage,$0.25 per million read request units (Oregon),Amazon DynamoDB,Databases,us-west-2,69918885631,,,K6UMRY3TVDVCBP56,21200000,ReadRequestUnits
2024-09-28T04:00:00.000Z,2024-09-28T05:00:00.000Z,USD,4.16,4.16,Usage,$0.25 per million read request units (Oregon),Amazon DynamoDB,Databases,us-west-2,69918885631,,,K6UMRY3TVDVCBP56,16640000,ReadRequestUnits
2024-09-28T05:00:00.000Z,2024-09-28T06:00:00.000Z,USD,5.41,5.41,Usage,$0.25 per million read request units (Oregon),Amazon DynamoDB,Databases,us-west-2,69918885631,,,K6UMRY3TVDVCBP56,21640000,ReadRequestUnits
2024-09-28T06:00:00.000Z,2024-09-28T07:00:00.000Z,USD,5.75,5.75,Usage,$0.25 per million read request units (Oregon),Amazon DynamoDB,Databases,us-west-2,69918885631,,,K6UMRY3TVDVCBP56,23000000,ReadRequestUnits
2024-09-28T07:00:00.000Z,2024-09-28T08:00:00.000Z,USD,6.22,6.22,Usage,$0.25 per million read request units (Oregon),Amazon DynamoDB,Databases,us-west-2,69918885631,,,K6UMRY3TVDVCBP56,24880000,ReadRequestUnits
2024-09-28T08:00:00.000Z,2024-09-28T09:00:00.000Z,USD,4.64,4.64,Usage,$0.25 per million read request units (Oregon),Amazon DynamoDB,Databases,us-west-2,69918885631,,,K6UMRY3TVDVCBP56,18560000,ReadRequestUnits
2024-09-28T09:00:00.000Z,2024-09-28T10:00:00.000Z,USD,4.66,4.66,Usage,$0.25 per million read request units (Oregon),Amazon DynamoDB,Databases,us-west-2,69918885631,,,K6UMRY3TVDVCBP56,18640000,ReadRequestUnits
2024-09-28T10:00:00.000Z,2024-09-28T11:00:00.000Z,USD,4.71,4.71,Usage,$0.25 per million read request units (Oregon),Amazon DynamoDB,Databases,us-west-2,69918885631,,,K6UMRY3TVDVCBP56,18840000,ReadRequestUnits
2024-09-28T11:00:00.000Z,2024-09-28T12:00:00.000Z,USD,6.22,6.22,Usage,$0.25 per million read request units (Oregon),Amazon DynamoDB,Databases,us-west-2,69918885631,,,K6UMRY3TVDVCBP56,24880000,ReadRequestUnits
2024-09-28T12:00:00.000Z,2024-09-28T13:00:00.000Z,USD,4.57,4.57,Usage,$0.25 per million read request units (Oregon),Amazon DynamoDB,Databases,us-west-2,69918885631,,,K6UMRY3TVDVCBP56,18280000,ReadRequestUnits
2024-09-28T13:00:00.000Z,2024-09-28T14:00:00.000Z,USD,2.51,2.51,Usage,$0.25 per million read request units (Oregon),Amazon DynamoDB,Databases,us-west-2,69918885631,,,K6UMRY3TVDVCBP56,10040000,ReadRequestUnits
2024-09-28T14:00:00.000Z,2024-09-28T15:00:00.000Z,USD,6.73,6.73,Usage,$0.25 per million read request units (Oregon),Amazon DynamoDB,Databases,us-west-2,69918885631,,,K6UMRY3TVDVCBP56,26920000,ReadRequestUnits
2024-09-28T15:00:00.000Z,2024-09-28T16:00:00.000Z,USD,5.23,5.23,Usage,$0.25 per million read request units (Oregon),Amazon DynamoDB,Databases,us-west-2,69918885631,,,K6UMRY3TVDVCBP56,20920000,ReadRequestUnits
2024-09-28T16:00:00.000Z,2024-09-28T17:00:00.000Z,USD,4.2,4.2,Usage,$0.25 per million read request units (Oregon),Amazon DynamoDB,Databases,us-west-2,69918885631,,,K6UMRY3TVDVCBP56,16800000,ReadRequestUnits
2024-09-28T17:00:00.000Z,2024-09-28T18:00:00.000Z,USD,5.6,5.6,Usage,$0.25 per million read request units (Oregon),Amazon DynamoDB,Databases,us-west-2,69918885631,,,K6UMRY3TVDVCBP56,22400000,ReadRequestUnits
2024-09-28T18:00:00.000Z,2024-09-28T19:00:00.000Z,USD,2.72,2.72,Usage,$0.25 per million read request units (Oregon),Amazon DynamoDB,Databases,us-west-2,69918885631,,,K6UMRY3TVDVCBP56,10880000,ReadRequestUnits
2024-09-28T19:00:00.000Z,2024-09-28T20:00:00.000Z,USD,3.36,3.36,Usage,$0.25 per million read request units (Oregon),Amazon DynamoDB,Databases,us-west-2,69918885631,,,K6UMRY3TVDVCBP56,13440000,ReadRequestUnits
2024-09-28T20:00:00.000Z,2024-09-28T21:00:00.000Z,USD,2.31,2.31,Usage,$0.25 per million read request units (Oregon),Amazon DynamoDB,Databases,us-west-2,69918885631,,,K6UMRY3TVDVCBP56,9240000,ReadRequestUnits
2024-09-28T21:00:00.000Z,2024-09-28T22:00:00.000Z,USD,3.58,3.58,Usage,$0.25 per million read request units (Oregon),Amazon DynamoDB,Databases,us-west-2,69918885631,,,K6UMRY3TVDVCBP56,14320000,ReadRequestUnits
2024-09-28T22:00:00.000Z,2024-09-28T23:00:00.000Z,USD,4,4,Usage,$0.25 per million read request units (Oregon),Amazon DynamoDB,Databases,us-west-2,69918885631,,,K6UMRY3TVDVCBP56,16000000,ReadRequestUnits
2024-09-28T23:00:00.000Z,2024-09-29T00:00:00.000Z,USD,2.41,2.41,Usage,$0.25 per million read request units (Oregon),Amazon DynamoDB,Databases,us-west-2,69918885631,,,K6UMRY3TVDVCBP56,9640000,ReadRequestUnits
2024-09-01T00:00:00.000Z,2024-09-01T01:00:00.000Z,USD,2.87,2.87,Usage,AWS Lambda - Total Compute - US East (Northern Virginia)-Tier-1,AWS Lambda,Compute,us-east-1,31027794154,,,TG3M4CAGBA3NYQBH,172199.66,Seconds
2024-09-01T01:00:00.000Z,2024-09-01T02:00:00.000Z,USD,2.71,2.71,Usage,AWS Lambda - Total Compute - US East (Northern Virginia)-Tier-1,AWS Lambda,Compute,us-east-1,31027794154,,,TG3M4CAGBA3NYQBH,162599.67,Seconds
2024-09-01T02:00:00.000Z,2024-09-01T03:00:00.000Z,USD,2.92,2.92,Usage,AWS Lambda - Total Compute - US East (Northern Virginia)-Tier-1,AWS Lambda,Compute,us-east-1,31027794154,,,TG3M4CAGBA3NYQBH,175199.65,Seconds
2024-09-01T03:00:00.000Z,2024-09-01T04:00:00.000Z,USD,4.25,4.25,Usage,AWS Lambda - Total Compute - US East (Northern Virginia)-Tier-1,AWS Lambda,Compute,us-east-1,31027794154,,,TG3M4CAGBA3NYQBH,254999.49,Seconds
2024-09-01T04:00:00.000Z,2024-09-01T05:00:00.000Z,USD,2.77,2.77,Usage,AWS Lambda - Total Compute - US East (Northern Virginia)-Tier-1,AWS Lambda,Compute,us-east-1,31027794154,,,TG3M4CAGBA3NYQBH,166199.67,Seconds
2024-09-01T05:00:00.000Z,2024-09-01T06:00:00.000Z,USD,2.35,2.35,Usage,AWS Lambda - Total Compute - US East (Northern Virginia)-Tier-1,AWS Lambda,Compute,us-east-1,31027794154,,,TG3M4CAGBA3NYQBH,140999.72,Seconds
2024-09-01T06:00:00.000Z,2024-09-01T07:00:00.000Z,USD,1.73,1.73,Usage,AWS Lambda - Total Compute - US East (Northern Virginia)-Tier-1,AWS Lambda,Compute,us-east-1,31027794154,,,TG3M4CAGBA3NYQBH,103799.79,Seconds
2024-09-01T07:00:00.000Z,2024-09-01T08:00:00.000Z,USD,4.05,4.05,Usage,AWS Lambda - Total Compute - US East (Northern Virginia)-Tier-1,AWS Lambda,Compute,us-east-1,31027794154,,,TG3M4CAGBA3NYQBH,242999.51,Seconds
2024-09-01T08:00:00.000Z,2024-09-01T09:00:00.000Z,USD,3.66,3.66,Usage,AWS Lambda - Total Compute - US East (Northern Virginia)-Tier-1,AWS Lambda,Compute,us-east-1,31027794154,,,TG3M4CAGBA3NYQBH,219599.56,Seconds
2024-09-01T09:00:00.000Z,2024-09-01T10:00:00.000Z,USD,2.49,2.49,Usage,AWS Lambda - Total Compute - US East (Northern Virginia)-Tier-1,AWS Lambda,Compute,us-east-1,31027794154,,,TG3M4CAGBA3NYQBH,149399.7,Seconds
2024-09-01T10:00:00.000Z,2024-09-01T11:00:00.000Z,USD,3.45,3.45,Usage,AWS Lambda - Total Compute - US East (Northern Virginia)-Tier-1,AWS Lambda,Compute,us-east-1,31027794154,,,TG3M4CAGBA3NYQBH,206999.59,Seconds
2024-09-01T11:00:00.000Z,2024-09-01T12:00:00.000Z,USD,4.2,4.2,Usage,AWS Lambda - Total Compute - US East (Northern Virginia)-Tier-1,AWS Lambda,Compute,us-east-1,31027794154,,,TG3M4CAGBA3NYQBH,251999.5,Seconds
2024-09-01T12:00:00.000Z,2024-09-01T13:00:00.000Z,USD,2.49,2.49,Usage,AWS Lambda - Total Compute - US East (Northern Virginia)-Tier-1,AWS Lambda,Compute,us-east-1,31027794154,,,TG3M4CAGBA3NYQBH,149399.7,Seconds
2024-09-01T13:00:00.000Z,2024-09-01T14:00:00.000Z,USD,2.63,2.63,Usage,AWS Lambda - Total Compute - US East (Northern Virginia)-Tier-1,AWS Lambda,Compute,us-east-1,31027794154,,,TG3M4CAGBA3NYQBH,157799.68,Seconds
2024-09-01T14:00:00.000Z,2024-09-01T15:00:00.000Z,USD,3.22,3.22,Usage,AWS Lambda - Total Compute - US East (Northern Virginia)-Tier-1,AWS Lambda,Compute,us-east-1,31027794154,,,TG3M4CAGBA3NYQBH,193199.61,Seconds
2024-09-01T15:00:00.000Z,2024-09-01T16:00:00.000Z,USD,2.8,2.8,Usage,AWS Lambda - Total Compute - US East (Northern Virginia)-Tier-1,AWS Lambda,Compute,us-east-1,31027794154,,,TG3M4CAGBA3NYQBH,167999.66,Seconds
2024-09-01T16:00:00.000Z,2024-09-01T17:00:00.000Z,USD,3.04,3.04,Usage,AWS Lambda - Total Compute - US East (Northern Virginia)-Tier-1,AWS Lambda,Compute,us-east-1,31027794154,,,TG3M4CAGBA3NYQBH,182399.64,Seconds
2024-09-01T17:00:00.000Z,2024-09-01T18:00:00.000Z,USD,3.12,3.12,Usage,AWS Lambda - Total Compute - US East (Northern Virginia)-Tier-1,AWS Lambda,Compute,us-east-1,31027794154,,,TG3M4CAGBA3NYQBH,187199.63,Seconds
2024-09-01T18:00:00.000Z,2024-09-01T19:00:00.000Z,USD,2.56,2.56,Usage,AWS Lambda - Total Compute - US East (Northern Virginia)-Tier-1,AWS Lambda,Compute,us-east-1,31027794154,,,TG3M4CAGBA3NYQBH,153599.69,Seconds
2024-09-01T19:00:00.000Z,2024-09-01T20:00:00.000Z,USD,2.9,2.9,Usage,AWS Lambda - Total Compute - US East (Northern Virginia)-Tier-1,AWS Lambda,Compute,us-east-1,31027794154,,,TG3M4CAGBA3NYQBH,173999.65,Seconds
2024-09-01T20:00:00.000Z,2024-09-01T21:00:00.000Z,USD,2.4,2.4,Usage,AWS Lambda - Total Compute - US East (Northern Virginia)-Tier-1,AWS Lambda,Compute,us-east-1,31027794154,,,TG3M4CAGBA3NYQBH,143999.71,Seconds
2024-09-01T21:00:00.000Z,2024-09-01T22:00:00.000Z,USD,4.14,4.14,Usage,AWS Lambda - Total Compute - US East (Northern Virginia)-Tier-1,AWS Lambda,Compute,us-east-1,31027794154,,,TG3M4CAGBA3NYQBH,248399.5,Seconds
2024-09-01T22:00:00.000Z,2024-09-01T23:00:00.000Z,USD,3.13,3.13,Usage,AWS Lambda - Total Compute - US East (Northern Virginia)-Tier-1,AWS Lambda,Compute,us-east-1,31027794154,,,TG3M4CAGBA3NYQBH,187799.62,Seconds
2024-09-01T23:00:00.000Z,2024-09-02T00:00:00.000Z,USD,2.06,2.06,Usage,AWS Lambda - Total Compute - US East (Northern Virginia)-Tier-1,AWS Lambda,Compute,us-east-1,31027794154,,,TG3M4CAGBA3NYQBH,123599.75,Seconds
2024-09-02T00:00:00.000Z,2024-09-02T01:00:00.000Z,USD,5.25,5.25,Usage,AWS Lambda - Total Compute - US East (Northern Virginia)-Tier-1,AWS Lambda,Compute,us-east-1,31027794154,,,TG3M4CAGBA3NYQBH,314999.37,Seconds
2024-09-02T01:00:00.000Z,2024-09-02T02:00:00.000Z,USD,3.47,3.47,Usage,AWS Lambda - Total Compute - US East (Northern Virginia)-Tier-1,AWS Lambda,Compute,us-east-1,31027794154,,,TG3M4CAGBA3NYQBH,208199.58,Seconds
2024-09-02T02:00:00.000Z,2024-09-02T03:00:00.000Z,USD,4.9,4.9,Usage,AWS Lambda - Total Compute - US East (Northern Virginia)-Tier-1,AWS Lambda,Compute,us-east-1,31027794154,,,TG3M4CAGBA3NYQBH,293999.41,Seconds
2024-09-02T03:00:00.000Z,2024-09-02T04:00:00.000Z,USD,5.44,5.44,Usage,AWS Lambda - Total Compute - US East (Northern Virginia)-Tier-1,AWS Lambda,Compute,us-east-1,31027794154,,,TG3M4CAGBA3NYQBH,326399.35,Seconds
2024-09-02T04:00:00.000Z,2024-09-02T05:00:00.000Z,USD,2.91,2.91,Usage,AWS Lambda - Total Compute - US East (Northern Virginia)-Tier-1,AWS Lambda,Compute,us-east-1,31027794154,,,TG3M4CAGBA3NYQBH,174599.65,Seconds
2024-09-02T05:00:00.000Z,2024-09-02T06:00:00.000Z,USD,2.23,2.23,Usage,AWS Lambda - Total Compute - US East (Northern Virginia)-Tier-1,AWS Lambda,Compute,us-east-1,31027794154,,,TG3M4CAGBA3NYQBH,133799.73,Seconds
2024-09-02T06:00:00.000Z,2024-09-02T07:00:00.000Z,USD,4.4,4.4,Usage,AWS Lambda - Total Compute - US East (Northern Virginia)-Tier-1,AWS Lambda,Compute,us-east-1,31027794154,,,TG3M4CAGBA3NYQBH,263999.47,Seconds
2024-09-02T07:00:00.000Z,2024-09-02T08:00:00.000Z,USD,4.17,4.17,Usage,AWS Lambda - Total Compute - US East (Northern Virginia)-Tier-1,AWS Lambda,Compute,us-east-1,31027794154,,,TG3M4CAGBA3NYQBH,250199.5,Seconds
2024-09-02T08:00:00.000Z,2024-09-02T09:00:00.000Z,USD,6.44,6.44,Usage,AWS Lambda - Total Compute - US East (Northern Virginia)-Tier-1,AWS Lambda,Compute,us-east-1,31027794154,,,TG3M4CAGBA3NYQBH,386399.23,Seconds
2024-09-02T09:00:00.000Z,2024-09-02T10:00:00.000Z,USD,8.57,8.57,Usage,AWS Lambda - Total Compute - US East (Northern Virginia)-Tier-1,AWS Lambda,Compute,us-east-1,31027794154,,,TG3M4CAGBA3NYQBH,514198.97,Seconds
2024-09-02T10:00:00.000Z,2024-09-02T11:00:00.000Z,USD,10.37,10.37,Usage,AWS Lambda - Total Compute - US East (Northern Virginia)-Tier-1,AWS Lambda,Compute,us-east-1,31027794154,,,TG3M4CAGBA3NYQBH,622198.76,Seconds
2024-09-02T11:00:00.000Z,2024-09-02T12:00:00.000Z,USD,7.39,7.39,Usage,AWS Lambda - Total Compute - US East (Northern Virginia)-Tier-1,AWS Lambda,Compute,us-east-1,31027794154,,,TG3M4CAGBA3NYQBH,443399.11,Seconds
2024-09-02T12:00:00.000Z,2024-09-02T13:00:00.000Z,USD,4.16,4.16,Usage,AWS Lambda - Total Compute - US East (Northern Virginia)-Tier-1,AWS Lambda,Compute,us-east-1,31027794154,,,TG3M4CAGBA3NYQBH,249599.5,Seconds
2024-09-02T13:00:00.000Z,2024-09-02T14:00:00.000Z,USD,6.25,6.25,Usage,AWS Lambda - Total Compute - US East (Northern Virginia)-Tier-1,AWS Lambda,Compute,us-east-1,31027794154,,,TG3M4CAGBA3NYQBH,374999.25,Seconds
2024-09-02T14:00:00.000Z,2024-09-02T15:00:00.000Z,USD,6.16,6.16,Usage,AWS Lambda - Total Compute - US East (Northern Virginia)-Tier-1,AWS Lambda,Compute,us-east-1,31027794154,,,TG3M4CAGBA3NYQBH,369599.26,Seconds
2024-09-02T15:00:00.000Z,2024-09-02T16:00:00.000Z,USD,6.11,6.11,Usage,AWS Lambda - Total Compute - US East (Northern Virginia)-Tier-1,AWS Lambda,Compute,us-east-1,31027794154,,,TG3M4CAGBA3NYQBH,366599.27,Seconds
2024-09-02T16:00:00.000Z,2024-09-02T17:00:00.000Z,USD,5.24,5.24,Usage,AWS Lambda - Total Compute - US East (Northern Virginia)-Tier-1,AWS Lambda,Compute,us-east-1,31027794154,,,TG3M4CAGBA3NYQBH,314399.37,Seconds
2024-09-02T17:00:00.000Z,2024-09-02T18:00:00.000Z,USD,9.75,9.75,Usage,AWS Lambda - Total Compute - US East (Northern Virginia)-Tier-1,AWS Lambda,Compute,us-east-1,31027794154,,,TG3M4CAGBA3NYQBH,584998.83,Seconds
2024-09-02T18:00:00.000Z,2024-09-02T19:00:00.000Z,USD,7.32,7.32,Usage,AWS Lambda - Total Compute - US East (Northern Virginia)-Tier-1,AWS Lambda,Compute,us-east-1,31027794154,,,TG3M4CAGBA3NYQBH,439199.12,Seconds
2024-09-02T19:00:00.000Z,2024-09-02T20:00:00.000Z,USD,7.37,7.37,Usage,AWS Lambda - Total Compute - US East (Northern Virginia)-Tier-1,AWS Lambda,Compute,us-east-1,31027794154,,,TG3M4CAGBA3NYQBH,442199.12,Seconds
2024-09-02T20:00:00.000Z,2024-09-02T21:00:00.000Z,USD,6.2,6.2,Usage,AWS Lambda - Total Compute - US East (Northern Virginia)-Tier-1,AWS Lambda,Compute,us-east-1,31027794154,,,TG3M4CAGBA3NYQBH,371999.26,Seconds
2024-09-02T21:00:00.000Z,2024-09-02T22:00:00.000Z,USD,6.05,6.05,Usage,AWS Lambda - Total Compute - US East (Northern Virginia)-Tier-1,AWS Lambda,Compute,us-east-1,31027794154,,,TG3M4CAGBA3NYQBH,362999.27,Seconds
2024-09-02T22:00:00.000Z,2024-09-02T23:00:00.000Z,USD,2.66,2.66,Usage,AWS Lambda - Total Compute - US East (Northern Virginia)-Tier-1,AWS Lambda,Compute,us-east-1,31027794154,,,TG3M4CAGBA3NYQBH,159599.68,Seconds
2024-09-02T23:00:00.000Z,2024-09-03T00:00:00.000Z,USD,3.75,3.75,Usage,AWS Lambda - Total Compute - US East (Northern Virginia)-Tier-1,AWS Lambda,Compute,us-east-1,31027794154,,,TG3M4CAGBA3NYQBH,224999.55,Seconds
2024-09-03T00:00:00.000Z,2024-09-03T01:00:00.000Z,USD,2.92,2.92,Usage,AWS Lambda - Total Compute - US East (Northern Virginia)-Tier-1,AWS Lambda,Compute,us-east-1,31027794154,,,TG3M4CAGBA3NYQBH,175199.65,Seconds
2024-09-03T01:00:00.000Z,2024-09-03T02:00:00.000Z,USD,5.59,5.59,Usage,AWS Lambda - Total Compute - US East (Northern Virginia)-Tier-1,AWS Lambda,Compute,us-east-1,31027794154,,,TG3M4CAGBA3NYQBH,335399.33,Seconds
2024-09-03T02:00:00.000Z,2024-09-03T03:00:00.000Z,USD,2.2,2.2,Usage,AWS Lambda - Total Compute - US East (Northern Virginia)-Tier-1,AWS Lambda,Compute,us-east-1,31027794154,,,TG3M4CAGBA3NYQBH,131999.74,Seconds
2024-09-03T03:00:00.000Z,2024-09-03T04:00:00.000Z,USD,4.04,4.04,Usage,AWS Lambda - Total Compute - US East (Northern Virginia)-Tier-1,AWS Lambda,Compute,us-east-1,31027794154,,,TG3M4CAGBA3NYQBH,242399.52,Seconds
2024-09-03T04:00:00.000Z,2024-09-03T05:00:00.000Z,USD,6.26,6.26,Usage,AWS Lambda - Total Compute - US East (Northern Virginia)-Tier-1,AWS Lambda,Compute,us-east-1,31027794154,,,TG3M4CAGBA3NYQBH,375599.25,Seconds
2024-09-03T05:00:00.000Z,2024-09-03T06:00:00.000Z,USD,2.77,2.77,Usage,AWS Lambda - Total Compute - US East (Northern Virginia)-Tier-1,AWS Lambda,Compute,us-east-1,31027794154,,,TG3M4CAGBA3NYQBH,166199.67,Seconds
2024-09-03T06:00:00.000Z,2024-09-03T07:00:00.000Z,USD,3.1,3.1,Usage,AWS Lambda - Total Compute - US East (Northern Virginia)-Tier-1,AWS Lambda,Compute,us-east-1,31027794154,,,TG3M4CAGBA3NYQBH,185999.63,Seconds
2024-09-03T07:00:00.000Z,2024-09-03T08:00:00.000Z,USD,5.43,5.43,Usage,AWS Lambda - Total Compute - US East (Northern Virginia)-Tier-1,AWS Lambda,Compute,us-east-1,31027794154,,,TG3M4CAGBA3NYQBH,325799.35,Seconds
2024-09-03T08:00:00.000Z,2024-09-03T09:00:00.000Z,USD,8.49,8.49,Usage,AWS Lambda - Total Compute - US East (Northern Virginia)-Tier-1,AWS Lambda,Compute,us-east-1,31027794154,,,TG3M4CAGBA3NYQBH,509398.98,Seconds
2024-09-03T09:00:00.000Z,2024-09-03T10:00:00.000Z,USD,8.66,8.66,Usage,AWS Lambda - Total Compute - US East (Northern Virginia)-Tier-1,AWS Lambda,Compute,us-east-1,31027794154,,,TG3M4CAGBA3NYQBH,519598.96,Seconds
2024-09-03T10:00:00.000Z,2024-09-03T11:00:00.000Z,USD,11.36,11.36,Usage,AWS Lambda - Total Compute - US East (Northern Virginia)-Tier-1,AWS Lambda,Compute,us-east-1,31027794154,,,TG3M4CAGBA3NYQBH,681598.64,Seconds
2024-09-03T11:00:00.000Z,2024-09-03T12:00:00.000Z,USD,5.86,5.86,Usage,AWS Lambda - Total Compute - US East (Northern Virginia)-Tier-1,AWS Lambda,Compute,us-east-1,31027794154,,,TG3M4CAGBA3NYQBH,351599.3,Seconds
2024-09-03T12:00:00.000Z,2024-09-03T13:00:00.000Z,USD,7.13,7.13,Usage,AWS Lambda - Total Compute - US East (Northern Virginia)-Tier-1,AWS Lambda,Compute,us-east-1,31027794154,,,TG3M4CAGBA3NYQBH,427799.14,Seconds
2024-09-03T13:00:00.000Z,2024-09-03T14:00:00.000Z,USD,9.9,9.9,Usage,AWS Lambda - Total Compute - US East (Northern Virginia)-Tier-1,AWS Lambda,Compute,us-east-1,31027794154,,,TG3M4CAGBA3NYQBH,593998.81,Seconds
2024-09-03T14:00:00.000Z,2024-09-03T15:00:00.000Z,USD,6.62,6.62,Usage,AWS Lambda - Total Compute - US East (Northern Virginia)-Tier-1,AWS Lambda,Compute,us-east-1,31027794154,,,TG3M4CAGBA3NYQBH,397199.21,Seconds
2024-09-03T15:00:00.000Z,2024-09-03T16:00:00.000Z,USD,11.3,11.3,Usage,AWS Lambda - Total Compute - US East (Northern Virginia)-Tier-1,AWS Lambda,Compute,us-east-1,31027794154,,,TG3M4CAGBA3NYQBH,677998.64,Seconds
2024-09-03T16:00:00.000Z,2024-09-03T17:00:00.000Z,USD,7.83,7.83,Usage,AWS Lambda - Total Compute - US East (Northern Virginia)-Tier-1,AWS Lambda,Compute,us-east-1,31027794154,,,TG3M4CAGBA3NYQBH,469799.06,Seconds
2024-09-03T17:00:00.000Z,2024-09-03T18:00:00.000Z,USD,3.99,3.99,Usage,AWS Lambda - Total Compute - US East (Northern Virginia)-Tier-1,AWS Lambda,Compute,us-east-1,31027794154,,,TG3M4CAGBA3NYQBH,239399.52,Seconds
2024-09-03T18:00:00.000Z,2024-09-03T19:00:00.000Z,USD,8.21,8.21,Usage,AWS Lambda - Total Compute - US East (Northern Virginia)-Tier-1,AWS Lambda,Compute,us-east-1,31027794154,,,TG3M4CAGBA3NYQBH,492599.01,Seconds
2024-09-03T19:00:00.000Z,2024-09-03T20:00:00.000Z,USD,5.37,5.37,Usage,AWS Lambda - Total Compute - US East (Northern Virginia)-Tier-1,AWS Lambda,Compute,us-east-1,31027794154,,,TG3M4CAGBA3NYQBH,322199.36,Seconds
2024-09-03T20:00:00.000Z,2024-09-03T21:00:00.000Z,USD,5.31,5.31,Usage,AWS Lambda - Total Compute - US East (Northern Virginia)-Tier-1,AWS Lambda,Compute,us-east-1,31027794154,,,TG3M4CAGBA3NYQBH,318599.36,Seconds
2024-09-03T21:00:00.000Z,2024-09-03T22:00:00.000Z,USD,3.33,3.33,Usage,AWS Lambda - Total Compute - US East (Northern Virginia)-Tier-1,AWS Lambda,Compute,us-east-1,31027794154,,,TG3M4CAGBA3NYQBH,199799.6,Seconds
2024-09-03T22:00:00.000Z,2024-09-03T23:00:00.000Z,USD,3.58,3.58,Usage,AWS Lambda - Total Compute - US East (Northern Virginia)-Tier-1,AWS Lambda,Compute,us-east-1,31027794154,,,TG3M4CAGBA3NYQBH,214799.57,Seconds
2024-09-03T23:00:00.000Z,2024-09-04T00:00:00.000Z,USD,3.28,3.28,Usage,AWS Lambda - Total Compute - US East (Northern Virginia)-Tier-1,AWS Lambda,Compute,us-east-1,31027794154,,,TG3M4CAGBA3NYQBH,196799.61,Seconds
2024-09-04T00:00:00.000Z,2024-09-04T01:00:00.000Z,USD,5.72,5.72,Usage,AWS Lambda - Total Compute - US East (Northern Virginia)-Tier-1,AWS Lambda,Compute,us-east-1,31027794154,,,TG3M4CAGBA3NYQBH,343199.31,Seconds
2024-09-04T01:00:00.000Z,2024-09-04T02:00:00.000Z,USD,3.7,3.7,Usage,AWS Lambda - Total Compute - US East (Northern Virginia)-Tier-1,AWS Lambda,Compute,us-east-1,31027794154,,,TG3M4CAGBA3NYQBH,221999.56,Seconds
2024-09-04T02:00:00.000Z,2024-09-04T03:00:00.000Z,USD,4.41,4.41,Usage,AWS Lambda - Total Compute - US East (Northern Virginia)-Tier-1,AWS Lambda,Compute,us-east-1,31027794154,,,TG3M4CAGBA3NYQBH,264599.47,Seconds
2024-09-04T03:00:00.000Z,2024-09-04T04:00:00.000Z,USD,4.96,4.96,Usage,AWS Lambda - Total Compute - US East (Northern Virginia)-Tier-1,AWS Lambda,Compute,us-east-1,31027794154,,,TG3M4CAGBA3NYQBH,297599.4,Seconds
2024-09-04T04:00:00.000Z,2024-09-04T05:00:00.000Z,USD,3.17,3.17,Usage,AWS Lambda - Total Compute - US East (Northern Virginia)-Tier-1,AWS Lambda,Compute,us-east-1,31027794154,,,TG3M4CAGBA3NYQBH,190199.62,Seconds
2024-09-04T05:00:00.000Z,2024-09-04T06:00:00.000Z,USD,6.07,6.07,Usage,AWS Lambda - Total Compute - US East (Northern Virginia)-Tier-1,AWS Lambda,Compute,us-east-1,31027794154,,,TG3M4CAGBA3NYQBH,364199.27,Seconds
2024-09-04T06:00:00.000Z,2024-09-04T07:00:00.000Z,USD,5.17,5.17,Usage,AWS Lambda - Total Compute - US East (Northern Virginia)-Tier-1,AWS Lambda,Compute,us-east-1,31027794154,,,TG3M4CAGBA3NYQBH,310199.38,Seconds
2024-09-04T07:00:00.000Z,2024-09-04T08:00:00.000Z,USD,4.18,4.18,Usage,AWS Lambda - Total Compute - US East (Northern Virginia)-Tier-1,AWS Lambda,Compute,us-east-1,31027794154,,,TG3M4CAGBA3NYQBH,250799.5,Seconds
2024-09-04T08:00:00.000Z,2024-09-04T09:00:00.000Z,USD,8.88,8.88,Usage,AWS Lambda - Total Compute - US East (Northern Virginia)-Tier-1,AWS Lambda,Compute,us-east-1,31027794154,,,TG3M4CAGBA3NYQBH,532798.93,Seconds
2024-09-04T09:00:00.000Z,2024-09-04T10:00:00.000Z,USD,10.34,10.34,Usage,AWS Lambda - Total Compute - US East (Northern Virginia)-Tier-1,AWS Lambda,Compute,us-east-1,31027794154,,,TG3M4CAGBA3NYQBH,620398.76,Seconds
2024-09-04T10:00:00.000Z,2024-09-04T11:00:00.000Z,USD,10.94,10.94,Usage,AWS Lambda - Total Compute - US East (Northern Virginia)-Tier-1,AWS Lambda,Compute,us-east-1,31027794154,,,TG3M4CAGBA3NYQBH,656398.69,Seconds
2024-09-04T11:00:00.000Z,2024-09-04T12:00:00.000Z,USD,7.11,7.11,Usage,AWS Lambda - Total Compute - US East (Northern Virginia)-Tier-1,AWS Lambda,Compute,us-east-1,31027794154,,,TG3M4CAGBA3NYQBH,426599.15,Seconds
2024-09-04T12:00:00.000Z,2024-09-04T13:00:00.000Z,USD,10.32,10.32,Usage,AWS Lambda - Total Compute - US East (Northern Virginia)-Tier-1,AWS Lambda,Compute,us-east-1,31027794154,,,TG3M4CAGBA3NYQBH,619198.76,Seconds
2024-09-04T13:00:00.000Z,2024-09-04T14:00:00.000Z,USD,8.12,8.12,Usage,AWS Lambda - Total Compute - US East (Northern Virginia)-Tier-1,AWS Lambda,Compute,us-east-1,31027794154,,,TG3M4CAGBA3NYQBH,487199.03,Seconds
2024-09-04T14:00:00.000Z,2024-09-04T15:00:00.000Z,USD,7.87,7.87,Usage,AWS Lambda - Total Compute - US East (Northern Virginia)-Tier-1,AWS Lambda,Compute,us-east-1,31027794154,,,TG3M4CAGBA3NYQBH,472199.06,Seconds
2024-09-04T15:00:00.000Z,2024-09-04T16:00:00.000Z,USD,9.6,9.6,Usage,AWS Lambda - Total Compute - US East (Northern Virginia)-Tier-1,AWS Lambda,Compute,us-east-1,31027794154,,,TG3M4CAGBA3NYQBH,575998.85,Seconds
2024-09-04T16:00:00.000Z,2024-09-04T17:00:00.000Z,USD,4.17,4.17,Usage,AWS Lambda - Total Compute - US East (Northern Virginia)-Tier-1,AWS Lambda,Compute,us-east-1,31027794154,,,TG3M4CAGBA3NYQBH,250199.5,Seconds
2024-09-04T17:00:00.000Z,2024-09-04T18:00:00.000Z,USD,4.2,4.2,Usage,AWS Lambda - Total Compute - US East (Northern Virginia)-Tier-1,AWS Lambda,Compute,us-east-1,31027794154,,,TG3M4CAGBA3NYQBH,251999.5,Seconds
2024-09-04T18:00:00.000Z,2024-09-04T19:00:00.000Z,USD,7.08,7.08,Usage,AWS Lambda - Total Compute - US East (Northern Virginia)-Tier-1,AWS Lambda,Compute,us-east-1,31027794154,,,TG3M4CAGBA3NYQBH,424799.15,Seconds
2024-09-04T19:00:00.000Z,2024-09-04T20:00:00.000Z,USD,10.41,10.41,Usage,AWS Lambda - Total Compute - US East (Northern Virginia)-Tier-1,AWS Lambda,Compute,us-east-1,31027794154,,,TG3M4CAGBA3NYQBH,624598.75,Seconds
2024-09-04T20:00:00.000Z,2024-09-04T21:00:00.000Z,USD,2.1,2.1,Usage,AWS Lambda - Total Compute - US East (Northern Virginia)-Tier-1,AWS Lambda,Compute,us-east-1,31027794154,,,TG3M4CAGBA3NYQBH,125999.75,Seconds
2024-09-04T21:00:00.000Z,2024-09-04T22:00:00.000Z,USD,3.39,3.39,Usage,AWS Lambda - Total Compute - US East (Northern Virginia)-Tier-1,AWS Lambda,Compute,us-east-1,31027794154,,,TG3M4CAGBA3NYQBH,203399.59,Seconds
2024-09-04T22:00:00.000Z,2024-09-04T23:00:00.000Z,USD,5.96,5.96,Usage,AWS Lambda - Total Compute - US East (Northern Virginia)-Tier-1,AWS Lambda,Compute,us-east-1,31027794154,,,TG3M4CAGBA3NYQBH,357599.28,Seconds
2024-09-04T23:00:00.000Z,2024-09-05T00:00:00.000Z,USD,3.03,3.03,Usage,AWS Lambda - Total Compute - US East (Northern Virginia)-Tier-1,AWS Lambda,Compute,us-east-1,31027794154,,,TG3M4CAGBA3NYQBH,181799.64,Seconds
2024-09-05T00:00:00.000Z,2024-09-05T01:00:00.000Z,USD,2.68,2.68,Usage,AWS Lambda - Total Compute - US East (Northern Virginia)-Tier-1,AWS Lambda,Compute,us-east-1,31027794154,,,TG3M4CAGBA3NYQBH,160799.68,Seconds
2024-09-05T01:00:00.000Z,2024-09-05T02:00:00.000Z,USD,2.22,2.22,Usage,AWS Lambda - Total Compute - US East (Northern Virginia)-Tier-1,AWS Lambda,Compute,us-east-1,31027794154,,,TG3M4CAGBA3NYQBH,133199.73,Seconds
2024-09-05T02:00:00.000Z,2024-09-05T03:00:00.000Z,USD,3.19,3.19,Usage,AWS Lambda - Total Compute - US East (Northern Virginia)-Tier-1,AWS Lambda,Compute,us-east-1,31027794154,,,TG3M4CAGBA3NYQBH,191399.62,Seconds
2024-09-05T03:00:00.000Z,2024-09-05T04:00:00.000Z,USD,2.88,2.88,Usage,AWS Lambda - Total Compute - US East (Northern Virginia)-Tier-1,AWS Lambda,Compute,us-east-1,31027794154,,,TG3M4CAGBA3NYQBH,172799.65,Seconds
2024-09-05T04:00:00.000Z,2024-09-05T05:00:00.000Z,USD,6.22,6.22,Usage,AWS Lambda - Total Compute - US East (Northern Virginia)-Tier-1,AWS Lambda,Compute,us-east-1,31027794154,,,TG3M4CAGBA3NYQBH,373199.25,Seconds
2024-09-05T05:00:00.000Z,2024-09-05T06:00:00.000Z,USD,5.78,5.78,Usage,AWS Lambda - Total Compute - US East (Northern Virginia)-Tier-1,AWS Lambda,Compute,us-east-1,31027794154,,,TG3M4CAGBA3NYQBH,346799.31,Seconds
2024-09-05T06:00:00.000Z,2024-09-05T07:00:00.000Z,USD,3.36,3.36,Usage,AWS Lambda - Total Compute - US East (Northern Virginia)-Tier-1,AWS Lambda,Compute,us-east-1,31027794154,,,TG3M4CAGBA3NYQBH,201599.6,Seconds
2024-09-05T07:00:00.000Z,2024-09-05T08:00:00.000Z,USD,3.6,3.6,Usage,AWS Lambda - Total Compute - US East (Northern Virginia)-Tier-1,AWS Lambda,Compute,us-east-1,31027794154,,,TG3M4CAGBA3NYQBH,215999.57,Seconds
2024-09-05T08:00:00.000Z,2024-09-05T09:00:00.000Z,USD,11.24,11.24,Usage,AWS Lambda - Total Compute - US East (Northern Virginia)-Tier-1,AWS Lambda,Compute,us-east-1,31027794154,,,TG3M4CAGBA3NYQBH,674398.65,Seconds
2024-09-05T09:00:00.000Z,2024-09-05T10:00:00.000Z,USD,5.98,5.98,Usage,AWS Lambda - Total Compute - US East (Northern Virginia)-Tier-1,AWS Lambda,Compute,us-east-1,31027794154,,,TG3M4CAGBA3NYQBH,358799.28,Seconds
2024-09-05T10:00:00.000Z,2024-09-05T11:00:00.000Z,USD,10.66,10.66,Usage,AWS Lambda - Total Compute - US East (Northern Virginia)-Tier-1,AWS Lambda,Compute,us-east-1,31027794154,,,TG3M4CAGBA3NYQBH,639598.72,Seconds
2024-09-05T11:00:00.000Z,2024-09-05T12:00:00.000Z,USD,6.45,6.45,Usage,AWS Lambda - Total Compute - US East (Northern Virginia)-Tier-1,AWS Lambda,Compute,us-east-1,31027794154,,,TG3M4CAGBA3NYQBH,386999.23,Seconds
2024-09-05T12:00:00.000Z,2024-09-05T13:00:00.000Z,USD,7.37,7.37,Usage,AWS Lambda - Total Compute - US East (Northern Virginia)-Tier-1,AWS Lambda,Compute,us-east-1,31027794154,,,TG3M4CAGBA3NYQBH,442199.12,Seconds
2024-09-05T13:00:00.000Z,2024-09-05T14:00:00.000Z,USD,10.96,10.96,Usage,AWS Lambda - Total Compute - US East (Northern Virginia)-Tier-1,AWS Lambda,Compute,us-east-1,31027794154,,,TG3M4CAGBA3NYQBH,657598.68,Seconds
2024-09-05T14:00:00.000Z,2024-09-05T15:00:00.000Z,USD,11.51,11.51,Usage,AWS Lambda - Total Compute - US East (Northern Virginia)-Tier-1,AWS Lambda,Compute,us-east-1,31027794154,,,TG3M4CAGBA3NYQBH,690598.62,Seconds
2024-09-05T15:00:00.000Z,2024-09-05T16:00:00.000Z,USD,4.26,4.26,Usage,AWS Lambda - Total Compute - US East (Northern Virginia)-Tier-1,AWS Lambda,Compute,us-east-1,31027794154,,,TG3M4CAGBA3NYQBH,255599.49,Seconds
2024-09-05T16:00:00.000Z,2024-09-05T17:00:00.000Z,USD,11.61,11.61,Usage,AWS Lambda - Total Compute - US East (Northern Virginia)-Tier-1,AWS Lambda,Compute,us-east-1,31027794154,,,TG3M4CAGBA3NYQBH,696598.61,Seconds
2024-09-05T17:00:00.000Z,2024-09-05T18:00:00.000Z,USD,8.79,8.79,Usage,AWS Lambda - Total Compute - US East (Northern Virginia)-Tier-1,AWS Lambda,Compute,us-east-1,31027794154,,,TG3M4CAGBA3NYQBH,527398.95,Seconds
2024-09-05T18:00:00.000Z,2024-09-05T19:00:00.000Z,USD,7.64,7.64,Usage,AWS Lambda - Total Compute - US East (Northern Virginia)-Tier-1,AWS Lambda,Compute,us-east-1,31027794154,,,TG3M4CAGBA3NYQBH,458399.08,Seconds
2024-09-05T19:00:00.000Z,2024-09-05T20:00:00.000Z,USD,9.54,9.54,Usage,AWS Lambda - Total Compute - US East (Northern Virginia)-Tier-1,AWS Lambda,Compute,us-east-1,31027794154,,,TG3M4CAGBA3NYQBH,572398.86,Seconds
2024-09-05T20:00:00.000Z,2024-09-05T21:00:00.000Z,USD,5.18,5.18,Usage,AWS Lambda - Total Compute - US East (Northern Virginia)-Tier-1,AWS Lambda,Compute,us-east-1,31027794154,,,TG3M4CAGBA3NYQBH,310799.38,Seconds
2024-09-05T21:00:00.000Z,2024-09-05T22:00:00.000Z,USD,2.23,2.23,Usage,AWS Lambda - Total Compute - US East (Northern Virginia)-Tier-1,AWS Lambda,Compute,us-east-1,31027794154,,,TG3M4CAGBA3NYQBH,133799.73,Seconds
2024-09-05T22:00:00.000Z,2024-09-05T23:00:00.000Z,USD,5.46,5.46,Usage,AWS Lambda - Total Compute - US East (Northern Virginia)-Tier-1,AWS Lambda,Compute,us-east-1,31027794154,,,TG3M4CAGBA3NYQBH,327599.34,Seconds
2024-09-05T23:00:00.000Z,2024-09-06T00:00:00.000Z,USD,5.8,5.8,Usage,AWS Lambda - Total Compute - US East (Northern Virginia)-Tier-1,AWS Lambda,Compute,us-east-1,31027794154,,,TG3M4CAGBA3NYQBH,347999.3,Seconds
2024-09-06T00:00:00.000Z,2024-09-06T01:00:00.000Z,USD,2.85,2.85,Usage,AWS Lambda - Total Compute - US East (Northern Virginia)-Tier-1,AWS Lambda,Compute,us-east-1,31027794154,,,TG3M4CAGBA3NYQBH,170999.66,Seconds
2024-09-06T01:00:00.000Z,2024-09-06T02:00:00.000Z,USD,6.09,6.09,Usage,AWS Lambda - Total Compute - US East (Northern Virginia)-Tier-1,AWS Lambda,Compute,us-east-1,31027794154,,,TG3M4CAGBA3NYQBH,365399.27,Seconds
2024-09-06T02:00:00.000Z,2024-09-06T03:00:00.000Z,USD,2.5,2.5,Usage,AWS Lambda - Total Compute - US East (Northern Virginia)-Tier-1,AWS Lambda,Compute,us-east-1,31027794154,,,TG3M4CAGBA3NYQBH,149999.7,Seconds
2024-09-06T03:00:00.000Z,2024-09-06T04:00:00.000Z,USD,5.7,5.7,Usage,AWS Lambda - Total Compute - US East (Northern Virginia)-Tier-1,AWS Lambda,Compute,us-east-1,31027794154,,,TG3M4CAGBA3NYQBH,341999.32,Seconds
2024-09-06T04:00:00.000Z,2024-09-06T05:00:00.000Z,USD,4.54,4.54,Usage,AWS Lambda - Total Compute - US East (Northern Virginia)-Tier-1,AWS Lambda,Compute,us-east-1,31027794154,,,TG3M4CAGBA3NYQBH,272399.46,Seconds
2024-09-06T05:00:00.000Z,2024-09-06T06:00:00.000Z,USD,2.5,2.5,Usage,AWS Lambda - Total Compute - US East (Northern Virginia)-Tier-1,AWS Lambda,Compute,us-east-1,31027794154,,,TG3M4CAGBA3NYQBH,149999.7,Seconds
2024-09-06T06:00:00.000Z,2024-09-06T07:00:00.000Z,USD,6.27,6.27,Usage,AWS Lambda - Total Compute - US East (Northern Virginia)-Tier-1,AWS Lambda,Compute,us-east-1,31027794154,,,TG3M4CAGBA3NYQBH,376199.25,Seconds
2024-09-06T07:00:00.000Z,2024-09-06T08:00:00.000Z,USD,3.97,3.97,Usage,AWS Lambda - Total Compute - US East (Northern Virginia)-Tier-1,AWS Lambda,Compute,us-east-1,31027794154,,,TG3M4CAGBA3NYQBH,238199.52,Seconds
2024-09-06T08:00:00.000Z,2024-09-06T09:00:00.000Z,USD,6.11,6.11,Usage,AWS Lambda - Total Compute - US East (Northern Virginia)-Tier-1,AWS Lambda,Compute,us-east-1,31027794154,,,TG3M4CAGBA3NYQBH,366599.27,Seconds
2024-09-06T09:00:00.000Z,2024-09-06T10:00:00.000Z,USD,7.56,7.56,Usage,AWS Lambda - Total Compute - US East (Northern Virginia)-Tier-1,AWS Lambda,Compute,us-east-1,31027794154,,,TG3M4CAGBA3NYQBH,453599.09,Seconds
2024-09-06T10:00:00.000Z,2024-09-06T11:00:00.000Z,USD,8.97,8.97,Usage,AWS Lambda - Total Compute - US East (Northern Virginia)-Tier-1,AWS Lambda,Compute,us-east-1,31027794154,,,TG3M4CAGBA3NYQBH,538198.92,Seconds
2024-09-06T11:00:00.000Z,2024-09-06T12:00:00.000Z,USD,8.74,8.74,Usage,AWS Lambda - Total Compute - US East (Northern Virginia)-Tier-1,AWS Lambda,Compute,us-east-1,31027794154,,,TG3M4CAGBA3NYQBH,524398.95,Seconds
2024-09-06T12:00:00.000Z,2024-09-06T13:00:00.000Z,USD,10.23,10.23,Usage,AWS Lambda - Total Compute - US East (Northern Virginia)-Tier-1,AWS Lambda,Compute,us-east-1,31027794154,,,TG3M4CAGBA3NYQBH,613798.77,Seconds
2024-09-06T13:00:00.000Z,2024-09-06T14:00:00.000Z,USD,10.69,10.69,Usage,AWS Lambda - Total Compute - US East (Northern Virginia)-Tier-1,AWS Lambda,Compute,us-east-1,31027794154,,,TG3M4CAGBA3NYQBH,641398.72,Seconds
2024-09-06T14:00:00.000Z,2024-09-06T15:00:00.000Z,USD,10.3,10.3,Usage,AWS Lambda - Total Compute - US East (Northern Virginia)-Tier-1,AWS Lambda,Compute,us-east-1,31027794154,,,TG3M4CAGBA3NYQBH,617998.76,Seconds
2024-09-06T15:00:00.000Z,2024-09-06T16:00:00.000Z,USD,11.4,11.4,Usage,AWS Lambda - Total Compute - US East (Northern Virginia)-Tier-1,AWS Lambda,Compute,us-east-1,31027794154,,,TG3M4CAGBA3NYQBH,683998.63,Seconds
2024-09-06T16:00:00.000Z,2024-09-06T17:00:00.000Z,USD,6.47,6.47,Usage,AWS Lambda - Total Compute - US East (Northern Virginia)-Tier-1,AWS Lambda,Compute,us-east-1,31027794154,,,TG3M4CAGBA3NYQBH,388199.22,Seconds
2024-09-06T17:00:00.000Z,2024-09-06T18:00:00.000Z,USD,9.1,9.1,Usage,AWS Lambda - Total Compute - US East (Northern Virginia)-Tier-1,AWS Lambda,Compute,us-east-1,31027794154,,,TG3M4CAGBA3NYQBH,545998.91,Seconds
2024-09-06T18:00:00.000Z,2024-09-06T19:00:00.000Z,USD,9.12,9.12,Usage,AWS Lambda - Total Compute - US East (Northern Virginia)-Tier-1,AWS Lambda,Compute,us-east-1,31027794154,,,TG3M4CAGBA3NYQBH,547198.91,Seconds
2024-09-06T19:00:00.000Z,2024-09-06T20:00:00.000Z,USD,9.08,9.08,Usage,AWS Lambda - Total Compute - US East (Northern Virginia)-Tier-1,AWS Lambda,Compute,us-east-1,31027794154,,,TG3M4CAGBA3NYQBH,544798.91,Seconds
2024-09-06T20:00:00.000Z,2024-09-06T21:00:00.000Z,USD,5.97,5.97,Usage,AWS Lambda - Total Compute - US East (Northern Virginia)-Tier-1,AWS Lambda,Compute,us-east-1,31027794154,,,TG3M4CAGBA3NYQBH,358199.28,Seconds
2024-09-06T21:00:00.000Z,2024-09-06T22:00:00.000Z,USD,2.85,2.85,Usage,AWS Lambda - Total Compute - US East (Northern Virginia)-Tier-1,AWS Lambda,Compute,us-east-1,31027794154,,,TG3M4CAGBA3NYQBH,170999.66,Seconds
2024-09-06T22:00:00.000Z,2024-09-06T23:00:00.000Z,USD,5.53,5.53,Usage,AWS Lambda - Total Compute - US East (Northern Virginia)-Tier-1,AWS Lambda,Compute,us-east-1,31027794154,,,TG3M4CAGBA3NYQBH,331799.34,Seconds
2024-09-06T23:00:00.000Z,2024-09-07T00:00:00.000Z,USD,2.45,2.45,Usage,AWS Lambda - Total Compute - US East (Northern Virginia)-Tier-1,AWS Lambda,Compute,us-east-1,31027794154,,,TG3M4CAGBA3NYQBH,146999.71,Seconds
2024-09-07T00:00:00.000Z,2024-09-07T01:00:00.000Z,USD,1.81,1.81,Usage,AWS Lambda - Total Compute - US East (Northern Virginia)-Tier-1,AWS Lambda,Compute,us-east-1,31027794154,,,TG3M4CAGBA3NYQBH,108599.78,Seconds
2024-09-07T01:00:00.000Z,2024-09-07T02:00:00.000Z,USD,1.64,1.64,Usage,AWS Lambda - Total Compute - US East (Northern Virginia)-Tier-1,AWS Lambda,Compute,us-east-1,31027794154,,,TG3M4CAGBA3NYQBH,98399.8,Seconds
2024-09-07T02:00:00.000Z,2024-09-07T03:00:00.000Z,USD,2.31,2.31,Usage,AWS Lambda - Total Compute - US East (Northern Virginia)-Tier-1,AWS Lambda,Compute,us-east-1,31027794154,,,TG3M4CAGBA3NYQBH,138599.72,Seconds
2024-09-07T03:00:00.000Z,2024-09-07T04:00:00.000Z,USD,1.73,1.73,Usage,AWS Lambda - Total Compute - US East (Northern Virginia)-Tier-1,AWS Lambda,Compute,us-east-1,31027794154,,,TG3M4CAGBA3NYQBH,103799.79,Seconds
2024-09-07T04:00:00.000Z,2024-09-07T05:00:00.000Z,USD,1.85,1.85,Usage,AWS Lambda - Total Compute - US East (Northern Virginia)-Tier-1,AWS Lambda,Compute,us-east-1,31027794154,,,TG3M4CAGBA3NYQBH,110999.78,Seconds
2024-09-07T05:00:00.000Z,2024-09-07T06:00:00.000Z,USD,1.92,1.92,Usage,AWS Lambda - Total Compute - US East (Northern Virginia)-Tier-1,AWS Lambda,Compute,us-east-1,31027794154,,,TG3M4CAGBA3NYQBH,115199.77,Seconds
2024-09-07T06:00:00.000Z,2024-09-07T07:00:00.000Z,USD,3.24,3.24,Usage,AWS Lambda - Total Compute - US East (Northern Virginia)-Tier-1,AWS Lambda,Compute,us-east-1,31027794154,,,TG3M4CAGBA3NYQBH,194399.61,Seconds
2024-09-07T07:00:00.000Z,2024-09-07T08:00:00.000Z,USD,3.98,3.98,Usage,AWS Lambda - Total Compute - US East (Northern Virginia)-Tier-1,AWS Lambda,Compute,us-east-1,31027794154,,,TG3M4CAGBA3NYQBH,238799.52,Seconds
2024-09-07T08:00:00.000Z,2024-09-07T09:00:00.000Z,USD,4.1,4.1,Usage,AWS Lambda - Total Compute - US East (Northern Virginia)-Tier-1,AWS Lambda,Compute,us-east-1,31027794154,,,TG3M4CAGBA3NYQBH,245999.51,Seconds
2024-09-07T09:00:00.000Z,2024-09-07T10:00:00.000Z,USD,4.12,4.12,Usage,AWS Lambda - Total Compute - US East (Northern Virginia)-Tier-1,AWS Lambda,Compute,us-east-1,31027794154,,,TG3M4CAGBA3NYQBH,247199.51,Seconds
2024-09-07T10:00:00.000Z,2024-09-07T11:00:00.000Z,USD,1.67,1.67,Usage,AWS Lambda - Total Compute - US East (Northern Virginia)-Tier-1,AWS Lambda,Compute,us-east-1,31027794154,,,TG3M4CAGBA3NYQBH,100199.8,Seconds
2024-09-07T11:00:00.000Z,2024-09-07T12:00:00.000Z,USD,3.18,3.18,Usage,AWS Lambda - Total Compute - US East (Northern Virginia)-Tier-1,AWS Lambda,Compute,us-east-1,31027794154,,,TG3M4CAGBA3NYQBH,190799.62,Seconds
2024-09-07T12:00:00.000Z,2024-09-07T13:00:00.000Z,USD,2.37,2.37,Usage,AWS Lambda - Total Compute - US East (Northern Virginia)-Tier-1,AWS Lambda,Compute,us-east-1,31027794154,,,TG3M4CAGBA3NYQBH,142199.72,Seconds
2024-09-07T13:00:00.000Z,2024-09-07T14:00:00.000Z,USD,3.4,3.4,Usage,AWS Lambda - Total Compute - US East (Northern Virginia)-Tier-1,AWS Lambda,Compute,us-east-1,31027794154,,,TG3M4CAGBA3NYQBH,203999.59,Seconds
2024-09-07T14:00:00.000Z,2024-09-07T15:00:00.000Z,USD,4.42,4.42,Usage,AWS Lambda - Total Compute - US East (Northern Virginia)-Tier-1,AWS Lambda,Compute,us-east-1,31027794154,,,TG3M4CAGBA3NYQBH,265199.47,Seconds
2024-09-07T15:00:00.000Z,2024-09-07T16:00:00.000Z,USD,2.79,2.79,Usage,AWS Lambda - Total Compute - US East (Northern Virginia)-Tier-1,AWS Lambda,Compute,us-east-1,31027794154,,,TG3M4CAGBA3NYQBH,167399.67,Seconds
2024-09-07T16:00:00.000Z,2024-09-07T17:00:00.000Z,USD,1.84,1.84,Usage,AWS Lambda - Total Compute - US East (Northern Virginia)-Tier-1,AWS Lambda,Compute,us-east-1,31027794154,,,TG3M4CAGBA3NYQBH,110399.78,Seconds
2024-09-07T17:00:00.000Z,2024-09-07T18:00:00.000Z,USD,2.88,2.88,Usage,AWS Lambda - Total Compute - US East (Northern Virginia)-Tier-1,AWS Lambda,Compute,us-east-1,31027794154,,,TG3M4CAGBA3NYQBH,172799.65,Seconds
2024-09-07T18:00:00.000Z,2024-09-07T19:00:00.000Z,USD,2,2,Usage,AWS Lambda - Total Compute - US East (Northern Virginia)-Tier-1,AWS Lambda,Compute,us-east-1,31027794154,,,TG3M4CAGBA3NYQBH,119999.76,Seconds
2024-09-07T19:00:00.000Z,2024-09-07T20:00:00.000Z,USD,3.96,3.96,Usage,AWS Lambda - Total Compute - US East (Northern Virginia)-Tier-1,AWS Lambda,Compute,us-east-1,31027794154,,,TG3M4CAGBA3NYQBH,237599.52,Seconds
2024-09-07T20:00:00.000Z,2024-09-07T21:00:00.000Z,USD,3.24,3.24,Usage,AWS Lambda - Total Compute - US East (Northern Virginia)-Tier-1,AWS Lambda,Compute,us-east-1,31027794154,,,TG3M4CAGBA3NYQBH,194399.61,Seconds
2024-09-07T21:00:00.000Z,2024-09-07T22:00:00.000Z,USD,3.53,3.53,Usage,AWS Lambda - Total Compute - US East (Northern Virginia)-Tier-1,AWS Lambda,Compute,us-east-1,31027794154,,,TG3M4CAGBA3NYQBH,211799.58,Seconds
2024-09-07T22:00:00.000Z,2024-09-07T23:00:00.000Z,USD,1.81,1.81,Usage,AWS Lambda - Total Compute - US East (Northern Virginia)-Tier-1,AWS Lambda,Compute,us-east-1,31027794154,,,TG3M4CAGBA3NYQBH,108599.78,Seconds
2024-09-07T23:00:00.000Z,2024-09-08T00:00:00.000Z,USD,2.06,2.06,Usage,AWS Lambda - Total Compute - US East (Northern Virginia)-Tier-1,AWS Lambda,Compute,us-east-1,31027794154,,,TG3M4CAGBA3NYQBH,123599.75,Seconds
2024-09-08T00:00:00.000Z,2024-09-08T01:00:00.000Z,USD,1.97,1.97,Usage,AWS Lambda - Total Compute - US East (Northern Virginia)-Tier-1,AWS Lambda,Compute,us-east-1,31027794154,,,TG3M4CAGBA3NYQBH,118199.76,Seconds
2024-09-08T01:00:00.000Z,2024-09-08T02:00:00.000Z,USD,4.09,4.09,Usage,AWS Lambda - Total Compute - US East (Northern Virginia)-Tier-1,AWS Lambda,Compute,us-east-1,31027794154,,,TG3M4CAGBA3NYQBH,245399.51,Seconds
2024-09-08T02:00:00.000Z,2024-09-08T03:00:00.000Z,USD,3.83,3.83,Usage,AWS Lambda - Total Compute - US East (Northern Virginia)-Tier-1,AWS Lambda,Compute,us-east-1,31027794154,,,TG3M4CAGBA3NYQBH,229799.54,Seconds
2024-09-08T03:00:00.000Z,2024-09-08T04:00:00.000Z,USD,3.35,3.35,Usage,AWS Lambda - Total Compute - US East (Northern Virginia)-Tier-1,AWS Lambda,Compute,us-east-1,31027794154,,,TG3M4CAGBA3NYQBH,200999.6,Seconds
2024-09-08T04:00:00.000Z,2024-09-08T05:00:00.000Z,USD,1.95,1.95,Usage,AWS Lambda - Total Compute - US East (Northern Virginia)-Tier-1,AWS Lambda,Compute,us-east-1,31027794154,,,TG3M4CAGBA3NYQBH,116999.77,Seconds
2024-09-08T05:00:00.000Z,2024-09-08T06:00:00.000Z,USD,2.28,2.28,Usage,AWS Lambda - Total Compute - US East (Northern Virginia)-Tier-1,AWS Lambda,Compute,us-east-1,31027794154,,,TG3M4CAGBA3NYQBH,136799.73,Seconds
2024-09-08T06:00:00.000Z,2024-09-08T07:00:00.000Z,USD,4,4,Usage,AWS Lambda - Total Compute - US East (Northern Virginia)-Tier-1,AWS Lambda,Compute,us-east-1,31027794154,,,TG3M4CAGBA3NYQBH,239999.52,Seconds
2024-09-08T07:00:00.000Z,2024-09-08T08:00:00.000Z,USD,1.56,1.56,Usage,AWS Lambda - Total Compute - US East (Northern Virginia)-Tier-1,AWS Lambda,Compute,us-east-1,31027794154,,,TG3M4CAGBA3NYQBH,93599.81,Seconds
2024-09-08T08:00:00.000Z,2024-09-08T09:00:00.000Z,USD,3.57,3.57,Usage,AWS Lambda - Total Compute - US East (Northern Virginia)-Tier-1,AWS Lambda,Compute,us-east-1,31027794154,,,TG3M4CAGBA3NYQBH,214199.57,Seconds
2024-09-08T09:00:00.000Z,2024-09-08T10:00:00.000Z,USD,2.07,2.07,Usage,AWS Lambda - Total Compute - US East (Northern Virginia)-Tier-1,AWS Lambda,Compute,us-east-1,31027794154,,,TG3M4CAGBA3NYQBH,124199.75,Seconds
2024-09-08T10:00:00.000Z,2024-09-08T11:00:00.000Z,USD,4.26,4.26,Usage,AWS Lambda - Total Compute - US East (Northern Virginia)-Tier-1,AWS Lambda,Compute,us-east-1,31027794154,,,TG3M4CAGBA3NYQBH,255599.49,Seconds
2024-09-08T11:00:00.000Z,2024-09-08T12:00:00.000Z,USD,1.71,1.71,Usage,AWS Lambda - Total Compute - US East (Northern Virginia)-Tier-1,AWS Lambda,Compute,us-east-1,31027794154,,,TG3M4CAGBA3NYQBH,102599.79,Seconds
2024-09-08T12:00:00.000Z,2024-09-08T13:00:00.000Z,USD,4.06,4.06,Usage,AWS Lambda - Total Compute - US East (Northern Virginia)-Tier-1,AWS Lambda,Compute,us-east-1,31027794154,,,TG3M4CAGBA3NYQBH,243599.51,Seconds
2024-09-08T13:00:00.000Z,2024-09-08T14:00:00.000Z,USD,3.1,3.1,Usage,AWS Lambda - Total Compute - US East (Northern Virginia)-Tier-1,AWS Lambda,Compute,us-east-1,31027794154,,,TG3M4CAGBA3NYQBH,185999.63,Seconds
2024-09-08T14:00:00.000Z,2024-09-08T15:00:00.000Z,USD,3.04,3.04,Usage,AWS Lambda - Total Compute - US East (Northern Virginia)-Tier-1,AWS Lambda,Compute,us-east-1,31027794154,,,TG3M4CAGBA3NYQBH,182399.64,Seconds
2024-09-08T15:00:00.000Z,2024-09-08T16:00:00.000Z,USD,3.86,3.86,Usage,AWS Lambda - Total Compute - US East (Northern Virginia)-Tier-1,AWS Lambda,Compute,us-east-1,31027794154,,,TG3M4CAGBA3NYQBH,231599.54,Seconds
2024-09-08T16:00:00.000Z,2024-09-08T17:00:00.000Z,USD,2.8,2.8,Usage,AWS Lambda - Total Compute - US East (Northern Virginia)-Tier-1,AWS Lambda,Compute,us-east-1,31027794154,,,TG3M4CAGBA3NYQBH,167999.66,Seconds
2024-09-08T17:00:00.000Z,2024-09-08T18:00:00.000Z,USD,2.94,2.94,Usage,AWS Lambda - Total Compute - US East (Northern Virginia)-Tier-1,AWS Lambda,Compute,us-east-1,31027794154,,,TG3M4CAGBA3NYQBH,176399.65,Seconds
2024-09-08T18:00:00.000Z,2024-09-08T19:00:00.000Z,USD,4.2,4.2,Usage,AWS Lambda - Total Compute - US East (Northern Virginia)-Tier-1,AWS Lambda,Compute,us-east-1,31027794154,,,TG3M4CAGBA3NYQBH,251999.5,Seconds
2024-09-08T19:00:00.000Z,2024-09-08T20:00:00.000Z,USD,2.71,2.71,Usage,AWS Lambda - Total Compute - US East (Northern Virginia)-Tier-1,AWS Lambda,Compute,us-east-1,31027794154,,,TG3M4CAGBA3NYQBH,162599.67,Seconds
2024-09-08T20:00:00.000Z,2024-09-08T21:00:00.000Z,USD,2.26,2.26,Usage,AWS Lambda - Total Compute - US East (Northern Virginia)-Tier-1,AWS Lambda,Compute,us-east-1,31027794154,,,TG3M4CAGBA3NYQBH,135599.73,Seconds
2024-09-08T21:00:00.000Z,2024-09-08T22:00:00.000Z,USD,2.71,2.71,Usage,AWS Lambda - Total Compute - US East (Northern Virginia)-Tier-1,AWS Lambda,Compute,us-east-1,31027794154,,,TG3M4CAGBA3NYQBH,162599.67,Seconds
2024-09-08T22:00:00.000Z,2024-09-08T23:00:00.000Z,USD,1.67,1.67,Usage,AWS Lambda - Total Compute - US East (Northern Virginia)-Tier-1,AWS Lambda,Compute,us-east-1,31027794154,,,TG3M4CAGBA3NYQBH,100199.8,Seconds
2024-09-08T23:00:00.000Z,2024-09-09T00:00:00.000Z,USD,1.6,1.6,Usage,AWS Lambda - Total Compute - US East (Northern Virginia)-Tier-1,AWS Lambda,Compute,us-east-1,31027794154,,,TG3M4CAGBA3NYQBH,95999.81,Seconds
2024-09-09T00:00:00.000Z,2024-09-09T01:00:00.000Z,USD,3.38,3.38,Usage,AWS Lambda - Total Compute - US East (Northern Virginia)-Tier-1,AWS Lambda,Compute,us-east-1,31027794154,,,TG3M4CAGBA3NYQBH,202799.59,Seconds
2024-09-09T01:00:00.000Z,2024-09-09T02:00:00.000Z,USD,3.53,3.53,Usage,AWS Lambda - Total Compute - US East (Northern Virginia)-Tier-1,AWS Lambda,Compute,us-east-1,31027794154,,,TG3M4CAGBA3NYQBH,211799.58,Seconds
2024-09-09T02:00:00.000Z,2024-09-09T03:00:00.000Z,USD,5.51,5.51,Usage,AWS Lambda - Total Compute - US East (Northern Virginia)-Tier-1,AWS Lambda,Compute,us-east-1,31027794154,,,TG3M4CAGBA3NYQBH,330599.34,Seconds
2024-09-09T03:00:00.000Z,2024-09-09T04:00:00.000Z,USD,4.04,4.04,Usage,AWS Lambda - Total Compute - US East (Northern Virginia)-Tier-1,AWS Lambda,Compute,us-east-1,31027794154,,,TG3M4CAGBA3NYQBH,242399.52,Seconds
2024-09-09T04:00:00.000Z,2024-09-09T05:00:00.000Z,USD,3.18,3.18,Usage,AWS Lambda - Total Compute - US East (Northern Virginia)-Tier-1,AWS Lambda,Compute,us-east-1,31027794154,,,TG3M4CAGBA3NYQBH,190799.62,Seconds
2024-09-09T05:00:00.000Z,2024-09-09T06:00:00.000Z,USD,5.9,5.9,Usage,AWS Lambda - Total Compute - US East (Northern Virginia)-Tier-1,AWS Lambda,Compute,us-east-1,31027794154,,,TG3M4CAGBA3NYQBH,353999.29,Seconds
2024-09-09T06:00:00.000Z,2024-09-09T07:00:00.000Z,USD,3.97,3.97,Usage,AWS Lambda - Total Compute - US East (Northern Virginia)-Tier-1,AWS Lambda,Compute,us-east-1,31027794154,,,TG3M4CAGBA3NYQBH,238199.52,Seconds
2024-09-09T07:00:00.000Z,2024-09-09T08:00:00.000Z,USD,6.29,6.29,Usage,AWS Lambda - Total Compute - US East (Northern Virginia)-Tier-1,AWS Lambda,Compute,us-east-1,31027794154,,,TG3M4CAGBA3NYQBH,377399.25,Seconds
2024-09-09T08:00:00.000Z,2024-09-09T09:00:00.000Z,USD,3.98,3.98,Usage,AWS Lambda - Total Compute - US East (Northern Virginia)-Tier-1,AWS Lambda,Compute,us-east-1,31027794154,,,TG3M4CAGBA3NYQBH,238799.52,Seconds
2024-09-09T09:00:00.000Z,2024-09-09T10:00:00.000Z,USD,5.01,5.01,Usage,AWS Lambda - Total Compute - US East (Northern Virginia)-Tier-1,AWS Lambda,Compute,us-east-1,31027794154,,,TG3M4CAGBA3NYQBH,300599.4,Seconds
2024-09-09T10:00:00.000Z,2024-09-09T11:00:00.000Z,USD,4.53,4.53,Usage,AWS Lambda - Total Compute - US East (Northern Virginia)-Tier-1,AWS Lambda,Compute,us-east-1,31027794154,,,TG3M4CAGBA3NYQBH,271799.46,Seconds
2024-09-09T11:00:00.000Z,2024-09-09T12:00:00.000Z,USD,6.64,6.64,Usage,AWS Lambda - Total Compute - US East (Northern Virginia)-Tier-1,AWS Lambda,Compute,us-east-1,31027794154,,,TG3M4CAGBA3NYQBH,398399.2,Seconds
2024-09-09T12:00:00.000Z,2024-09-09T13:00:00.000Z,USD,5.31,5.31,Usage,AWS Lambda - Total Compute - US East (Northern Virginia)-Tier-1,AWS Lambda,Compute,us-east-1,31027794154,,,TG3M4CAGBA3NYQBH,318599.36,Seconds
2024-09-09T13:00:00.000Z,2024-09-09T14:00:00.000Z,USD,9.44,9.44,Usage,AWS Lambda - Total Compute - US East (Northern Virginia)-Tier-1,AWS Lambda,Compute,us-east-1,31027794154,,,TG3M4CAGBA3NYQBH,566398.87,Seconds
2024-09-09T14:00:00.000Z,2024-09-09T15:00:00.000Z,USD,10.8,10.8,Usage,AWS Lambda - Total Compute - US East (Northern Virginia)-Tier-1,AWS Lambda,Compute,us-east-1,31027794154,,,TG3M4CAGBA3NYQBH,647998.7,Seconds
2024-09-09T15:00:00.000Z,2024-09-09T16:00:00.000Z,USD,8.62,8.62,Usage,AWS Lambda - Total Compute - US East (Northern Virginia)-Tier-1,AWS Lambda,Compute,us-east-1,31027794154,,,TG3M4CAGBA3NYQBH,517198.97,Seconds
2024-09-09T16:00:00.000Z,2024-09-09T17:00:00.000Z,USD,7.66,7.66,Usage,AWS Lambda - Total Compute - US East (Northern Virginia)-Tier-1,AWS Lambda,Compute,us-east-1,31027794154,,,TG3M4CAGBA3NYQBH,459599.08,Seconds
2024-09-09T17:00:00.000Z,2024-09-09T18:00:00.000Z,USD,10.16,10.16,Usage,AWS Lambda - Total Compute - US East (Northern Virginia)-Tier-1,AWS Lambda,Compute,us-east-1,31027794154,,,TG3M4CAGBA3NYQBH,609598.78,Seconds
2024-09-09T18:00:00.000Z,2024-09-09T19:00:00.000Z,USD,5.95,5.95,Usage,AWS Lambda - Total Compute - US East (Northern Virginia)-Tier-1,AWS Lambda,Compute,us-east-1,31027794154,,,TG3M4CAGBA3NYQBH,356999.29,Seconds
2024-09-09T19:00:00.000Z,2024-09-09T20:00:00.000Z,USD,7.22,7.22,Usage,AWS Lambda - Total Compute - US East (Northern Virginia)-Tier-1,AWS Lambda,Compute,us-east-1,31027794154,,,TG3M4CAGBA3NYQBH,433199.13,Seconds
2024-09-09T20:00:00.000Z,2024-09-09T21:00:00.000Z,USD,5.88,5.88,Usage,AWS Lambda - Total Compute - US East (Northern Virginia)-Tier-1,AWS Lambda,Compute,us-east-1,31027794154,,,TG3M4CAGBA3NYQBH,352799.29,Seconds
2024-09-09T21:00:00.000Z,2024-09-09T22:00:00.000Z,USD,6.23,6.23,Usage,AWS Lambda - Total Compute - US East (Northern Virginia)-Tier-1,AWS Lambda,Compute,us-east-1,31027794154,,,TG3M4CAGBA3NYQBH,373799.25,Seconds
2024-09-09T22:00:00.000Z,2024-09-09T23:00:00.000Z,USD,4.74,4.74,Usage,AWS Lambda - Total Compute - US East (Northern Virginia)-Tier-1,AWS Lambda,Compute,us-east-1,31027794154,,,TG3M4CAGBA3NYQBH,284399.43,Seconds
2024-09-09T23:00:00.000Z,2024-09-10T00:00:00.000Z,USD,5.58,5.58,Usage,AWS Lambda - Total Compute - US East (Northern Virginia)-Tier-1,AWS Lambda,Compute,us-east-1,31027794154,,,TG3M4CAGBA3NYQBH,334799.33,Seconds
2024-09-10T00:00:00.000Z,2024-09-10T01:00:00.000Z,USD,4.28,4.28,Usage,AWS Lambda - Total Compute - US East (Northern Virginia)-Tier-1,AWS Lambda,Compute,us-east-1,31027794154,,,TG3M4CAGBA3NYQBH,256799.49,Seconds
2024-09-10T01:00:00.000Z,2024-09-10T02:00:00.000Z,USD,4.85,4.85,Usage,AWS Lambda - Total Compute - US East (Northern Virginia)-Tier-1,AWS Lambda,Compute,us-east-1,31027794154,,,TG3M4CAGBA3NYQBH,290999.42,Seconds
2024-09-10T02:00:00.000Z,2024-09-10T03:00:00.000Z,USD,2.18,2.18,Usage,AWS Lambda - Total Compute - US East (Northern Virginia)-Tier-1,AWS Lambda,Compute,us-east-1,31027794154,,,TG3M4CAGBA3NYQBH,130799.74,Seconds
2024-09-10T03:00:00.000Z,2024-09-10T04:00:00.000Z,USD,2.27,2.27,Usage,AWS Lambda - Total Compute - US East (Northern Virginia)-Tier-1,AWS Lambda,Compute,us-east-1,31027794154,,,TG3M4CAGBA3NYQBH,136199.73,Seconds
2024-09-10T04:00:00.000Z,2024-09-10T05:00:00.000Z,USD,3.78,3.78,Usage,AWS Lambda - Total Compute - US East (Northern Virginia)-Tier-1,AWS Lambda,Compute,us-east-1,31027794154,,,TG3M4CAGBA3NYQBH,226799.55,Seconds
2024-09-10T05:00:00.000Z,2024-09-10T06:00:00.000Z,USD,3.32,3.32,Usage,AWS Lambda - Total Compute - US East (Northern Virginia)-Tier-1,AWS Lambda,Compute,us-east-1,31027794154,,,TG3M4CAGBA3NYQBH,199199.6,Seconds
2024-09-10T06:00:00.000Z,2024-09-10T07:00:00.000Z,USD,3.24,3.24,Usage,AWS Lambda - Total Compute - US East (Northern Virginia)-Tier-1,AWS Lambda,Compute,us-east-1,31027794154,,,TG3M4CAGBA3NYQBH,194399.61,Seconds
2024-09-10T07:00:00.000Z,2024-09-10T08:00:00.000Z,USD,4.38,4.38,Usage,AWS Lambda - Total Compute - US East (Northern Virginia)-Tier-1,AWS Lambda,Compute,us-east-1,31027794154,,,TG3M4CAGBA3NYQBH,262799.47,Seconds
2024-09-10T08:00:00.000Z,2024-09-10T09:00:00.000Z,USD,11.35,11.35,Usage,AWS Lambda - Total Compute - US East (Northern Virginia)-Tier-1,AWS Lambda,Compute,us-east-1,31027794154,,,TG3M4CAGBA3NYQBH,680998.64,Seconds
2024-09-10T09:00:00.000Z,2024-09-10T10:00:00.000Z,USD,9.3,9.3,Usage,AWS Lambda - Total Compute - US East (Northern Virginia)-Tier-1,AWS Lambda,Compute,us-east-1,31027794154,,,TG3M4CAGBA3NYQBH,557998.88,Seconds
2024-09-10T10:00:00.000Z,2024-09-10T11:00:00.000Z,USD,10.78,10.78,Usage,AWS Lambda - Total Compute - US East (Northern Virginia)-Tier-1,AWS Lambda,Compute,us-east-1,31027794154,,,TG3M4CAGBA3NYQBH,646798.71,Seconds
2024-09-10T11:00:00.000Z,2024-09-10T12:00:00.000Z,USD,10.06,10.06,Usage,AWS Lambda - Total Compute - US East (Northern Virginia)-Tier-1,AWS Lambda,Compute,us-east-1,31027794154,,,TG3M4CAGBA3NYQBH,603598.79,Seconds
2024-09-10T12:00:00.000Z,2024-09-10T13:00:00.000Z,USD,6.09,6.09,Usage,AWS Lambda - Total Compute - US East (Northern Virginia)-Tier-1,AWS Lambda,Compute,us-east-1,31027794154,,,TG3M4CAGBA3NYQBH,365399.27,Seconds
2024-09-10T13:00:00.000Z,2024-09-10T14:00:00.000Z,USD,10.62,10.62,Usage,AWS Lambda - Total Compute - US East (Northern Virginia)-Tier-1,AWS Lambda,Compute,us-east-1,31027794154,,,TG3M4CAGBA3NYQBH,637198.73,Seconds
2024-09-10T14:00:00.000Z,2024-09-10T15:00:00.000Z,USD,6.21,6.21,Usage,AWS Lambda - Total Compute - US East (Northern Virginia)-Tier-1,AWS Lambda,Compute,us-east-1,31027794154,,,TG3M4CAGBA3NYQBH,372599.25,Seconds
2024-09-10T15:00:00.000Z,2024-09-10T16:00:00.000Z,USD,6.7,6.7,Usage,AWS Lambda - Total Compute - US East (Northern Virginia)-Tier-1,AWS Lambda,Compute,us-east-1,31027794154,,,TG3M4CAGBA3NYQBH,401999.2,Seconds
2024-09-10T16:00:00.000Z,2024-09-10T17:00:00.000Z,USD,6.41,6.41,Usage,AWS Lambda - Total Compute - US East (Northern Virginia)-Tier-1,AWS Lambda,Compute,us-east-1,31027794154,,,TG3M4CAGBA3NYQBH,384599.23,Seconds
2024-09-10T17:00:00.000Z,2024-09-10T18:00:00.000Z,USD,6.26,6.26,Usage,AWS Lambda - Total Compute - US East (Northern Virginia)-Tier-1,AWS Lambda,Compute,us-east-1,31027794154,,,TG3M4CAGBA3NYQBH,375599.25,Seconds
2024-09-10T18:00:00.000Z,2024-09-10T19:00:00.000Z,USD,11.19,11.19,Usage,AWS Lambda - Total Compute - US East (Northern Virginia)-Tier-1,AWS Lambda,Compute,us-east-1,31027794154,,,TG3M4CAGBA3NYQBH,671398.66,Seconds
2024-09-10T19:00:00.000Z,2024-09-10T20:00:00.000Z,USD,9.21,9.21,Usage,AWS Lambda - Total Compute - US East (Northern Virginia)-Tier-1,AWS Lambda,Compute,us-east-1,31027794154,,,TG3M4CAGBA3NYQBH,552598.89,Seconds
2024-09-10T20:00:00.000Z,2024-09-10T21:00:00.000Z,USD,4.08,4.08,Usage,AWS Lambda - Total Compute - US East (Northern Virginia)-Tier-1,AWS Lambda,Compute,us-east-1,31027794154,,,TG3M4CAGBA3NYQBH,244799.51,Seconds
2024-09-10T21:00:00.000Z,2024-09-10T22:00:00.000Z,USD,2.72,2.72,Usage,AWS Lambda - Total Compute - US East (Northern Virginia)-Tier-1,AWS Lambda,Compute,us-east-1,31027794154,,,TG3M4CAGBA3NYQBH,163199.67,Seconds
2024-09-10T22:00:00.000Z,2024-09-10T23:00:00.000Z,USD,3.32,3.32,Usage,AWS Lambda - Total Compute - US East (Northern Virginia)-Tier-1,AWS Lambda,Compute,us-east-1,31027794154,,,TG3M4CAGBA3NYQBH,199199.6,Seconds
2024-09-10T23:00:00.000Z,2024-09-11T00:00:00.000Z,USD,4.76,4.76,Usage,AWS Lambda - Total Compute - US East (Northern Virginia)-Tier-1,AWS Lambda,Compute,us-east-1,31027794154,,,TG3M4CAGBA3NYQBH,285599.43,Seconds
2024-09-11T00:00:00.000Z,2024-09-11T01:00:00.000Z,USD,3.94,3.94,Usage,AWS Lambda - Total Compute - US East (Northern Virginia)-Tier-1,AWS Lambda,Compute,us-east-1,31027794154,,,TG3M4CAGBA3NYQBH,236399.53,Seconds
2024-09-11T01:00:00.000Z,2024-09-11T02:00:00.000Z,USD,3.21,3.21,Usage,AWS Lambda - Total Compute - US East (Northern Virginia)-Tier-1,AWS Lambda,Compute,us-east-1,31027794154,,,TG3M4CAGBA3NYQBH,192599.61,Seconds
2024-09-11T02:00:00.000Z,2024-09-11T03:00:00.000Z,USD,3.82,3.82,Usage,AWS Lambda - Total Compute - US East (Northern Virginia)-Tier-1,AWS Lambda,Compute,us-east-1,31027794154,,,TG3M4CAGBA3NYQBH,229199.54,Seconds
2024-09-11T03:00:00.000Z,2024-09-11T04:00:00.000Z,USD,3.91,3.91,Usage,AWS Lambda - Total Compute - US East (Northern Virginia)-Tier-1,AWS Lambda,Compute,us-east-1,31027794154,,,TG3M4CAGBA3NYQBH,234599.53,Seconds
2024-09-11T04:00:00.000Z,2024-09-11T05:00:00.000Z,USD,3.29,3.29,Usage,AWS Lambda - Total Compute - US East (Northern Virginia)-Tier-1,AWS Lambda,Compute,us-east-1,31027794154,,,TG3M4CAGBA3NYQBH,197399.61,Seconds
2024-09-11T05:00:00.000Z,2024-09-11T06:00:00.000Z,USD,2.66,2.66,Usage,AWS Lambda - Total Compute - US East (Northern Virginia)-Tier-1,AWS Lambda,Compute,us-east-1,31027794154,,,TG3M4CAGBA3NYQBH,159599.68,Seconds
2024-09-11T06:00:00.000Z,2024-09-11T07:00:00.000Z,USD,4.09,4.09,Usage,AWS Lambda - Total Compute - US East (Northern Virginia)-Tier-1,AWS Lambda,Compute,us-east-1,31027794154,,,TG3M4CAGBA3NYQBH,245399.51,Seconds
2024-09-11T07:00:00.000Z,2024-09-11T08:00:00.000Z,USD,5.52,5.52,Usage,AWS Lambda - Total Compute - US East (Northern Virginia)-Tier-1,AWS Lambda,Compute,us-east-1,31027794154,,,TG3M4CAGBA3NYQBH,331199.34,Seconds
2024-09-11T08:00:00.000Z,2024-09-11T09:00:00.000Z,USD,6.86,6.86,Usage,AWS Lambda - Total Compute - US East (Northern Virginia)-Tier-1,AWS Lambda,Compute,us-east-1,31027794154,,,TG3M4CAGBA3NYQBH,411599.18,Seconds
2024-09-11T09:00:00.000Z,2024-09-11T10:00:00.000Z,USD,7.02,7.02,Usage,AWS Lambda - Total Compute - US East (Northern Virginia)-Tier-1,AWS Lambda,Compute,us-east-1,31027794154,,,TG3M4CAGBA3NYQBH,421199.16,Seconds
2024-09-11T10:00:00.000Z,2024-09-11T11:00:00.000Z,USD,9.78,9.78,Usage,AWS Lambda - Total Compute - US East (Northern Virginia)-Tier-1,AWS Lambda,Compute,us-east-1,31027794154,,,TG3M4CAGBA3NYQBH,586798.83,Seconds
2024-09-11T11:00:00.000Z,2024-09-11T12:00:00.000Z,USD,8.84,8.84,Usage,AWS Lambda - Total Compute - US East (Northern Virginia)-Tier-1,AWS Lambda,Compute,us-east-1,31027794154,,,TG3M4CAGBA3NYQBH,530398.94,Seconds
2024-09-11T12:00:00.000Z,2024-09-11T13:00:00.000Z,USD,9.82,9.82,Usage,AWS Lambda - Total Compute - US East (Northern Virginia)-Tier-1,AWS Lambda,Compute,us-east-1,31027794154,,,TG3M4CAGBA3NYQBH,589198.82,Seconds
2024-09-11T13:00:00.000Z,2024-09-11T14:00:00.000Z,USD,11.11,11.11,Usage,AWS Lambda - Total Compute - US East (Northern Virginia)-Tier-1,AWS Lambda,Compute,us-east-1,31027794154,,,TG3M4CAGBA3NYQBH,666598.67,Seconds
2024-09-11T14:00:00.000Z,2024-09-11T15:00:00.000Z,USD,8.5,8.5,Usage,AWS Lambda - Total Compute - US East (Northern Virginia)-Tier-1,AWS Lambda,Compute,us-east-1,31027794154,,,TG3M4CAGBA3NYQBH,509998.98,Seconds
2024-09-11T15:00:00.000Z,2024-09-11T16:00:00.000Z,USD,7.93,7.93,Usage,AWS Lambda - Total Compute - US East (Northern Virginia)-Tier-1,AWS Lambda,Compute,us-east-1,31027794154,,,TG3M4CAGBA3NYQBH,475799.05,Seconds
2024-09-11T16:00:00.000Z,2024-09-11T17:00:00.000Z,USD,4.44,4.44,Usage,AWS Lambda - Total Compute - US East (Northern Virginia)-Tier-1,AWS Lambda,Compute,us-east-1,31027794154,,,TG3M4CAGBA3NYQBH,266399.47,Seconds
2024-09-11T17:00:00.000Z,2024-09-11T18:00:00.000Z,USD,7.79,7.79,Usage,AWS Lambda - Total Compute - US East (Northern Virginia)-Tier-1,AWS Lambda,Compute,us-east-1,31027794154,,,TG3M4CAGBA3NYQBH,467399.07,Seconds
2024-09-11T18:00:00.000Z,2024-09-11T19:00:00.000Z,USD,10.35,10.35,Usage,AWS Lambda - Total Compute - US East (Northern Virginia)-Tier-1,AWS Lambda,Compute,us-east-1,31027794154,,,TG3M4CAGBA3NYQBH,620998.76,Seconds
2024-09-11T19:00:00.000Z,2024-09-11T20:00:00.000Z,USD,8.26,8.26,Usage,AWS Lambda - Total Compute - US East (Northern Virginia)-Tier-1,AWS Lambda,Compute,us-east-1,31027794154,,,TG3M4CAGBA3NYQBH,495599.01,Seconds
2024-09-11T20:00:00.000Z,2024-09-11T21:00:00.000Z,USD,5.64,5.64,Usage,AWS Lambda - Total Compute - US East (Northern Virginia)-Tier-1,AWS Lambda,Compute,us-east-1,31027794154,,,TG3M4CAGBA3NYQBH,338399.32,Seconds
2024-09-11T21:00:00.000Z,2024-09-11T22:00:00.000Z,USD,4.55,4.55,Usage,AWS Lambda - Total Compute - US East (Northern Virginia)-Tier-1,AWS Lambda,Compute,us-east-1,31027794154,,,TG3M4CAGBA3NYQBH,272999.45,Seconds
2024-09-11T22:00:00.000Z,2024-09-11T23:00:00.000Z,USD,3.54,3.54,Usage,AWS Lambda - Total Compute - US East (Northern Virginia)-Tier-1,AWS Lambda,Compute,us-east-1,31027794154,,,TG3M4CAGBA3NYQBH,212399.58,Seconds
2024-09-11T23:00:00.000Z,2024-09-12T00:00:00.000Z,USD,2.88,2.88,Usage,AWS Lambda - Total Compute - US East (Northern Virginia)-Tier-1,AWS Lambda,Compute,us-east-1,31027794154,,,TG3M4CAGBA3NYQBH,172799.65,Seconds
2024-09-12T00:00:00.000Z,2024-09-12T01:00:00.000Z,USD,2.54,2.54,Usage,AWS Lambda - Total Compute - US East (Northern Virginia)-Tier-1,AWS Lambda,Compute,us-east-1,31027794154,,,TG3M4CAGBA3NYQBH,152399.7,Seconds
2024-09-12T01:00:00.000Z,2024-09-12T02:00:00.000Z,USD,3.61,3.61,Usage,AWS Lambda - Total Compute - US East (Northern Virginia)-Tier-1,AWS Lambda,Compute,us-east-1,31027794154,,,TG3M4CAGBA3NYQBH,216599.57,Seconds
2024-09-12T02:00:00.000Z,2024-09-12T03:00:00.000Z,USD,3.15,3.15,Usage,AWS Lambda - Total Compute - US East (Northern Virginia)-Tier-1,AWS Lambda,Compute,us-east-1,31027794154,,,TG3M4CAGBA3NYQBH,188999.62,Seconds
2024-09-12T03:00:00.000Z,2024-09-12T04:00:00.000Z,USD,5.45,5.45,Usage,AWS Lambda - Total Compute - US East (Northern Virginia)-Tier-1,AWS Lambda,Compute,us-east-1,31027794154,,,TG3M4CAGBA3NYQBH,326999.35,Seconds
2024-09-12T04:00:00.000Z,2024-09-12T05:00:00.000Z,USD,5.76,5.76,Usage,AWS Lambda - Total Compute - US East (Northern Virginia)-Tier-1,AWS Lambda,Compute,us-east-1,31027794154,,,TG3M4CAGBA3NYQBH,345599.31,Seconds
2024-09-12T05:00:00.000Z,2024-09-12T06:00:00.000Z,USD,5.55,5.55,Usage,AWS Lambda - Total Compute - US East (Northern Virginia)-Tier-1,AWS Lambda,Compute,us-east-1,31027794154,,,TG3M4CAGBA3NYQBH,332999.33,Seconds
2024-09-12T06:00:00.000Z,2024-09-12T07:00:00.000Z,USD,5.36,5.36,Usage,AWS Lambda - Total Compute - US East (Northern Virginia)-Tier-1,AWS Lambda,Compute,us-east-1,31027794154,,,TG3M4CAGBA3NYQBH,321599.36,Seconds
2024-09-12T07:00:00.000Z,2024-09-12T08:00:00.000Z,USD,4.26,4.26,Usage,AWS Lambda - Total Compute - US East (Northern Virginia)-Tier-1,AWS Lambda,Compute,us-east-1,31027794154,,,TG3M4CAGBA3NYQBH,255599.49,Seconds
2024-09-12T08:00:00.000Z,2024-09-12T09:00:00.000Z,USD,5.84,5.84,Usage,AWS Lambda - Total Compute - US East (Northern Virginia)-Tier-1,AWS Lambda,Compute,us-east-1,31027794154,,,TG3M4CAGBA3NYQBH,350399.3,Seconds
2024-09-12T09:00:00.000Z,2024-09-12T10:00:00.000Z,USD,5.02,5.02,Usage,AWS Lambda - Total Compute - US East (Northern Virginia)-Tier-1,AWS Lambda,Compute,us-east-1,31027794154,,,TG3M4CAGBA3NYQBH,301199.4,Seconds
2024-09-12T10:00:00.000Z,2024-09-12T11:00:00.000Z,USD,11.67,11.67,Usage,AWS Lambda - Total Compute - US East (Northern Virginia)-Tier-1,AWS Lambda,Compute,us-east-1,31027794154,,,TG3M4CAGBA3NYQBH,700198.6,Seconds
2024-09-12T11:00:00.000Z,2024-09-12T12:00:00.000Z,USD,8.91,8.91,Usage,AWS Lambda - Total Compute - US East (Northern Virginia)-Tier-1,AWS Lambda,Compute,us-east-1,31027794154,,,TG3M4CAGBA3NYQBH,534598.93,Seconds
2024-09-12T12:00:00.000Z,2024-09-12T13:00:00.000Z,USD,8.53,8.53,Usage,AWS Lambda - Total Compute - US East (Northern Virginia)-Tier-1,AWS Lambda,Compute,us-east-1,31027794154,,,TG3M4CAGBA3NYQBH,511798.98,Seconds
2024-09-12T13:00:00.000Z,2024-09-12T14:00:00.000Z,USD,10.94,10.94,Usage,AWS Lambda - Total Compute - US East (Northern Virginia)-Tier-1,AWS Lambda,Compute,us-east-1,31027794154,,,TG3M4CAGBA3NYQBH,656398.69,Seconds
2024-09-12T14:00:00.000Z,2024-09-12T15:00:00.000Z,USD,7.25,7.25,Usage,AWS Lambda - Total Compute - US East (Northern Virginia)-Tier-1,AWS Lambda,Compute,us-east-1,31027794154,,,TG3M4CAGBA3NYQBH,434999.13,Seconds
2024-09-12T15:00:00.000Z,2024-09-12T16:00:00.000Z,USD,10.61,10.61,Usage,AWS Lambda - Total Compute - US East (Northern Virginia)-Tier-1,AWS Lambda,Compute,us-east-1,31027794154,,,TG3M4CAGBA3NYQBH,636598.73,Seconds
2024-09-12T16:00:00.000Z,2024-09-12T17:00:00.000Z,USD,5.42,5.42,Usage,AWS Lambda - Total Compute - US East (Northern Virginia)-Tier-1,AWS Lambda,Compute,us-east-1,31027794154,,,TG3M4CAGBA3NYQBH,325199.35,Seconds
2024-09-12T17:00:00.000Z,2024-09-12T18:00:00.000Z,USD,6.83,6.83,Usage,AWS Lambda - Total Compute - US East (Northern Virginia)-Tier-1,AWS Lambda,Compute,us-east-1,31027794154,,,TG3M4CAGBA3NYQBH,409799.18,Seconds
2024-09-12T18:00:00.000Z,2024-09-12T19:00:00.000Z,USD,9.95,9.95,Usage,AWS Lambda - Total Compute - US East (Northern Virginia)-Tier-1,AWS Lambda,Compute,us-east-1,31027794154,,,TG3M4CAGBA3NYQBH,596998.81,Seconds
2024-09-12T19:00:00.000Z,2024-09-12T20:00:00.000Z,USD,7.34,7.34,Usage,AWS Lambda - Total Compute - US East (Northern Virginia)-Tier-1,AWS Lambda,Compute,us-east-1,31027794154,,,TG3M4CAGBA3NYQBH,440399.12,Seconds
2024-09-12T20:00:00.000Z,2024-09-12T21:00:00.000Z,USD,2.24,2.24,Usage,AWS Lambda - Total Compute - US East (Northern Virginia)-Tier-1,AWS Lambda,Compute,us-east-1,31027794154,,,TG3M4CAGBA3NYQBH,134399.73,Seconds
2024-09-12T21:00:00.000Z,2024-09-12T22:00:00.000Z,USD,2.79,2.79,Usage,AWS Lambda - Total Compute - US East (Northern Virginia)-Tier-1,AWS Lambda,Compute,us-east-1,31027794154,,,TG3M4CAGBA3NYQBH,167399.67,Seconds
2024-09-12T22:00:00.000Z,2024-09-12T23:00:00.000Z,USD,2.39,2.39,Usage,AWS Lambda - Total Compute - US East (Northern Virginia)-Tier-1,AWS Lambda,Compute,us-east-1,31027794154,,,TG3M4CAGBA3NYQBH,143399.71,Seconds
2024-09-12T23:00:00.000Z,2024-09-13T00:00:00.000Z,USD,5.51,5.51,Usage,AWS Lambda - Total Compute - US East (Northern Virginia)-Tier-1,AWS Lambda,Compute,us-east-1,31027794154,,,TG3M4CAGBA3NYQBH,330599.34,Seconds
2024-09-13T00:00:00.000Z,2024-09-13T01:00:00.000Z,USD,4.69,4.69,Usage,AWS Lambda - Total Compute - US East (Northern Virginia)-Tier-1,AWS Lambda,Compute,us-east-1,31027794154,,,TG3M4CAGBA3NYQBH,281399.44,Seconds
2024-09-13T01:00:00.000Z,2024-09-13T02:00:00.000Z,USD,2.21,2.21,Usage,AWS Lambda - Total Compute - US East (Northern Virginia)-Tier-1,AWS Lambda,Compute,us-east-1,31027794154,,,TG3M4CAGBA3NYQBH,132599.73,Seconds
2024-09-13T02:00:00.000Z,2024-09-13T03:00:00.000Z,USD,4.37,4.37,Usage,AWS Lambda - Total Compute - US East (Northern Virginia)-Tier-1,AWS Lambda,Compute,us-east-1,31027794154,,,TG3M4CAGBA3NYQBH,262199.48,Seconds
2024-09-13T03:00:00.000Z,2024-09-13T04:00:00.000Z,USD,5.78,5.78,Usage,AWS Lambda - Total Compute - US East (Northern Virginia)-Tier-1,AWS Lambda,Compute,us-east-1,31027794154,,,TG3M4CAGBA3NYQBH,346799.31,Seconds
2024-09-13T04:00:00.000Z,2024-09-13T05:00:00.000Z,USD,3.68,3.68,Usage,AWS Lambda - Total Compute - US East (Northern Virginia)-Tier-1,AWS Lambda,Compute,us-east-1,31027794154,,,TG3M4CAGBA3NYQBH,220799.56,Seconds
2024-09-13T05:00:00.000Z,2024-09-13T06:00:00.000Z,USD,3.22,3.22,Usage,AWS Lambda - Total Compute - US East (Northern Virginia)-Tier-1,AWS Lambda,Compute,us-east-1,31027794154,,,TG3M4CAGBA3NYQBH,193199.61,Seconds
2024-09-13T06:00:00.000Z,2024-09-13T07:00:00.000Z,USD,4.6,4.6,Usage,AWS Lambda - Total Compute - US East (Northern Virginia)-Tier-1,AWS Lambda,Compute,us-east-1,31027794154,,,TG3M4CAGBA3NYQBH,275999.45,Seconds
2024-09-13T07:00:00.000Z,2024-09-13T08:00:00.000Z,USD,3.46,3.46,Usage,AWS Lambda - Total Compute - US East (Northern Virginia)-Tier-1,AWS Lambda,Compute,us-east-1,31027794154,,,TG3M4CAGBA3NYQBH,207599.58,Seconds
2024-09-13T08:00:00.000Z,2024-09-13T09:00:00.000Z,USD,9.37,9.37,Usage,AWS Lambda - Total Compute - US East (Northern Virginia)-Tier-1,AWS Lambda,Compute,us-east-1,31027794154,,,TG3M4CAGBA3NYQBH,562198.88,Seconds
2024-09-13T09:00:00.000Z,2024-09-13T10:00:00.000Z,USD,5.71,5.71,Usage,AWS Lambda - Total Compute - US East (Northern Virginia)-Tier-1,AWS Lambda,Compute,us-east-1,31027794154,,,TG3M4CAGBA3NYQBH,342599.31,Seconds
2024-09-13T10:00:00.000Z,2024-09-13T11:00:00.000Z,USD,7.77,7.77,Usage,AWS Lambda - Total Compute - US East (Northern Virginia)-Tier-1,AWS Lambda,Compute,us-east-1,31027794154,,,TG3M4CAGBA3NYQBH,466199.07,Seconds
2024-09-13T11:00:00.000Z,2024-09-13T12:00:00.000Z,USD,6.84,6.84,Usage,AWS Lambda - Total Compute - US East (Northern Virginia)-Tier-1,AWS Lambda,Compute,us-east-1,31027794154,,,TG3M4CAGBA3NYQBH,410399.18,Seconds
2024-09-13T12:00:00.000Z,2024-09-13T13:00:00.000Z,USD,5.02,5.02,Usage,AWS Lambda - Total Compute - US East (Northern Virginia)-Tier-1,AWS Lambda,Compute,us-east-1,31027794154,,,TG3M4CAGBA3NYQBH,301199.4,Seconds
2024-09-13T13:00:00.000Z,2024-09-13T14:00:00.000Z,USD,11.21,11.21,Usage,AWS Lambda - Total Compute - US East (Northern Virginia)-Tier-1,AWS Lambda,Compute,us-east-1,31027794154,,,TG3M4CAGBA3NYQBH,672598.65,Seconds
2024-09-13T14:00:00.000Z,2024-09-13T15:00:00.000Z,USD,8.61,8.61,Usage,AWS Lambda - Total Compute - US East (Northern Virginia)-Tier-1,AWS Lambda,Compute,us-east-1,31027794154,,,TG3M4CAGBA3NYQBH,516598.97,Seconds
2024-09-13T15:00:00.000Z,2024-09-13T16:00:00.000Z,USD,10.01,10.01,Usage,AWS Lambda - Total Compute - US East (Northern Virginia)-Tier-1,AWS Lambda,Compute,us-east-1,31027794154,,,TG3M4CAGBA3NYQBH,600598.8,Seconds
2024-09-13T16:00:00.000Z,2024-09-13T17:00:00.000Z,USD,4.43,4.43,Usage,AWS Lambda - Total Compute - US East (Northern Virginia)-Tier-1,AWS Lambda,Compute,us-east-1,31027794154,,,TG3M4CAGBA3NYQBH,265799.47,Seconds
2024-09-13T17:00:00.000Z,2024-09-13T18:00:00.000Z,USD,10.99,10.99,Usage,AWS Lambda - Total Compute - US East (Northern Virginia)-Tier-1,AWS Lambda,Compute,us-east-1,31027794154,,,TG3M4CAGBA3NYQBH,659398.68,Seconds
2024-09-13T18:00:00.000Z,2024-09-13T19:00:00.000Z,USD,6.3,6.3,Usage,AWS Lambda - Total Compute - US East (Northern Virginia)-Tier-1,AWS Lambda,Compute,us-east-1,31027794154,,,TG3M4CAGBA3NYQBH,377999.24,Seconds
2024-09-13T19:00:00.000Z,2024-09-13T20:00:00.000Z,USD,5.48,5.48,Usage,AWS Lambda - Total Compute - US East (Northern Virginia)-Tier-1,AWS Lambda,Compute,us-east-1,31027794154,,,TG3M4CAGBA3NYQBH,328799.34,Seconds
2024-09-13T20:00:00.000Z,2024-09-13T21:00:00.000Z,USD,6.09,6.09,Usage,AWS Lambda - Total Compute - US East (Northern Virginia)-Tier-1,AWS Lambda,Compute,us-east-1,31027794154,,,TG3M4CAGBA3NYQBH,365399.27,Seconds
2024-09-13T21:00:00.000Z,2024-09-13T22:00:00.000Z,USD,2.99,2.99,Usage,AWS Lambda - Total Compute - US East (Northern Virginia)-Tier-1,AWS Lambda,Compute,us-east-1,31027794154,,,TG3M4CAGBA3NYQBH,179399.64,Seconds
2024-09-13T22:00:00.000Z,2024-09-13T23:00:00.000Z,USD,6.16,6.16,Usage,AWS Lambda - Total Compute - US East (Northern Virginia)-Tier-1,AWS Lambda,Compute,us-east-1,31027794154,,,TG3M4CAGBA3NYQBH,369599.26,Seconds
2024-09-13T23:00:00.000Z,2024-09-14T00:00:00.000Z,USD,3.04,3.04,Usage,AWS Lambda - Total Compute - US East (Northern Virginia)-Tier-1,AWS Lambda,Compute,us-east-1,31027794154,,,TG3M4CAGBA3NYQBH,182399.64,Seconds
2024-09-14T00:00:00.000Z,2024-09-14T01:00:00.000Z,USD,2.6,2.6,Usage,AWS Lambda - Total Compute - US East (Northern Virginia)-Tier-1,AWS Lambda,Compute,us-east-1,31027794154,,,TG3M4CAGBA3NYQBH,155999.69,Seconds
2024-09-14T01:00:00.000Z,2024-09-14T02:00:00.000Z,USD,3.6,3.6,Usage,AWS Lambda - Total Compute - US East (Northern Virginia)-Tier-1,AWS Lambda,Compute,us-east-1,31027794154,,,TG3M4CAGBA3NYQBH,215999.57,Seconds
2024-09-14T02:00:00.000Z,2024-09-14T03:00:00.000Z,USD,2.42,2.42,Usage,AWS Lambda - Total Compute - US East (Northern Virginia)-Tier-1,AWS Lambda,Compute,us-east-1,31027794154,,,TG3M4CAGBA3NYQBH,145199.71,Seconds
2024-09-14T03:00:00.000Z,2024-09-14T04:00:00.000Z,USD,3.98,3.98,Usage,AWS Lambda - Total Compute - US East (Northern Virginia)-Tier-1,AWS Lambda,Compute,us-east-1,31027794154,,,TG3M4CAGBA3NYQBH,238799.52,Seconds
2024-09-14T04:00:00.000Z,2024-09-14T05:00:00.000Z,USD,3.72,3.72,Usage,AWS Lambda - Total Compute - US East (Northern Virginia)-Tier-1,AWS Lambda,Compute,us-east-1,31027794154,,,TG3M4CAGBA3NYQBH,223199.55,Seconds
2024-09-14T05:00:00.000Z,2024-09-14T06:00:00.000Z,USD,1.79,1.79,Usage,AWS Lambda - Total Compute - US East (Northern Virginia)-Tier-1,AWS Lambda,Compute,us-east-1,31027794154,,,TG3M4CAGBA3NYQBH,107399.79,Seconds
2024-09-14T06:00:00.000Z,2024-09-14T07:00:00.000Z,USD,2.26,2.26,Usage,AWS Lambda - Total Compute - US East (Northern Virginia)-Tier-1,AWS Lambda,Compute,us-east-1,31027794154,,,TG3M4CAGBA3NYQBH,135599.73,Seconds
2024-09-14T07:00:00.000Z,2024-09-14T08:00:00.000Z,USD,1.74,1.74,Usage,AWS Lambda - Total Compute - US East (Northern Virginia)-Tier-1,AWS Lambda,Compute,us-east-1,31027794154,,,TG3M4CAGBA3NYQBH,104399.79,Seconds
2024-09-14T08:00:00.000Z,2024-09-14T09:00:00.000Z,USD,2.59,2.59,Usage,AWS Lambda - Total Compute - US East (Northern Virginia)-Tier-1,AWS Lambda,Compute,us-east-1,31027794154,,,TG3M4CAGBA3NYQBH,155399.69,Seconds
2024-09-14T09:00:00.000Z,2024-09-14T10:00:00.000Z,USD,4.12,4.12,Usage,AWS Lambda - Total Compute - US East (Northern Virginia)-Tier-1,AWS Lambda,Compute,us-east-1,31027794154,,,TG3M4CAGBA3NYQBH,247199.51,Seconds
2024-09-14T10:00:00.000Z,2024-09-14T11:00:00.000Z,USD,2.81,2.81,Usage,AWS Lambda - Total Compute - US East (Northern Virginia)-Tier-1,AWS Lambda,Compute,us-east-1,31027794154,,,TG3M4CAGBA3NYQBH,168599.66,Seconds
2024-09-14T11:00:00.000Z,2024-09-14T12:00:00.000Z,USD,3.19,3.19,Usage,AWS Lambda - Total Compute - US East (Northern Virginia)-Tier-1,AWS Lambda,Compute,us-east-1,31027794154,,,TG3M4CAGBA3NYQBH,191399.62,Seconds
2024-09-14T12:00:00.000Z,2024-09-14T13:00:00.000Z,USD,2.01,2.01,Usage,AWS Lambda - Total Compute - US East (Northern Virginia)-Tier-1,AWS Lambda,Compute,us-east-1,31027794154,,,TG3M4CAGBA3NYQBH,120599.76,Seconds
2024-09-14T13:00:00.000Z,2024-09-14T14:00:00.000Z,USD,4.12,4.12,Usage,AWS Lambda - Total Compute - US East (Northern Virginia)-Tier-1,AWS Lambda,Compute,us-east-1,31027794154,,,TG3M4CAGBA3NYQBH,247199.51,Seconds
2024-09-14T14:00:00.000Z,2024-09-14T15:00:00.000Z,USD,3.6,3.6,Usage,AWS Lambda - Total Compute - US East (Northern Virginia)-Tier-1,AWS Lambda,Compute,us-east-1,31027794154,,,TG3M4CAGBA3NYQBH,215999.57,Seconds
2024-09-14T15:00:00.000Z,2024-09-14T16:00:00.000Z,USD,4.16,4.16,Usage,AWS Lambda - Total Compute - US East (Northern Virginia)-Tier-1,AWS Lambda,Compute,us-east-1,31027794154,,,TG3M4CAGBA3NYQBH,249599.5,Seconds
2024-09-14T16:00:00.000Z,2024-09-14T17:00:00.000Z,USD,2.37,2.37,Usage,AWS Lambda - Total Compute - US East (Northern Virginia)-Tier-1,AWS Lambda,Compute,us-east-1,31027794154,,,TG3M4CAGBA3NYQBH,142199.72,Seconds
2024-09-14T17:00:00.000Z,2024-09-14T18:00:00.000Z,USD,3.35,3.35,Usage,AWS Lambda - Total Compute - US East (Northern Virginia)-Tier-1,AWS Lambda,Compute,us-east-1,31027794154,,,TG3M4CAGBA3NYQBH,200999.6,Seconds
2024-09-14T18:00:00.000Z,2024-09-14T19:00:00.000Z,USD,3.66,3.66,Usage,AWS Lambda - Total Compute - US East (Northern Virginia)-Tier-1,AWS Lambda,Compute,us-east-1,31027794154,,,TG3M4CAGBA3NYQBH,219599.56,Seconds
2024-09-14T19:00:00.000Z,2024-09-14T20:00:00.000Z,USD,3.04,3.04,Usage,AWS Lambda - Total Compute - US East (Northern Virginia)-Tier-1,AWS Lambda,Compute,us-east-1,31027794154,,,TG3M4CAGBA3NYQBH,182399.64,Seconds
2024-09-14T20:00:00.000Z,2024-09-14T21:00:00.000Z,USD,2.23,2.23,Usage,AWS Lambda - Total Compute - US East (Northern Virginia)-Tier-1,AWS Lambda,Compute,us-east-1,31027794154,,,TG3M4CAGBA3NYQBH,133799.73,Seconds
2024-09-14T21:00:00.000Z,2024-09-14T22:00:00.000Z,USD,4.23,4.23,Usage,AWS Lambda - Total Compute - US East (Northern Virginia)-Tier-1,AWS Lambda,Compute,us-east-1,31027794154,,,TG3M4CAGBA3NYQBH,253799.49,Seconds
2024-09-14T22:00:00.000Z,2024-09-14T23:00:00.000Z,USD,2.15,2.15,Usage,AWS Lambda - Total Compute - US East (Northern Virginia)-Tier-1,AWS Lambda,Compute,us-east-1,31027794154,,,TG3M4CAGBA3NYQBH,128999.74,Seconds
2024-09-14T23:00:00.000Z,2024-09-15T00:00:00.000Z,USD,3.48,3.48,Usage,AWS Lambda - Total Compute - US East (Northern Virginia)-Tier-1,AWS Lambda,Compute,us-east-1,31027794154,,,TG3M4CAGBA3NYQBH,208799.58,Seconds
2024-09-15T00:00:00.000Z,2024-09-15T01:00:00.000Z,USD,3.68,3.68,Usage,AWS Lambda - Total Compute - US East (Northern Virginia)-Tier-1,AWS Lambda,Compute,us-east-1,31027794154,,,TG3M4CAGBA3NYQBH,220799.56,Seconds
2024-09-15T01:00:00.000Z,2024-09-15T02:00:00.000Z,USD,1.57,1.57,Usage,AWS Lambda - Total Compute - US East (Northern Virginia)-Tier-1,AWS Lambda,Compute,us-east-1,31027794154,,,TG3M4CAGBA3NYQBH,94199.81,Seconds
2024-09-15T02:00:00.000Z,2024-09-15T03:00:00.000Z,USD,3.61,3.61,Usage,AWS Lambda - Total Compute - US East (Northern Virginia)-Tier-1,AWS Lambda,Compute,us-east-1,31027794154,,,TG3M4CAGBA3NYQBH,216599.57,Seconds
2024-09-15T03:00:00.000Z,2024-09-15T04:00:00.000Z,USD,2.42,2.42,Usage,AWS Lambda - Total Compute - US East (Northern Virginia)-Tier-1,AWS Lambda,Compute,us-east-1,31027794154,,,TG3M4CAGBA3NYQBH,145199.71,Seconds
2024-09-15T04:00:00.000Z,2024-09-15T05:00:00.000Z,USD,2.91,2.91,Usage,AWS Lambda - Total Compute - US East (Northern Virginia)-Tier-1,AWS Lambda,Compute,us-east-1,31027794154,,,TG3M4CAGBA3NYQBH,174599.65,Seconds
2024-09-15T05:00:00.000Z,2024-09-15T06:00:00.000Z,USD,3.86,3.86,Usage,AWS Lambda - Total Compute - US East (Northern Virginia)-Tier-1,AWS Lambda,Compute,us-east-1,31027794154,,,TG3M4CAGBA3NYQBH,231599.54,Seconds
2024-09-15T06:00:00.000Z,2024-09-15T07:00:00.000Z,USD,4.26,4.26,Usage,AWS Lambda - Total Compute - US East (Northern Virginia)-Tier-1,AWS Lambda,Compute,us-east-1,31027794154,,,TG3M4CAGBA3NYQBH,255599.49,Seconds
2024-09-15T07:00:00.000Z,2024-09-15T08:00:00.000Z,USD,2.94,2.94,Usage,AWS Lambda - Total Compute - US East (Northern Virginia)-Tier-1,AWS Lambda,Compute,us-east-1,31027794154,,,TG3M4CAGBA3NYQBH,176399.65,Seconds
2024-09-15T08:00:00.000Z,2024-09-15T09:00:00.000Z,USD,3.03,3.03,Usage,AWS Lambda - Total Compute - US East (Northern Virginia)-Tier-1,AWS Lambda,Compute,us-east-1,31027794154,,,TG3M4CAGBA3NYQBH,181799.64,Seconds
2024-09-15T09:00:00.000Z,2024-09-15T10:00:00.000Z,USD,3.98,3.98,Usage,AWS Lambda - Total Compute - US East (Northern Virginia)-Tier-1,AWS Lambda,Compute,us-east-1,31027794154,,,TG3M4CAGBA3NYQBH,238799.52,Seconds
2024-09-15T10:00:00.000Z,2024-09-15T11:00:00.000Z,USD,2.5,2.5,Usage,AWS Lambda - Total Compute - US East (Northern Virginia)-Tier-1,AWS Lambda,Compute,us-east-1,31027794154,,,TG3M4CAGBA3NYQBH,149999.7,Seconds
2024-09-15T11:00:00.000Z,2024-09-15T12:00:00.000Z,USD,1.61,1.61,Usage,AWS Lambda - Total Compute - US East (Northern Virginia)-Tier-1,AWS Lambda,Compute,us-east-1,31027794154,,,TG3M4CAGBA3NYQBH,96599.81,Seconds
2024-09-15T12:00:00.000Z,2024-09-15T13:00:00.000Z,USD,2.64,2.64,Usage,AWS Lambda - Total Compute - US East (Northern Virginia)-Tier-1,AWS Lambda,Compute,us-east-1,31027794154,,,TG3M4CAGBA3NYQBH,158399.68,Seconds
2024-09-15T13:00:00.000Z,2024-09-15T14:00:00.000Z,USD,3.4,3.4,Usage,AWS Lambda - Total Compute - US East (Northern Virginia)-Tier-1,AWS Lambda,Compute,us-east-1,31027794154,,,TG3M4CAGBA3NYQBH,203999.59,Seconds
2024-09-15T14:00:00.000Z,2024-09-15T15:00:00.000Z,USD,2.61,2.61,Usage,AWS Lambda - Total Compute - US East (Northern Virginia)-Tier-1,AWS Lambda,Compute,us-east-1,31027794154,,,TG3M4CAGBA3NYQBH,156599.69,Seconds
2024-09-15T15:00:00.000Z,2024-09-15T16:00:00.000Z,USD,3.2,3.2,Usage,AWS Lambda - Total Compute - US East (Northern Virginia)-Tier-1,AWS Lambda,Compute,us-east-1,31027794154,,,TG3M4CAGBA3NYQBH,191999.62,Seconds
2024-09-15T16:00:00.000Z,2024-09-15T17:00:00.000Z,USD,1.7,1.7,Usage,AWS Lambda - Total Compute - US East (Northern Virginia)-Tier-1,AWS Lambda,Compute,us-east-1,31027794154,,,TG3M4CAGBA3NYQBH,101999.8,Seconds
2024-09-15T17:00:00.000Z,2024-09-15T18:00:00.000Z,USD,1.97,1.97,Usage,AWS Lambda - Total Compute - US East (Northern Virginia)-Tier-1,AWS Lambda,Compute,us-east-1,31027794154,,,TG3M4CAGBA3NYQBH,118199.76,Seconds
2024-09-15T18:00:00.000Z,2024-09-15T19:00:00.000Z,USD,3.93,3.93,Usage,AWS Lambda - Total Compute - US East (Northern Virginia)-Tier-1,AWS Lambda,Compute,us-east-1,31027794154,,,TG3M4CAGBA3NYQBH,235799.53,Seconds
2024-09-15T19:00:00.000Z,2024-09-15T20:00:00.000Z,USD,2.33,2.33,Usage,AWS Lambda - Total Compute - US East (Northern Virginia)-Tier-1,AWS Lambda,Compute,us-east-1,31027794154,,,TG3M4CAGBA3NYQBH,139799.72,Seconds
2024-09-15T20:00:00.000Z,2024-09-15T21:00:00.000Z,USD,1.58,1.58,Usage,AWS Lambda - Total Compute - US East (Northern Virginia)-Tier-1,AWS Lambda,Compute,us-east-1,31027794154,,,TG3M4CAGBA3NYQBH,94799.81,Seconds
2024-09-15T21:00:00.000Z,2024-09-15T22:00:00.000Z,USD,2.37,2.37,Usage,AWS Lambda - Total Compute - US East (Northern Virginia)-Tier-1,AWS Lambda,Compute,us-east-1,31027794154,,,TG3M4CAGBA3NYQBH,142199.72,Seconds
2024-09-15T22:00:00.000Z,2024-09-15T23:00:00.000Z,USD,3.71,3.71,Usage,AWS Lambda - Total Compute - US East (Northern Virginia)-Tier-1,AWS Lambda,Compute,us-east-1,31027794154,,,TG3M4CAGBA3NYQBH,222599.55,Seconds
2024-09-15T23:00:00.000Z,2024-09-16T00:00:00.000Z,USD,4.05,4.05,Usage,AWS Lambda - Total Compute - US East (Northern Virginia)-Tier-1,AWS Lambda,Compute,us-east-1,31027794154,,,TG3M4CAGBA3NYQBH,242999.51,Seconds
2024-09-16T00:00:00.000Z,2024-09-16T01:00:00.000Z,USD,4.18,4.18,Usage,AWS Lambda - Total Compute - US East (Northern Virginia)-Tier-1,AWS Lambda,Compute,us-east-1,31027794154,,,TG3M4CAGBA3NYQBH,250799.5,Seconds
2024-09-16T01:00:00.000Z,2024-09-16T02:00:00.000Z,USD,4.01,4.01,Usage,AWS Lambda - Total Compute - US East (Northern Virginia)-Tier-1,AWS Lambda,Compute,us-east-1,31027794154,,,TG3M4CAGBA3NYQBH,240599.52,Seconds
2024-09-16T02:00:00.000Z,2024-09-16T03:00:00.000Z,USD,5.2,5.2,Usage,AWS Lambda - Total Compute - US East (Northern Virginia)-Tier-1,AWS Lambda,Compute,us-east-1,31027794154,,,TG3M4CAGBA3NYQBH,311999.38,Seconds
2024-09-16T03:00:00.000Z,2024-09-16T04:00:00.000Z,USD,3,3,Usage,AWS Lambda - Total Compute - US East (Northern Virginia)-Tier-1,AWS Lambda,Compute,us-east-1,31027794154,,,TG3M4CAGBA3NYQBH,179999.64,Seconds
2024-09-16T04:00:00.000Z,2024-09-16T05:00:00.000Z,USD,2.68,2.68,Usage,AWS Lambda - Total Compute - US East (Northern Virginia)-Tier-1,AWS Lambda,Compute,us-east-1,31027794154,,,TG3M4CAGBA3NYQBH,160799.68,Seconds
2024-09-16T05:00:00.000Z,2024-09-16T06:00:00.000Z,USD,5.05,5.05,Usage,AWS Lambda - Total Compute - US East (Northern Virginia)-Tier-1,AWS Lambda,Compute,us-east-1,31027794154,,,TG3M4CAGBA3NYQBH,302999.39,Seconds
2024-09-16T06:00:00.000Z,2024-09-16T07:00:00.000Z,USD,2.96,2.96,Usage,AWS Lambda - Total Compute - US East (Northern Virginia)-Tier-1,AWS Lambda,Compute,us-east-1,31027794154,,,TG3M4CAGBA3NYQBH,177599.64,Seconds
2024-09-16T07:00:00.000Z,2024-09-16T08:00:00.000Z,USD,3.66,3.66,Usage,AWS Lambda - Total Compute - US East (Northern Virginia)-Tier-1,AWS Lambda,Compute,us-east-1,31027794154,,,TG3M4CAGBA3NYQBH,219599.56,Seconds
2024-09-16T08:00:00.000Z,2024-09-16T09:00:00.000Z,USD,5.93,5.93,Usage,AWS Lambda - Total Compute - US East (Northern Virginia)-Tier-1,AWS Lambda,Compute,us-east-1,31027794154,,,TG3M4CAGBA3NYQBH,355799.29,Seconds
2024-09-16T09:00:00.000Z,2024-09-16T10:00:00.000Z,USD,9.1,9.1,Usage,AWS Lambda - Total Compute - US East (Northern Virginia)-Tier-1,AWS Lambda,Compute,us-east-1,31027794154,,,TG3M4CAGBA3NYQBH,545998.91,Seconds
2024-09-16T10:00:00.000Z,2024-09-16T11:00:00.000Z,USD,9.48,9.48,Usage,AWS Lambda - Total Compute - US East (Northern Virginia)-Tier-1,AWS Lambda,Compute,us-east-1,31027794154,,,TG3M4CAGBA3NYQBH,568798.86,Seconds
2024-09-16T11:00:00.000Z,2024-09-16T12:00:00.000Z,USD,6.26,6.26,Usage,AWS Lambda - Total Compute - US East (Northern Virginia)-Tier-1,AWS Lambda,Compute,us-east-1,31027794154,,,TG3M4CAGBA3NYQBH,375599.25,Seconds
2024-09-16T12:00:00.000Z,2024-09-16T13:00:00.000Z,USD,5.3,5.3,Usage,AWS Lambda - Total Compute - US East (Northern Virginia)-Tier-1,AWS Lambda,Compute,us-east-1,31027794154,,,TG3M4CAGBA3NYQBH,317999.36,Seconds
2024-09-16T13:00:00.000Z,2024-09-16T14:00:00.000Z,USD,7.18,7.18,Usage,AWS Lambda - Total Compute - US East (Northern Virginia)-Tier-1,AWS Lambda,Compute,us-east-1,31027794154,,,TG3M4CAGBA3NYQBH,430799.14,Seconds
2024-09-16T14:00:00.000Z,2024-09-16T15:00:00.000Z,USD,5.53,5.53,Usage,AWS Lambda - Total Compute - US East (Northern Virginia)-Tier-1,AWS Lambda,Compute,us-east-1,31027794154,,,TG3M4CAGBA3NYQBH,331799.34,Seconds
2024-09-16T15:00:00.000Z,2024-09-16T16:00:00.000Z,USD,10.34,10.34,Usage,AWS Lambda - Total Compute - US East (Northern Virginia)-Tier-1,AWS Lambda,Compute,us-east-1,31027794154,,,TG3M4CAGBA3NYQBH,620398.76,Seconds
2024-09-16T16:00:00.000Z,2024-09-16T17:00:00.000Z,USD,6.03,6.03,Usage,AWS Lambda - Total Compute - US East (Northern Virginia)-Tier-1,AWS Lambda,Compute,us-east-1,31027794154,,,TG3M4CAGBA3NYQBH,361799.28,Seconds
2024-09-16T17:00:00.000Z,2024-09-16T18:00:00.000Z,USD,9.22,9.22,Usage,AWS Lambda - Total Compute - US East (Northern Virginia)-Tier-1,AWS Lambda,Compute,us-east-1,31027794154,,,TG3M4CAGBA3NYQBH,553198.89,Seconds
2024-09-16T18:00:00.000Z,2024-09-16T19:00:00.000Z,USD,10.85,10.85,Usage,AWS Lambda - Total Compute - US East (Northern Virginia)-Tier-1,AWS Lambda,Compute,us-east-1,31027794154,,,TG3M4CAGBA3NYQBH,650998.7,Seconds
2024-09-16T19:00:00.000Z,2024-09-16T20:00:00.000Z,USD,10.97,10.97,Usage,AWS Lambda - Total Compute - US East (Northern Virginia)-Tier-1,AWS Lambda,Compute,us-east-1,31027794154,,,TG3M4CAGBA3NYQBH,658198.68,Seconds
2024-09-16T20:00:00.000Z,2024-09-16T21:00:00.000Z,USD,5.56,5.56,Usage,AWS Lambda - Total Compute - US East (Northern Virginia)-Tier-1,AWS Lambda,Compute,us-east-1,31027794154,,,TG3M4CAGBA3NYQBH,333599.33,Seconds
2024-09-16T21:00:00.000Z,2024-09-16T22:00:00.000Z,USD,4.82,4.82,Usage,AWS Lambda - Total Compute - US East (Northern Virginia)-Tier-1,AWS Lambda,Compute,us-east-1,31027794154,,,TG3M4CAGBA3NYQBH,289199.42,Seconds
2024-09-16T22:00:00.000Z,2024-09-16T23:00:00.000Z,USD,3.52,3.52,Usage,AWS Lambda - Total Compute - US East (Northern Virginia)-Tier-1,AWS Lambda,Compute,us-east-1,31027794154,,,TG3M4CAGBA3NYQBH,211199.58,Seconds
2024-09-16T23:00:00.000Z,2024-09-17T00:00:00.000Z,USD,2.46,2.46,Usage,AWS Lambda - Total Compute - US East (Northern Virginia)-Tier-1,AWS Lambda,Compute,us-east-1,31027794154,,,TG3M4CAGBA3NYQBH,147599.7,Seconds
2024-09-17T00:00:00.000Z,2024-09-17T01:00:00.000Z,USD,4.86,4.86,Usage,AWS Lambda - Total Compute - US East (Northern Virginia)-Tier-1,AWS Lambda,Compute,us-east-1,31027794154,,,TG3M4CAGBA3NYQBH,291599.42,Seconds
2024-09-17T01:00:00.000Z,2024-09-17T02:00:00.000Z,USD,4.83,4.83,Usage,AWS Lambda - Total Compute - US East (Northern Virginia)-Tier-1,AWS Lambda,Compute,us-east-1,31027794154,,,TG3M4CAGBA3NYQBH,289799.42,Seconds
2024-09-17T02:00:00.000Z,2024-09-17T03:00:00.000Z,USD,6.11,6.11,Usage,AWS Lambda - Total Compute - US East (Northern Virginia)-Tier-1,AWS Lambda,Compute,us-east-1,31027794154,,,TG3M4CAGBA3NYQBH,366599.27,Seconds
2024-09-17T03:00:00.000Z,2024-09-17T04:00:00.000Z,USD,3.8,3.8,Usage,AWS Lambda - Total Compute - US East (Northern Virginia)-Tier-1,AWS Lambda,Compute,us-east-1,31027794154,,,TG3M4CAGBA3NYQBH,227999.54,Seconds
2024-09-17T04:00:00.000Z,2024-09-17T05:00:00.000Z,USD,3.18,3.18,Usage,AWS Lambda - Total Compute - US East (Northern Virginia)-Tier-1,AWS Lambda,Compute,us-east-1,31027794154,,,TG3M4CAGBA3NYQBH,190799.62,Seconds
2024-09-17T05:00:00.000Z,2024-09-17T06:00:00.000Z,USD,2.75,2.75,Usage,AWS Lambda - Total Compute - US East (Northern Virginia)-Tier-1,AWS Lambda,Compute,us-east-1,31027794154,,,TG3M4CAGBA3NYQBH,164999.67,Seconds
2024-09-17T06:00:00.000Z,2024-09-17T07:00:00.000Z,USD,3.42,3.42,Usage,AWS Lambda - Total Compute - US East (Northern Virginia)-Tier-1,AWS Lambda,Compute,us-east-1,31027794154,,,TG3M4CAGBA3NYQBH,205199.59,Seconds
2024-09-17T07:00:00.000Z,2024-09-17T08:00:00.000Z,USD,4.86,4.86,Usage,AWS Lambda - Total Compute - US East (Northern Virginia)-Tier-1,AWS Lambda,Compute,us-east-1,31027794154,,,TG3M4CAGBA3NYQBH,291599.42,Seconds
2024-09-17T08:00:00.000Z,2024-09-17T09:00:00.000Z,USD,9.74,9.74,Usage,AWS Lambda - Total Compute - US East (Northern Virginia)-Tier-1,AWS Lambda,Compute,us-east-1,31027794154,,,TG3M4CAGBA3NYQBH,584398.83,Seconds
2024-09-17T09:00:00.000Z,2024-09-17T10:00:00.000Z,USD,5.76,5.76,Usage,AWS Lambda - Total Compute - US East (Northern Virginia)-Tier-1,AWS Lambda,Compute,us-east-1,31027794154,,,TG3M4CAGBA3NYQBH,345599.31,Seconds
2024-09-17T10:00:00.000Z,2024-09-17T11:00:00.000Z,USD,9.62,9.62,Usage,AWS Lambda - Total Compute - US East (Northern Virginia)-Tier-1,AWS Lambda,Compute,us-east-1,31027794154,,,TG3M4CAGBA3NYQBH,577198.85,Seconds
2024-09-17T11:00:00.000Z,2024-09-17T12:00:00.000Z,USD,6.07,6.07,Usage,AWS Lambda - Total Compute - US East (Northern Virginia)-Tier-1,AWS Lambda,Compute,us-east-1,31027794154,,,TG3M4CAGBA3NYQBH,364199.27,Seconds
2024-09-17T12:00:00.000Z,2024-09-17T13:00:00.000Z,USD,5.86,5.86,Usage,AWS Lambda - Total Compute - US East (Northern Virginia)-Tier-1,AWS Lambda,Compute,us-east-1,31027794154,,,TG3M4CAGBA3NYQBH,351599.3,Seconds
2024-09-17T13:00:00.000Z,2024-09-17T14:00:00.000Z,USD,4.21,4.21,Usage,AWS Lambda - Total Compute - US East (Northern Virginia)-Tier-1,AWS Lambda,Compute,us-east-1,31027794154,,,TG3M4CAGBA3NYQBH,252599.49,Seconds
2024-09-17T14:00:00.000Z,2024-09-17T15:00:00.000Z,USD,10.41,10.41,Usage,AWS Lambda - Total Compute - US East (Northern Virginia)-Tier-1,AWS Lambda,Compute,us-east-1,31027794154,,,TG3M4CAGBA3NYQBH,624598.75,Seconds
2024-09-17T15:00:00.000Z,2024-09-17T16:00:00.000Z,USD,11.32,11.32,Usage,AWS Lambda - Total Compute - US East (Northern Virginia)-Tier-1,AWS Lambda,Compute,us-east-1,31027794154,,,TG3M4CAGBA3NYQBH,679198.64,Seconds
2024-09-17T16:00:00.000Z,2024-09-17T17:00:00.000Z,USD,6.37,6.37,Usage,AWS Lambda - Total Compute - US East (Northern Virginia)-Tier-1,AWS Lambda,Compute,us-east-1,31027794154,,,TG3M4CAGBA3NYQBH,382199.24,Seconds
2024-09-17T17:00:00.000Z,2024-09-17T18:00:00.000Z,USD,9.24,9.24,Usage,AWS Lambda - Total Compute - US East (Northern Virginia)-Tier-1,AWS Lambda,Compute,us-east-1,31027794154,,,TG3M4CAGBA3NYQBH,554398.89,Seconds
2024-09-17T18:00:00.000Z,2024-09-17T19:00:00.000Z,USD,6.57,6.57,Usage,AWS Lambda - Total Compute - US East (Northern Virginia)-Tier-1,AWS Lambda,Compute,us-east-1,31027794154,,,TG3M4CAGBA3NYQBH,394199.21,Seconds
2024-09-17T19:00:00.000Z,2024-09-17T20:00:00.000Z,USD,8.05,8.05,Usage,AWS Lambda - Total Compute - US East (Northern Virginia)-Tier-1,AWS Lambda,Compute,us-east-1,31027794154,,,TG3M4CAGBA3NYQBH,482999.03,Seconds
2024-09-17T20:00:00.000Z,2024-09-17T21:00:00.000Z,USD,4.31,4.31,Usage,AWS Lambda - Total Compute - US East (Northern Virginia)-Tier-1,AWS Lambda,Compute,us-east-1,31027794154,,,TG3M4CAGBA3NYQBH,258599.48,Seconds
2024-09-17T21:00:00.000Z,2024-09-17T22:00:00.000Z,USD,4.44,4.44,Usage,AWS Lambda - Total Compute - US East (Northern Virginia)-Tier-1,AWS Lambda,Compute,us-east-1,31027794154,,,TG3M4CAGBA3NYQBH,266399.47,Seconds
2024-09-17T22:00:00.000Z,2024-09-17T23:00:00.000Z,USD,5.54,5.54,Usage,AWS Lambda - Total Compute - US East (Northern Virginia)-Tier-1,AWS Lambda,Compute,us-east-1,31027794154,,,TG3M4CAGBA3NYQBH,332399.34,Seconds
2024-09-17T23:00:00.000Z,2024-09-18T00:00:00.000Z,USD,3.79,3.79,Usage,AWS Lambda - Total Compute - US East (Northern Virginia)-Tier-1,AWS Lambda,Compute,us-east-1,31027794154,,,TG3M4CAGBA3NYQBH,227399.55,Seconds
2024-09-18T00:00:00.000Z,2024-09-18T01:00:00.000Z,USD,3.38,3.38,Usage,AWS Lambda - Total Compute - US East (Northern Virginia)-Tier-1,AWS Lambda,Compute,us-east-1,31027794154,,,TG3M4CAGBA3NYQBH,202799.59,Seconds
2024-09-18T01:00:00.000Z,2024-09-18T02:00:00.000Z,USD,5.11,5.11,Usage,AWS Lambda - Total Compute - US East (Northern Virginia)-Tier-1,AWS Lambda,Compute,us-east-1,31027794154,,,TG3M4CAGBA3NYQBH,306599.39,Seconds
2024-09-18T02:00:00.000Z,2024-09-18T03:00:00.000Z,USD,5.25,5.25,Usage,AWS Lambda - Total Compute - US East (Northern Virginia)-Tier-1,AWS Lambda,Compute,us-east-1,31027794154,,,TG3M4CAGBA3NYQBH,314999.37,Seconds
2024-09-18T03:00:00.000Z,2024-09-18T04:00:00.000Z,USD,5.22,5.22,Usage,AWS Lambda - Total Compute - US East (Northern Virginia)-Tier-1,AWS Lambda,Compute,us-east-1,31027794154,,,TG3M4CAGBA3NYQBH,313199.37,Seconds
2024-09-18T04:00:00.000Z,2024-09-18T05:00:00.000Z,USD,4.43,4.43,Usage,AWS Lambda - Total Compute - US East (Northern Virginia)-Tier-1,AWS Lambda,Compute,us-east-1,31027794154,,,TG3M4CAGBA3NYQBH,265799.47,Seconds
2024-09-18T05:00:00.000Z,2024-09-18T06:00:00.000Z,USD,6,6,Usage,AWS Lambda - Total Compute - US East (Northern Virginia)-Tier-1,AWS Lambda,Compute,us-east-1,31027794154,,,TG3M4CAGBA3NYQBH,359999.28,Seconds
2024-09-18T06:00:00.000Z,2024-09-18T07:00:00.000Z,USD,4.72,4.72,Usage,AWS Lambda - Total Compute - US East (Northern Virginia)-Tier-1,AWS Lambda,Compute,us-east-1,31027794154,,,TG3M4CAGBA3NYQBH,283199.43,Seconds
2024-09-18T07:00:00.000Z,2024-09-18T08:00:00.000Z,USD,3.32,3.32,Usage,AWS Lambda - Total Compute - US East (Northern Virginia)-Tier-1,AWS Lambda,Compute,us-east-1,31027794154,,,TG3M4CAGBA3NYQBH,199199.6,Seconds
2024-09-18T08:00:00.000Z,2024-09-18T09:00:00.000Z,USD,4.74,4.74,Usage,AWS Lambda - Total Compute - US East (Northern Virginia)-Tier-1,AWS Lambda,Compute,us-east-1,31027794154,,,TG3M4CAGBA3NYQBH,284399.43,Seconds
2024-09-18T09:00:00.000Z,2024-09-18T10:00:00.000Z,USD,10.14,10.14,Usage,AWS Lambda - Total Compute - US East (Northern Virginia)-Tier-1,AWS Lambda,Compute,us-east-1,31027794154,,,TG3M4CAGBA3NYQBH,608398.78,Seconds
2024-09-18T10:00:00.000Z,2024-09-18T11:00:00.000Z,USD,10.87,10.87,Usage,AWS Lambda - Total Compute - US East (Northern Virginia)-Tier-1,AWS Lambda,Compute,us-east-1,31027794154,,,TG3M4CAGBA3NYQBH,652198.7,Seconds
2024-09-18T11:00:00.000Z,2024-09-18T12:00:00.000Z,USD,3.99,3.99,Usage,AWS Lambda - Total Compute - US East (Northern Virginia)-Tier-1,AWS Lambda,Compute,us-east-1,31027794154,,,TG3M4CAGBA3NYQBH,239399.52,Seconds
2024-09-18T12:00:00.000Z,2024-09-18T13:00:00.000Z,USD,6.27,6.27,Usage,AWS Lambda - Total Compute - US East (Northern Virginia)-Tier-1,AWS Lambda,Compute,us-east-1,31027794154,,,TG3M4CAGBA3NYQBH,376199.25,Seconds
2024-09-18T13:00:00.000Z,2024-09-18T14:00:00.000Z,USD,10.61,10.61,Usage,AWS Lambda - Total Compute - US East (Northern Virginia)-Tier-1,AWS Lambda,Compute,us-east-1,31027794154,,,TG3M4CAGBA3NYQBH,636598.73,Seconds
2024-09-18T14:00:00.000Z,2024-09-18T15:00:00.000Z,USD,3.97,3.97,Usage,AWS Lambda - Total Compute - US East (Northern Virginia)-Tier-1,AWS Lambda,Compute,us-east-1,31027794154,,,TG3M4CAGBA3NYQBH,238199.52,Seconds
2024-09-18T15:00:00.000Z,2024-09-18T16:00:00.000Z,USD,5.69,5.69,Usage,AWS Lambda - Total Compute - US East (Northern Virginia)-Tier-1,AWS Lambda,Compute,us-east-1,31027794154,,,TG3M4CAGBA3NYQBH,341399.32,Seconds
2024-09-18T16:00:00.000Z,2024-09-18T17:00:00.000Z,USD,5.48,5.48,Usage,AWS Lambda - Total Compute - US East (Northern Virginia)-Tier-1,AWS Lambda,Compute,us-east-1,31027794154,,,TG3M4CAGBA3NYQBH,328799.34,Seconds
2024-09-18T17:00:00.000Z,2024-09-18T18:00:00.000Z,USD,6.05,6.05,Usage,AWS Lambda - Total Compute - US East (Northern Virginia)-Tier-1,AWS Lambda,Compute,us-east-1,31027794154,,,TG3M4CAGBA3NYQBH,362999.27,Seconds
2024-09-18T18:00:00.000Z,2024-09-18T19:00:00.000Z,USD,11.69,11.69,Usage,AWS Lambda - Total Compute - US East (Northern Virginia)-Tier-1,AWS Lambda,Compute,us-east-1,31027794154,,,TG3M4CAGBA3NYQBH,701398.6,Seconds
2024-09-18T19:00:00.000Z,2024-09-18T20:00:00.000Z,USD,5.51,5.51,Usage,AWS Lambda - Total Compute - US East (Northern Virginia)-Tier-1,AWS Lambda,Compute,us-east-1,31027794154,,,TG3M4CAGBA3NYQBH,330599.34,Seconds
2024-09-18T20:00:00.000Z,2024-09-18T21:00:00.000Z,USD,3.06,3.06,Usage,AWS Lambda - Total Compute - US East (Northern Virginia)-Tier-1,AWS Lambda,Compute,us-east-1,31027794154,,,TG3M4CAGBA3NYQBH,183599.63,Seconds
2024-09-18T21:00:00.000Z,2024-09-18T22:00:00.000Z,USD,2.18,2.18,Usage,AWS Lambda - Total Compute - US East (Northern Virginia)-Tier-1,AWS Lambda,Compute,us-east-1,31027794154,,,TG3M4CAGBA3NYQBH,130799.74,Seconds
2024-09-18T22:00:00.000Z,2024-09-18T23:00:00.000Z,USD,3.47,3.47,Usage,AWS Lambda - Total Compute - US East (Northern Virginia)-Tier-1,AWS Lambda,Compute,us-east-1,31027794154,,,TG3M4CAGBA3NYQBH,208199.58,Seconds
2024-09-18T23:00:00.000Z,2024-09-19T00:00:00.000Z,USD,6.28,6.28,Usage,AWS Lambda - Total Compute - US East (Northern Virginia)-Tier-1,AWS Lambda,Compute,us-east-1,31027794154,,,TG3M4CAGBA3NYQBH,376799.25,Seconds
2024-09-19T00:00:00.000Z,2024-09-19T01:00:00.000Z,USD,5.93,5.93,Usage,AWS Lambda - Total Compute - US East (Northern Virginia)-Tier-1,AWS Lambda,Compute,us-east-1,31027794154,,,TG3M4CAGBA3NYQBH,355799.29,Seconds
2024-09-19T01:00:00.000Z,2024-09-19T02:00:00.000Z,USD,6.24,6.24,Usage,AWS Lambda - Total Compute - US East (Northern Virginia)-Tier-1,AWS Lambda,Compute,us-east-1,31027794154,,,TG3M4CAGBA3NYQBH,374399.25,Seconds
2024-09-19T02:00:00.000Z,2024-09-19T03:00:00.000Z,USD,6.02,6.02,Usage,AWS Lambda - Total Compute - US East (Northern Virginia)-Tier-1,AWS Lambda,Compute,us-east-1,31027794154,,,TG3M4CAGBA3NYQBH,361199.28,Seconds
2024-09-19T03:00:00.000Z,2024-09-19T04:00:00.000Z,USD,2.92,2.92,Usage,AWS Lambda - Total Compute - US East (Northern Virginia)-Tier-1,AWS Lambda,Compute,us-east-1,31027794154,,,TG3M4CAGBA3NYQBH,175199.65,Seconds
2024-09-19T04:00:00.000Z,2024-09-19T05:00:00.000Z,USD,3.46,3.46,Usage,AWS Lambda - Total Compute - US East (Northern Virginia)-Tier-1,AWS Lambda,Compute,us-east-1,31027794154,,,TG3M4CAGBA3NYQBH,207599.58,Seconds
2024-09-19T05:00:00.000Z,2024-09-19T06:00:00.000Z,USD,3.84,3.84,Usage,AWS Lambda - Total Compute - US East (Northern Virginia)-Tier-1,AWS Lambda,Compute,us-east-1,31027794154,,,TG3M4CAGBA3NYQBH,230399.54,Seconds
2024-09-19T06:00:00.000Z,2024-09-19T07:00:00.000Z,USD,3.55,3.55,Usage,AWS Lambda - Total Compute - US East (Northern Virginia)-Tier-1,AWS Lambda,Compute,us-east-1,31027794154,,,TG3M4CAGBA3NYQBH,212999.57,Seconds
2024-09-19T07:00:00.000Z,2024-09-19T08:00:00.000Z,USD,3.45,3.45,Usage,AWS Lambda - Total Compute - US East (Northern Virginia)-Tier-1,AWS Lambda,Compute,us-east-1,31027794154,,,TG3M4CAGBA3NYQBH,206999.59,Seconds
2024-09-19T08:00:00.000Z,2024-09-19T09:00:00.000Z,USD,8.94,8.94,Usage,AWS Lambda - Total Compute - US East (Northern Virginia)-Tier-1,AWS Lambda,Compute,us-east-1,31027794154,,,TG3M4CAGBA3NYQBH,536398.93,Seconds
2024-09-19T09:00:00.000Z,2024-09-19T10:00:00.000Z,USD,6.24,6.24,Usage,AWS Lambda - Total Compute - US East (Northern Virginia)-Tier-1,AWS Lambda,Compute,us-east-1,31027794154,,,TG3M4CAGBA3NYQBH,374399.25,Seconds
2024-09-19T10:00:00.000Z,2024-09-19T11:00:00.000Z,USD,9.89,9.89,Usage,AWS Lambda - Total Compute - US East (Northern Virginia)-Tier-1,AWS Lambda,Compute,us-east-1,31027794154,,,TG3M4CAGBA3NYQBH,593398.81,Seconds
2024-09-19T11:00:00.000Z,2024-09-19T12:00:00.000Z,USD,4.19,4.19,Usage,AWS Lambda - Total Compute - US East (Northern Virginia)-Tier-1,AWS Lambda,Compute,us-east-1,31027794154,,,TG3M4CAGBA3NYQBH,251399.5,Seconds
2024-09-19T12:00:00.000Z,2024-09-19T13:00:00.000Z,USD,9.43,9.43,Usage,AWS Lambda - Total Compute - US East (Northern Virginia)-Tier-1,AWS Lambda,Compute,us-east-1,31027794154,,,TG3M4CAGBA3NYQBH,565798.87,Seconds
2024-09-19T13:00:00.000Z,2024-09-19T14:00:00.000Z,USD,7.11,7.11,Usage,AWS Lambda - Total Compute - US East (Northern Virginia)-Tier-1,AWS Lambda,Compute,us-east-1,31027794154,,,TG3M4CAGBA3NYQBH,426599.15,Seconds
2024-09-19T14:00:00.000Z,2024-09-19T15:00:00.000Z,USD,7.67,7.67,Usage,AWS Lambda - Total Compute - US East (Northern Virginia)-Tier-1,AWS Lambda,Compute,us-east-1,31027794154,,,TG3M4CAGBA3NYQBH,460199.08,Seconds
2024-09-19T15:00:00.000Z,2024-09-19T16:00:00.000Z,USD,8.45,8.45,Usage,AWS Lambda - Total Compute - US East (Northern Virginia)-Tier-1,AWS Lambda,Compute,us-east-1,31027794154,,,TG3M4CAGBA3NYQBH,506998.99,Seconds
2024-09-19T16:00:00.000Z,2024-09-19T17:00:00.000Z,USD,5.37,5.37,Usage,AWS Lambda - Total Compute - US East (Northern Virginia)-Tier-1,AWS Lambda,Compute,us-east-1,31027794154,,,TG3M4CAGBA3NYQBH,322199.36,Seconds
2024-09-19T17:00:00.000Z,2024-09-19T18:00:00.000Z,USD,6.3,6.3,Usage,AWS Lambda - Total Compute - US East (Northern Virginia)-Tier-1,AWS Lambda,Compute,us-east-1,31027794154,,,TG3M4CAGBA3NYQBH,377999.24,Seconds
2024-09-19T18:00:00.000Z,2024-09-19T19:00:00.000Z,USD,10.66,10.66,Usage,AWS Lambda - Total Compute - US East (Northern Virginia)-Tier-1,AWS Lambda,Compute,us-east-1,31027794154,,,TG3M4CAGBA3NYQBH,639598.72,Seconds
2024-09-19T19:00:00.000Z,2024-09-19T20:00:00.000Z,USD,4.71,4.71,Usage,AWS Lambda - Total Compute - US East (Northern Virginia)-Tier-1,AWS Lambda,Compute,us-east-1,31027794154,,,TG3M4CAGBA3NYQBH,282599.43,Seconds
2024-09-19T20:00:00.000Z,2024-09-19T21:00:00.000Z,USD,2.46,2.46,Usage,AWS Lambda - Total Compute - US East (Northern Virginia)-Tier-1,AWS Lambda,Compute,us-east-1,31027794154,,,TG3M4CAGBA3NYQBH,147599.7,Seconds
2024-09-19T21:00:00.000Z,2024-09-19T22:00:00.000Z,USD,2.3,2.3,Usage,AWS Lambda - Total Compute - US East (Northern Virginia)-Tier-1,AWS Lambda,Compute,us-east-1,31027794154,,,TG3M4CAGBA3NYQBH,137999.72,Seconds
2024-09-19T22:00:00.000Z,2024-09-19T23:00:00.000Z,USD,4.36,4.36,Usage,AWS Lambda - Total Compute - US East (Northern Virginia)-Tier-1,AWS Lambda,Compute,us-east-1,31027794154,,,TG3M4CAGBA3NYQBH,261599.48,Seconds
2024-09-19T23:00:00.000Z,2024-09-20T00:00:00.000Z,USD,4.13,4.13,Usage,AWS Lambda - Total Compute - US East (Northern Virginia)-Tier-1,AWS Lambda,Compute,us-east-1,31027794154,,,TG3M4CAGBA3NYQBH,247799.5,Seconds
2024-09-20T00:00:00.000Z,2024-09-20T01:00:00.000Z,USD,5.43,5.43,Usage,AWS Lambda - Total Compute - US East (Northern Virginia)-Tier-1,AWS Lambda,Compute,us-east-1,31027794154,,,TG3M4CAGBA3NYQBH,325799.35,Seconds
2024-09-20T01:00:00.000Z,2024-09-20T02:00:00.000Z,USD,2.68,2.68,Usage,AWS Lambda - Total Compute - US East (Northern Virginia)-Tier-1,AWS Lambda,Compute,us-east-1,31027794154,,,TG3M4CAGBA3NYQBH,160799.68,Seconds
2024-09-20T02:00:00.000Z,2024-09-20T03:00:00.000Z,USD,2.62,2.62,Usage,AWS Lambda - Total Compute - US East (Northern Virginia)-Tier-1,AWS Lambda,Compute,us-east-1,31027794154,,,TG3M4CAGBA3NYQBH,157199.69,Seconds
2024-09-20T03:00:00.000Z,2024-09-20T04:00:00.000Z,USD,4.2,4.2,Usage,AWS Lambda - Total Compute - US East (Northern Virginia)-Tier-1,AWS Lambda,Compute,us-east-1,31027794154,,,TG3M4CAGBA3NYQBH,251999.5,Seconds
2024-09-20T04:00:00.000Z,2024-09-20T05:00:00.000Z,USD,4.07,4.07,Usage,AWS Lambda - Total Compute - US East (Northern Virginia)-Tier-1,AWS Lambda,Compute,us-east-1,31027794154,,,TG3M4CAGBA3NYQBH,244199.51,Seconds
2024-09-20T05:00:00.000Z,2024-09-20T06:00:00.000Z,USD,5.6,5.6,Usage,AWS Lambda - Total Compute - US East (Northern Virginia)-Tier-1,AWS Lambda,Compute,us-east-1,31027794154,,,TG3M4CAGBA3NYQBH,335999.33,Seconds
2024-09-20T06:00:00.000Z,2024-09-20T07:00:00.000Z,USD,6.12,6.12,Usage,AWS Lambda - Total Compute - US East (Northern Virginia)-Tier-1,AWS Lambda,Compute,us-east-1,31027794154,,,TG3M4CAGBA3NYQBH,367199.27,Seconds
2024-09-20T07:00:00.000Z,2024-09-20T08:00:00.000Z,USD,2.55,2.55,Usage,AWS Lambda - Total Compute - US East (Northern Virginia)-Tier-1,AWS Lambda,Compute,us-east-1,31027794154,,,TG3M4CAGBA3NYQBH,152999.69,Seconds
2024-09-20T08:00:00.000Z,2024-09-20T09:00:00.000Z,USD,7.78,7.78,Usage,AWS Lambda - Total Compute - US East (Northern Virginia)-Tier-1,AWS Lambda,Compute,us-east-1,31027794154,,,TG3M4CAGBA3NYQBH,466799.07,Seconds
2024-09-20T09:00:00.000Z,2024-09-20T10:00:00.000Z,USD,4.7,4.7,Usage,AWS Lambda - Total Compute - US East (Northern Virginia)-Tier-1,AWS Lambda,Compute,us-east-1,31027794154,,,TG3M4CAGBA3NYQBH,281999.44,Seconds
2024-09-20T10:00:00.000Z,2024-09-20T11:00:00.000Z,USD,10.43,10.43,Usage,AWS Lambda - Total Compute - US East (Northern Virginia)-Tier-1,AWS Lambda,Compute,us-east-1,31027794154,,,TG3M4CAGBA3NYQBH,625798.75,Seconds
2024-09-20T11:00:00.000Z,2024-09-20T12:00:00.000Z,USD,4.82,4.82,Usage,AWS Lambda - Total Compute - US East (Northern Virginia)-Tier-1,AWS Lambda,Compute,us-east-1,31027794154,,,TG3M4CAGBA3NYQBH,289199.42,Seconds
2024-09-20T12:00:00.000Z,2024-09-20T13:00:00.000Z,USD,6.48,6.48,Usage,AWS Lambda - Total Compute - US East (Northern Virginia)-Tier-1,AWS Lambda,Compute,us-east-1,31027794154,,,TG3M4CAGBA3NYQBH,388799.22,Seconds
2024-09-20T13:00:00.000Z,2024-09-20T14:00:00.000Z,USD,9.72,9.72,Usage,AWS Lambda - Total Compute - US East (Northern Virginia)-Tier-1,AWS Lambda,Compute,us-east-1,31027794154,,,TG3M4CAGBA3NYQBH,583198.83,Seconds
2024-09-20T14:00:00.000Z,2024-09-20T15:00:00.000Z,USD,8.23,8.23,Usage,AWS Lambda - Total Compute - US East (Northern Virginia)-Tier-1,AWS Lambda,Compute,us-east-1,31027794154,,,TG3M4CAGBA3NYQBH,493799.01,Seconds
2024-09-20T15:00:00.000Z,2024-09-20T16:00:00.000Z,USD,10.77,10.77,Usage,AWS Lambda - Total Compute - US East (Northern Virginia)-Tier-1,AWS Lambda,Compute,us-east-1,31027794154,,,TG3M4CAGBA3NYQBH,646198.71,Seconds
2024-09-20T16:00:00.000Z,2024-09-20T17:00:00.000Z,USD,8.44,8.44,Usage,AWS Lambda - Total Compute - US East (Northern Virginia)-Tier-1,AWS Lambda,Compute,us-east-1,31027794154,,,TG3M4CAGBA3NYQBH,506398.99,Seconds
2024-09-20T17:00:00.000Z,2024-09-20T18:00:00.000Z,USD,11.41,11.41,Usage,AWS Lambda - Total Compute - US East (Northern Virginia)-Tier-1,AWS Lambda,Compute,us-east-1,31027794154,,,TG3M4CAGBA3NYQBH,684598.63,Seconds
2024-09-20T18:00:00.000Z,2024-09-20T19:00:00.000Z,USD,4.47,4.47,Usage,AWS Lambda - Total Compute - US East (Northern Virginia)-Tier-1,AWS Lambda,Compute,us-east-1,31027794154,,,TG3M4CAGBA3NYQBH,268199.46,Seconds
2024-09-20T19:00:00.000Z,2024-09-20T20:00:00.000Z,USD,8.38,8.38,Usage,AWS Lambda - Total Compute - US East (Northern Virginia)-Tier-1,AWS Lambda,Compute,us-east-1,31027794154,,,TG3M4CAGBA3NYQBH,502798.99,Seconds
2024-09-20T20:00:00.000Z,2024-09-20T21:00:00.000Z,USD,4.84,4.84,Usage,AWS Lambda - Total Compute - US East (Northern Virginia)-Tier-1,AWS Lambda,Compute,us-east-1,31027794154,,,TG3M4CAGBA3NYQBH,290399.42,Seconds
2024-09-20T21:00:00.000Z,2024-09-20T22:00:00.000Z,USD,6.15,6.15,Usage,AWS Lambda - Total Compute - US East (Northern Virginia)-Tier-1,AWS Lambda,Compute,us-east-1,31027794154,,,TG3M4CAGBA3NYQBH,368999.26,Seconds
2024-09-20T22:00:00.000Z,2024-09-20T23:00:00.000Z,USD,2.68,2.68,Usage,AWS Lambda - Total Compute - US East (Northern Virginia)-Tier-1,AWS Lambda,Compute,us-east-1,31027794154,,,TG3M4CAGBA3NYQBH,160799.68,Seconds
2024-09-20T23:00:00.000Z,2024-09-21T00:00:00.000Z,USD,5.18,5.18,Usage,AWS Lambda - Total Compute - US East (Northern Virginia)-Tier-1,AWS Lambda,Compute,us-east-1,31027794154,,,TG3M4CAGBA3NYQBH,310799.38,Seconds
2024-09-21T00:00:00.000Z,2024-09-21T01:00:00.000Z,USD,3.74,3.74,Usage,AWS Lambda - Total Compute - US East (Northern Virginia)-Tier-1,AWS Lambda,Compute,us-east-1,31027794154,,,TG3M4CAGBA3NYQBH,224399.55,Seconds
2024-09-21T01:00:00.000Z,2024-09-21T02:00:00.000Z,USD,3.78,3.78,Usage,AWS Lambda - Total Compute - US East (Northern Virginia)-Tier-1,AWS Lambda,Compute,us-east-1,31027794154,,,TG3M4CAGBA3NYQBH,226799.55,Seconds
2024-09-21T02:00:00.000Z,2024-09-21T03:00:00.000Z,USD,4.48,4.48,Usage,AWS Lambda - Total Compute - US East (Northern Virginia)-Tier-1,AWS Lambda,Compute,us-east-1,31027794154,,,TG3M4CAGBA3NYQBH,268799.46,Seconds
2024-09-21T03:00:00.000Z,2024-09-21T04:00:00.000Z,USD,3.31,3.31,Usage,AWS Lambda - Total Compute - US East (Northern Virginia)-Tier-1,AWS Lambda,Compute,us-east-1,31027794154,,,TG3M4CAGBA3NYQBH,198599.6,Seconds
2024-09-21T04:00:00.000Z,2024-09-21T05:00:00.000Z,USD,4.02,4.02,Usage,AWS Lambda - Total Compute - US East (Northern Virginia)-Tier-1,AWS Lambda,Compute,us-east-1,31027794154,,,TG3M4CAGBA3NYQBH,241199.52,Seconds
2024-09-21T05:00:00.000Z,2024-09-21T06:00:00.000Z,USD,3.83,3.83,Usage,AWS Lambda - Total Compute - US East (Northern Virginia)-Tier-1,AWS Lambda,Compute,us-east-1,31027794154,,,TG3M4CAGBA3NYQBH,229799.54,Seconds
2024-09-21T06:00:00.000Z,2024-09-21T07:00:00.000Z,USD,3.12,3.12,Usage,AWS Lambda - Total Compute - US East (Northern Virginia)-Tier-1,AWS Lambda,Compute,us-east-1,31027794154,,,TG3M4CAGBA3NYQBH,187199.63,Seconds
2024-09-21T07:00:00.000Z,2024-09-21T08:00:00.000Z,USD,1.52,1.52,Usage,AWS Lambda - Total Compute - US East (Northern Virginia)-Tier-1,AWS Lambda,Compute,us-east-1,31027794154,,,TG3M4CAGBA3NYQBH,91199.82,Seconds
2024-09-21T08:00:00.000Z,2024-09-21T09:00:00.000Z,USD,3.27,3.27,Usage,AWS Lambda - Total Compute - US East (Northern Virginia)-Tier-1,AWS Lambda,Compute,us-east-1,31027794154,,,TG3M4CAGBA3NYQBH,196199.61,Seconds
2024-09-21T09:00:00.000Z,2024-09-21T10:00:00.000Z,USD,3.37,3.37,Usage,AWS Lambda - Total Compute - US East (Northern Virginia)-Tier-1,AWS Lambda,Compute,us-east-1,31027794154,,,TG3M4CAGBA3NYQBH,202199.6,Seconds
2024-09-21T10:00:00.000Z,2024-09-21T11:00:00.000Z,USD,4.33,4.33,Usage,AWS Lambda - Total Compute - US East (Northern Virginia)-Tier-1,AWS Lambda,Compute,us-east-1,31027794154,,,TG3M4CAGBA3NYQBH,259799.48,Seconds
2024-09-21T11:00:00.000Z,2024-09-21T12:00:00.000Z,USD,4.16,4.16,Usage,AWS Lambda - Total Compute - US East (Northern Virginia)-Tier-1,AWS Lambda,Compute,us-east-1,31027794154,,,TG3M4CAGBA3NYQBH,249599.5,Seconds
2024-09-21T12:00:00.000Z,2024-09-21T13:00:00.000Z,USD,3.52,3.52,Usage,AWS Lambda - Total Compute - US East (Northern Virginia)-Tier-1,AWS Lambda,Compute,us-east-1,31027794154,,,TG3M4CAGBA3NYQBH,211199.58,Seconds
2024-09-21T13:00:00.000Z,2024-09-21T14:00:00.000Z,USD,2.63,2.63,Usage,AWS Lambda - Total Compute - US East (Northern Virginia)-Tier-1,AWS Lambda,Compute,us-east-1,31027794154,,,TG3M4CAGBA3NYQBH,157799.68,Seconds
2024-09-21T14:00:00.000Z,2024-09-21T15:00:00.000Z,USD,2.96,2.96,Usage,AWS Lambda - Total Compute - US East (Northern Virginia)-Tier-1,AWS Lambda,Compute,us-east-1,31027794154,,,TG3M4CAGBA3NYQBH,177599.64,Seconds
2024-09-21T15:00:00.000Z,2024-09-21T16:00:00.000Z,USD,1.89,1.89,Usage,AWS Lambda - Total Compute - US East (Northern Virginia)-Tier-1,AWS Lambda,Compute,us-east-1,31027794154,,,TG3M4CAGBA3NYQBH,113399.77,Seconds
2024-09-21T16:00:00.000Z,2024-09-21T17:00:00.000Z,USD,2.47,2.47,Usage,AWS Lambda - Total Compute - US East (Northern Virginia)-Tier-1,AWS Lambda,Compute,us-east-1,31027794154,,,TG3M4CAGBA3NYQBH,148199.7,Seconds
2024-09-21T17:00:00.000Z,2024-09-21T18:00:00.000Z,USD,1.6,1.6,Usage,AWS Lambda - Total Compute - US East (Northern Virginia)-Tier-1,AWS Lambda,Compute,us-east-1,31027794154,,,TG3M4CAGBA3NYQBH,95999.81,Seconds
2024-09-21T18:00:00.000Z,2024-09-21T19:00:00.000Z,USD,3.29,3.29,Usage,AWS Lambda - Total Compute - US East (Northern Virginia)-Tier-1,AWS Lambda,Compute,us-east-1,31027794154,,,TG3M4CAGBA3NYQBH,197399.61,Seconds
2024-09-21T19:00:00.000Z,2024-09-21T20:00:00.000Z,USD,2.75,2.75,Usage,AWS Lambda - Total Compute - US East (Northern Virginia)-Tier-1,AWS Lambda,Compute,us-east-1,31027794154,,,TG3M4CAGBA3NYQBH,164999.67,Seconds
2024-09-21T20:00:00.000Z,2024-09-21T21:00:00.000Z,USD,3.75,3.75,Usage,AWS Lambda - Total Compute - US East (Northern Virginia)-Tier-1,AWS Lambda,Compute,us-east-1,31027794154,,,TG3M4CAGBA3NYQBH,224999.55,Seconds
2024-09-21T21:00:00.000Z,2024-09-21T22:00:00.000Z,USD,1.85,1.85,Usage,AWS Lambda - Total Compute - US East (Northern Virginia)-Tier-1,AWS Lambda,Compute,us-east-1,31027794154,,,TG3M4CAGBA3NYQBH,110999.78,Seconds
2024-09-21T22:00:00.000Z,2024-09-21T23:00:00.000Z,USD,3.95,3.95,Usage,AWS Lambda - Total Compute - US East (Northern Virginia)-Tier-1,AWS Lambda,Compute,us-east-1,31027794154,,,TG3M4CAGBA3NYQBH,236999.53,Seconds
2024-09-21T23:00:00.000Z,2024-09-22T00:00:00.000Z,USD,1.61,1.61,Usage,AWS Lambda - Total Compute - US East (Northern Virginia)-Tier-1,AWS Lambda,Compute,us-east-1,31027794154,,,TG3M4CAGBA3NYQBH,96599.81,Seconds
2024-09-22T00:00:00.000Z,2024-09-22T01:00:00.000Z,USD,3.49,3.49,Usage,AWS Lambda - Total Compute - US East (Northern Virginia)-Tier-1,AWS Lambda,Compute,us-east-1,31027794154,,,TG3M4CAGBA3NYQBH,209399.58,Seconds
2024-09-22T01:00:00.000Z,2024-09-22T02:00:00.000Z,USD,3.19,3.19,Usage,AWS Lambda - Total Compute - US East (Northern Virginia)-Tier-1,AWS Lambda,Compute,us-east-1,31027794154,,,TG3M4CAGBA3NYQBH,191399.62,Seconds
2024-09-22T02:00:00.000Z,2024-09-22T03:00:00.000Z,USD,4.06,4.06,Usage,AWS Lambda - Total Compute - US East (Northern Virginia)-Tier-1,AWS Lambda,Compute,us-east-1,31027794154,,,TG3M4CAGBA3NYQBH,243599.51,Seconds
2024-09-22T03:00:00.000Z,2024-09-22T04:00:00.000Z,USD,3.43,3.43,Usage,AWS Lambda - Total Compute - US East (Northern Virginia)-Tier-1,AWS Lambda,Compute,us-east-1,31027794154,,,TG3M4CAGBA3NYQBH,205799.59,Seconds
2024-09-22T04:00:00.000Z,2024-09-22T05:00:00.000Z,USD,2.94,2.94,Usage,AWS Lambda - Total Compute - US East (Northern Virginia)-Tier-1,AWS Lambda,Compute,us-east-1,31027794154,,,TG3M4CAGBA3NYQBH,176399.65,Seconds
2024-09-22T05:00:00.000Z,2024-09-22T06:00:00.000Z,USD,3.22,3.22,Usage,AWS Lambda - Total Compute - US East (Northern Virginia)-Tier-1,AWS Lambda,Compute,us-east-1,31027794154,,,TG3M4CAGBA3NYQBH,193199.61,Seconds
2024-09-22T06:00:00.000Z,2024-09-22T07:00:00.000Z,USD,2.56,2.56,Usage,AWS Lambda - Total Compute - US East (Northern Virginia)-Tier-1,AWS Lambda,Compute,us-east-1,31027794154,,,TG3M4CAGBA3NYQBH,153599.69,Seconds
2024-09-22T07:00:00.000Z,2024-09-22T08:00:00.000Z,USD,1.68,1.68,Usage,AWS Lambda - Total Compute - US East (Northern Virginia)-Tier-1,AWS Lambda,Compute,us-east-1,31027794154,,,TG3M4CAGBA3NYQBH,100799.8,Seconds
2024-09-22T08:00:00.000Z,2024-09-22T09:00:00.000Z,USD,2.59,2.59,Usage,AWS Lambda - Total Compute - US East (Northern Virginia)-Tier-1,AWS Lambda,Compute,us-east-1,31027794154,,,TG3M4CAGBA3NYQBH,155399.69,Seconds
2024-09-22T09:00:00.000Z,2024-09-22T10:00:00.000Z,USD,1.54,1.54,Usage,AWS Lambda - Total Compute - US East (Northern Virginia)-Tier-1,AWS Lambda,Compute,us-east-1,31027794154,,,TG3M4CAGBA3NYQBH,92399.82,Seconds
2024-09-22T10:00:00.000Z,2024-09-22T11:00:00.000Z,USD,3.34,3.34,Usage,AWS Lambda - Total Compute - US East (Northern Virginia)-Tier-1,AWS Lambda,Compute,us-east-1,31027794154,,,TG3M4CAGBA3NYQBH,200399.6,Seconds
2024-09-22T11:00:00.000Z,2024-09-22T12:00:00.000Z,USD,2.41,2.41,Usage,AWS Lambda - Total Compute - US East (Northern Virginia)-Tier-1,AWS Lambda,Compute,us-east-1,31027794154,,,TG3M4CAGBA3NYQBH,144599.71,Seconds
2024-09-22T12:00:00.000Z,2024-09-22T13:00:00.000Z,USD,2.55,2.55,Usage,AWS Lambda - Total Compute - US East (Northern Virginia)-Tier-1,AWS Lambda,Compute,us-east-1,31027794154,,,TG3M4CAGBA3NYQBH,152999.69,Seconds
2024-09-22T13:00:00.000Z,2024-09-22T14:00:00.000Z,USD,1.71,1.71,Usage,AWS Lambda - Total Compute - US East (Northern Virginia)-Tier-1,AWS Lambda,Compute,us-east-1,31027794154,,,TG3M4CAGBA3NYQBH,102599.79,Seconds
2024-09-22T14:00:00.000Z,2024-09-22T15:00:00.000Z,USD,3.82,3.82,Usage,AWS Lambda - Total Compute - US East (Northern Virginia)-Tier-1,AWS Lambda,Compute,us-east-1,31027794154,,,TG3M4CAGBA3NYQBH,229199.54,Seconds
2024-09-22T15:00:00.000Z,2024-09-22T16:00:00.000Z,USD,3,3,Usage,AWS Lambda - Total Compute - US East (Northern Virginia)-Tier-1,AWS Lambda,Compute,us-east-1,31027794154,,,TG3M4CAGBA3NYQBH,179999.64,Seconds
2024-09-22T16:00:00.000Z,2024-09-22T17:00:00.000Z,USD,3.5,3.5,Usage,AWS Lambda - Total Compute - US East (Northern Virginia)-Tier-1,AWS Lambda,Compute,us-east-1,31027794154,,,TG3M4CAGBA3NYQBH,209999.58,Seconds
2024-09-22T17:00:00.000Z,2024-09-22T18:00:00.000Z,USD,1.96,1.96,Usage,AWS Lambda - Total Compute - US East (Northern Virginia)-Tier-1,AWS Lambda,Compute,us-east-1,31027794154,,,TG3M4CAGBA3NYQBH,117599.76,Seconds
2024-09-22T18:00:00.000Z,2024-09-22T19:00:00.000Z,USD,2.59,2.59,Usage,AWS Lambda - Total Compute - US East (Northern Virginia)-Tier-1,AWS Lambda,Compute,us-east-1,31027794154,,,TG3M4CAGBA3NYQBH,155399.69,Seconds
2024-09-22T19:00:00.000Z,2024-09-22T20:00:00.000Z,USD,2.54,2.54,Usage,AWS Lambda - Total Compute - US East (Northern Virginia)-Tier-1,AWS Lambda,Compute,us-east-1,31027794154,,,TG3M4CAGBA3NYQBH,152399.7,Seconds
2024-09-22T20:00:00.000Z,2024-09-22T21:00:00.000Z,USD,2.35,2.35,Usage,AWS Lambda - Total Compute - US East (Northern Virginia)-Tier-1,AWS Lambda,Compute,us-east-1,31027794154,,,TG3M4CAGBA3NYQBH,140999.72,Seconds
2024-09-22T21:00:00.000Z,2024-09-22T22:00:00.000Z,USD,2.54,2.54,Usage,AWS Lambda - Total Compute - US East (Northern Virginia)-Tier-1,AWS Lambda,Compute,us-east-1,31027794154,,,TG3M4CAGBA3NYQBH,152399.7,Seconds
2024-09-22T22:00:00.000Z,2024-09-22T23:00:00.000Z,USD,3.74,3.74,Usage,AWS Lambda - Total Compute - US East (Northern Virginia)-Tier-1,AWS Lambda,Compute,us-east-1,31027794154,,,TG3M4CAGBA3NYQBH,224399.55,Seconds
2024-09-22T23:00:00.000Z,2024-09-23T00:00:00.000Z,USD,2.48,2.48,Usage,AWS Lambda - Total Compute - US East (Northern Virginia)-Tier-1,AWS Lambda,Compute,us-east-1,31027794154,,,TG3M4CAGBA3NYQBH,148799.7,Seconds
2024-09-23T00:00:00.000Z,2024-09-23T01:00:00.000Z,USD,4.56,4.56,Usage,AWS Lambda - Total Compute - US East (Northern Virginia)-Tier-1,AWS Lambda,Compute,us-east-1,31027794154,,,TG3M4CAGBA3NYQBH,273599.45,Seconds
2024-09-23T01:00:00.000Z,2024-09-23T02:00:00.000Z,USD,6.27,6.27,Usage,AWS Lambda - Total Compute - US East (Northern Virginia)-Tier-1,AWS Lambda,Compute,us-east-1,31027794154,,,TG3M4CAGBA3NYQBH,376199.25,Seconds
2024-09-23T02:00:00.000Z,2024-09-23T03:00:00.000Z,USD,4.12,4.12,Usage,AWS Lambda - Total Compute - US East (Northern Virginia)-Tier-1,AWS Lambda,Compute,us-east-1,31027794154,,,TG3M4CAGBA3NYQBH,247199.51,Seconds
2024-09-23T03:00:00.000Z,2024-09-23T04:00:00.000Z,USD,4.89,4.89,Usage,AWS Lambda - Total Compute - US East (Northern Virginia)-Tier-1,AWS Lambda,Compute,us-east-1,31027794154,,,TG3M4CAGBA3NYQBH,293399.41,Seconds
2024-09-23T04:00:00.000Z,2024-09-23T05:00:00.000Z,USD,4.12,4.12,Usage,AWS Lambda - Total Compute - US East (Northern Virginia)-Tier-1,AWS Lambda,Compute,us-east-1,31027794154,,,TG3M4CAGBA3NYQBH,247199.51,Seconds
2024-09-23T05:00:00.000Z,2024-09-23T06:00:00.000Z,USD,2.91,2.91,Usage,AWS Lambda - Total Compute - US East (Northern Virginia)-Tier-1,AWS Lambda,Compute,us-east-1,31027794154,,,TG3M4CAGBA3NYQBH,174599.65,Seconds
2024-09-23T06:00:00.000Z,2024-09-23T07:00:00.000Z,USD,3.82,3.82,Usage,AWS Lambda - Total Compute - US East (Northern Virginia)-Tier-1,AWS Lambda,Compute,us-east-1,31027794154,,,TG3M4CAGBA3NYQBH,229199.54,Seconds
2024-09-23T07:00:00.000Z,2024-09-23T08:00:00.000Z,USD,5.98,5.98,Usage,AWS Lambda - Total Compute - US East (Northern Virginia)-Tier-1,AWS Lambda,Compute,us-east-1,31027794154,,,TG3M4CAGBA3NYQBH,358799.28,Seconds
2024-09-23T08:00:00.000Z,2024-09-23T09:00:00.000Z,USD,9.84,9.84,Usage,AWS Lambda - Total Compute - US East (Northern Virginia)-Tier-1,AWS Lambda,Compute,us-east-1,31027794154,,,TG3M4CAGBA3NYQBH,590398.82,Seconds
2024-09-23T09:00:00.000Z,2024-09-23T10:00:00.000Z,USD,3.91,3.91,Usage,AWS Lambda - Total Compute - US East (Northern Virginia)-Tier-1,AWS Lambda,Compute,us-east-1,31027794154,,,TG3M4CAGBA3NYQBH,234599.53,Seconds
2024-09-23T10:00:00.000Z,2024-09-23T11:00:00.000Z,USD,7.37,7.37,Usage,AWS Lambda - Total Compute - US East (Northern Virginia)-Tier-1,AWS Lambda,Compute,us-east-1,31027794154,,,TG3M4CAGBA3NYQBH,442199.12,Seconds
2024-09-23T11:00:00.000Z,2024-09-23T12:00:00.000Z,USD,11.64,11.64,Usage,AWS Lambda - Total Compute - US East (Northern Virginia)-Tier-1,AWS Lambda,Compute,us-east-1,31027794154,,,TG3M4CAGBA3NYQBH,698398.6,Seconds
2024-09-23T12:00:00.000Z,2024-09-23T13:00:00.000Z,USD,9.64,9.64,Usage,AWS Lambda - Total Compute - US East (Northern Virginia)-Tier-1,AWS Lambda,Compute,us-east-1,31027794154,,,TG3M4CAGBA3NYQBH,578398.84,Seconds
2024-09-23T13:00:00.000Z,2024-09-23T14:00:00.000Z,USD,6.26,6.26,Usage,AWS Lambda - Total Compute - US East (Northern Virginia)-Tier-1,AWS Lambda,Compute,us-east-1,31027794154,,,TG3M4CAGBA3NYQBH,375599.25,Seconds
2024-09-23T14:00:00.000Z,2024-09-23T15:00:00.000Z,USD,7.04,7.04,Usage,AWS Lambda - Total Compute - US East (Northern Virginia)-Tier-1,AWS Lambda,Compute,us-east-1,31027794154,,,TG3M4CAGBA3NYQBH,422399.16,Seconds
2024-09-23T15:00:00.000Z,2024-09-23T16:00:00.000Z,USD,11.21,11.21,Usage,AWS Lambda - Total Compute - US East (Northern Virginia)-Tier-1,AWS Lambda,Compute,us-east-1,31027794154,,,TG3M4CAGBA3NYQBH,672598.65,Seconds
2024-09-23T16:00:00.000Z,2024-09-23T17:00:00.000Z,USD,9.6,9.6,Usage,AWS Lambda - Total Compute - US East (Northern Virginia)-Tier-1,AWS Lambda,Compute,us-east-1,31027794154,,,TG3M4CAGBA3NYQBH,575998.85,Seconds
2024-09-23T17:00:00.000Z,2024-09-23T18:00:00.000Z,USD,10.07,10.07,Usage,AWS Lambda - Total Compute - US East (Northern Virginia)-Tier-1,AWS Lambda,Compute,us-east-1,31027794154,,,TG3M4CAGBA3NYQBH,604198.79,Seconds
2024-09-23T18:00:00.000Z,2024-09-23T19:00:00.000Z,USD,7.8,7.8,Usage,AWS Lambda - Total Compute - US East (Northern Virginia)-Tier-1,AWS Lambda,Compute,us-east-1,31027794154,,,TG3M4CAGBA3NYQBH,467999.06,Seconds
2024-09-23T19:00:00.000Z,2024-09-23T20:00:00.000Z,USD,9.35,9.35,Usage,AWS Lambda - Total Compute - US East (Northern Virginia)-Tier-1,AWS Lambda,Compute,us-east-1,31027794154,,,TG3M4CAGBA3NYQBH,560998.88,Seconds
2024-09-23T20:00:00.000Z,2024-09-23T21:00:00.000Z,USD,4.25,4.25,Usage,AWS Lambda - Total Compute - US East (Northern Virginia)-Tier-1,AWS Lambda,Compute,us-east-1,31027794154,,,TG3M4CAGBA3NYQBH,254999.49,Seconds
2024-09-23T21:00:00.000Z,2024-09-23T22:00:00.000Z,USD,3.31,3.31,Usage,AWS Lambda - Total Compute - US East (Northern Virginia)-Tier-1,AWS Lambda,Compute,us-east-1,31027794154,,,TG3M4CAGBA3NYQBH,198599.6,Seconds
2024-09-23T22:00:00.000Z,2024-09-23T23:00:00.000Z,USD,4.66,4.66,Usage,AWS Lambda - Total Compute - US East (Northern Virginia)-Tier-1,AWS Lambda,Compute,us-east-1,31027794154,,,TG3M4CAGBA3NYQBH,279599.44,Seconds
2024-09-23T23:00:00.000Z,2024-09-24T00:00:00.000Z,USD,2.74,2.74,Usage,AWS Lambda - Total Compute - US East (Northern Virginia)-Tier-1,AWS Lambda,Compute,us-east-1,31027794154,,,TG3M4CAGBA3NYQBH,164399.67,Seconds
2024-09-24T00:00:00.000Z,2024-09-24T01:00:00.000Z,USD,5.03,5.03,Usage,AWS Lambda - Total Compute - US East (Northern Virginia)-Tier-1,AWS Lambda,Compute,us-east-1,31027794154,,,TG3M4CAGBA3NYQBH,301799.4,Seconds
2024-09-24T01:00:00.000Z,2024-09-24T02:00:00.000Z,USD,4.15,4.15,Usage,AWS Lambda - Total Compute - US East (Northern Virginia)-Tier-1,AWS Lambda,Compute,us-east-1,31027794154,,,TG3M4CAGBA3NYQBH,248999.5,Seconds
2024-09-24T02:00:00.000Z,2024-09-24T03:00:00.000Z,USD,4.59,4.59,Usage,AWS Lambda - Total Compute - US East (Northern Virginia)-Tier-1,AWS Lambda,Compute,us-east-1,31027794154,,,TG3M4CAGBA3NYQBH,275399.45,Seconds
2024-09-24T03:00:00.000Z,2024-09-24T04:00:00.000Z,USD,4.7,4.7,Usage,AWS Lambda - Total Compute - US East (Northern Virginia)-Tier-1,AWS Lambda,Compute,us-east-1,31027794154,,,TG3M4CAGBA3NYQBH,281999.44,Seconds
2024-09-24T04:00:00.000Z,2024-09-24T05:00:00.000Z,USD,4.53,4.53,Usage,AWS Lambda - Total Compute - US East (Northern Virginia)-Tier-1,AWS Lambda,Compute,us-east-1,31027794154,,,TG3M4CAGBA3NYQBH,271799.46,Seconds
2024-09-24T05:00:00.000Z,2024-09-24T06:00:00.000Z,USD,3.45,3.45,Usage,AWS Lambda - Total Compute - US East (Northern Virginia)-Tier-1,AWS Lambda,Compute,us-east-1,31027794154,,,TG3M4CAGBA3NYQBH,206999.59,Seconds
2024-09-24T06:00:00.000Z,2024-09-24T07:00:00.000Z,USD,3.88,3.88,Usage,AWS Lambda - Total Compute - US East (Northern Virginia)-Tier-1,AWS Lambda,Compute,us-east-1,31027794154,,,TG3M4CAGBA3NYQBH,232799.53,Seconds
2024-09-24T07:00:00.000Z,2024-09-24T08:00:00.000Z,USD,3.63,3.63,Usage,AWS Lambda - Total Compute - US East (Northern Virginia)-Tier-1,AWS Lambda,Compute,us-east-1,31027794154,,,TG3M4CAGBA3NYQBH,217799.56,Seconds
2024-09-24T08:00:00.000Z,2024-09-24T09:00:00.000Z,USD,7.98,7.98,Usage,AWS Lambda - Total Compute - US East (Northern Virginia)-Tier-1,AWS Lambda,Compute,us-east-1,31027794154,,,TG3M4CAGBA3NYQBH,478799.04,Seconds
2024-09-24T09:00:00.000Z,2024-09-24T10:00:00.000Z,USD,10.58,10.58,Usage,AWS Lambda - Total Compute - US East (Northern Virginia)-Tier-1,AWS Lambda,Compute,us-east-1,31027794154,,,TG3M4CAGBA3NYQBH,634798.73,Seconds
2024-09-24T10:00:00.000Z,2024-09-24T11:00:00.000Z,USD,11.15,11.15,Usage,AWS Lambda - Total Compute - US East (Northern Virginia)-Tier-1,AWS Lambda,Compute,us-east-1,31027794154,,,TG3M4CAGBA3NYQBH,668998.66,Seconds
2024-09-24T11:00:00.000Z,2024-09-24T12:00:00.000Z,USD,9.55,9.55,Usage,AWS Lambda - Total Compute - US East (Northern Virginia)-Tier-1,AWS Lambda,Compute,us-east-1,31027794154,,,TG3M4CAGBA3NYQBH,572998.85,Seconds
2024-09-24T12:00:00.000Z,2024-09-24T13:00:00.000Z,USD,7.92,7.92,Usage,AWS Lambda - Total Compute - US East (Northern Virginia)-Tier-1,AWS Lambda,Compute,us-east-1,31027794154,,,TG3M4CAGBA3NYQBH,475199.05,Seconds
2024-09-24T13:00:00.000Z,2024-09-24T14:00:00.000Z,USD,5.85,5.85,Usage,AWS Lambda - Total Compute - US East (Northern Virginia)-Tier-1,AWS Lambda,Compute,us-east-1,31027794154,,,TG3M4CAGBA3NYQBH,350999.3,Seconds
2024-09-24T14:00:00.000Z,2024-09-24T15:00:00.000Z,USD,8.89,8.89,Usage,AWS Lambda - Total Compute - US East (Northern Virginia)-Tier-1,AWS Lambda,Compute,us-east-1,31027794154,,,TG3M4CAGBA3NYQBH,533398.93,Seconds
2024-09-24T15:00:00.000Z,2024-09-24T16:00:00.000Z,USD,8.14,8.14,Usage,AWS Lambda - Total Compute - US East (Northern Virginia)-Tier-1,AWS Lambda,Compute,us-east-1,31027794154,,,TG3M4CAGBA3NYQBH,488399.02,Seconds
2024-09-24T16:00:00.000Z,2024-09-24T17:00:00.000Z,USD,8.58,8.58,Usage,AWS Lambda - Total Compute - US East (Northern Virginia)-Tier-1,AWS Lambda,Compute,us-east-1,31027794154,,,TG3M4CAGBA3NYQBH,514798.97,Seconds
2024-09-24T17:00:00.000Z,2024-09-24T18:00:00.000Z,USD,7.15,7.15,Usage,AWS Lambda - Total Compute - US East (Northern Virginia)-Tier-1,AWS Lambda,Compute,us-east-1,31027794154,,,TG3M4CAGBA3NYQBH,428999.14,Seconds
2024-09-24T18:00:00.000Z,2024-09-24T19:00:00.000Z,USD,11.2,11.2,Usage,AWS Lambda - Total Compute - US East (Northern Virginia)-Tier-1,AWS Lambda,Compute,us-east-1,31027794154,,,TG3M4CAGBA3NYQBH,671998.66,Seconds
2024-09-24T19:00:00.000Z,2024-09-24T20:00:00.000Z,USD,5.82,5.82,Usage,AWS Lambda - Total Compute - US East (Northern Virginia)-Tier-1,AWS Lambda,Compute,us-east-1,31027794154,,,TG3M4CAGBA3NYQBH,349199.3,Seconds
2024-09-24T20:00:00.000Z,2024-09-24T21:00:00.000Z,USD,5.07,5.07,Usage,AWS Lambda - Total Compute - US East (Northern Virginia)-Tier-1,AWS Lambda,Compute,us-east-1,31027794154,,,TG3M4CAGBA3NYQBH,304199.39,Seconds
2024-09-24T21:00:00.000Z,2024-09-24T22:00:00.000Z,USD,3.94,3.94,Usage,AWS Lambda - Total Compute - US East (Northern Virginia)-Tier-1,AWS Lambda,Compute,us-east-1,31027794154,,,TG3M4CAGBA3NYQBH,236399.53,Seconds
2024-09-24T22:00:00.000Z,2024-09-24T23:00:00.000Z,USD,4.11,4.11,Usage,AWS Lambda - Total Compute - US East (Northern Virginia)-Tier-1,AWS Lambda,Compute,us-east-1,31027794154,,,TG3M4CAGBA3NYQBH,246599.51,Seconds
2024-09-24T23:00:00.000Z,2024-09-25T00:00:00.000Z,USD,2.62,2.62,Usage,AWS Lambda - Total Compute - US East (Northern Virginia)-Tier-1,AWS Lambda,Compute,us-east-1,31027794154,,,TG3M4CAGBA3NYQBH,157199.69,Seconds
2024-09-25T00:00:00.000Z,2024-09-25T01:00:00.000Z,USD,4.57,4.57,Usage,AWS Lambda - Total Compute - US East (Northern Virginia)-Tier-1,AWS Lambda,Compute,us-east-1,31027794154,,,TG3M4CAGBA3NYQBH,274199.45,Seconds
2024-09-25T01:00:00.000Z,2024-09-25T02:00:00.000Z,USD,4,4,Usage,AWS Lambda - Total Compute - US East (Northern Virginia)-Tier-1,AWS Lambda,Compute,us-east-1,31027794154,,,TG3M4CAGBA3NYQBH,239999.52,Seconds
2024-09-25T02:00:00.000Z,2024-09-25T03:00:00.000Z,USD,2.45,2.45,Usage,AWS Lambda - Total Compute - US East (Northern Virginia)-Tier-1,AWS Lambda,Compute,us-east-1,31027794154,,,TG3M4CAGBA3NYQBH,146999.71,Seconds
2024-09-25T03:00:00.000Z,2024-09-25T04:00:00.000Z,USD,3.37,3.37,Usage,AWS Lambda - Total Compute - US East (Northern Virginia)-Tier-1,AWS Lambda,Compute,us-east-1,31027794154,,,TG3M4CAGBA3NYQBH,202199.6,Seconds
2024-09-25T04:00:00.000Z,2024-09-25T05:00:00.000Z,USD,3.35,3.35,Usage,AWS Lambda - Total Compute - US East (Northern Virginia)-Tier-1,AWS Lambda,Compute,us-east-1,31027794154,,,TG3M4CAGBA3NYQBH,200999.6,Seconds
2024-09-25T05:00:00.000Z,2024-09-25T06:00:00.000Z,USD,3.34,3.34,Usage,AWS Lambda - Total Compute - US East (Northern Virginia)-Tier-1,AWS Lambda,Compute,us-east-1,31027794154,,,TG3M4CAGBA3NYQBH,200399.6,Seconds
2024-09-25T06:00:00.000Z,2024-09-25T07:00:00.000Z,USD,3.42,3.42,Usage,AWS Lambda - Total Compute - US East (Northern Virginia)-Tier-1,AWS Lambda,Compute,us-east-1,31027794154,,,TG3M4CAGBA3NYQBH,205199.59,Seconds
2024-09-25T07:00:00.000Z,2024-09-25T08:00:00.000Z,USD,4.55,4.55,Usage,AWS Lambda - Total Compute - US East (Northern Virginia)-Tier-1,AWS Lambda,Compute,us-east-1,31027794154,,,TG3M4CAGBA3NYQBH,272999.45,Seconds
2024-09-25T08:00:00.000Z,2024-09-25T09:00:00.000Z,USD,7.8,7.8,Usage,AWS Lambda - Total Compute - US East (Northern Virginia)-Tier-1,AWS Lambda,Compute,us-east-1,31027794154,,,TG3M4CAGBA3NYQBH,467999.06,Seconds
2024-09-25T09:00:00.000Z,2024-09-25T10:00:00.000Z,USD,9.53,9.53,Usage,AWS Lambda - Total Compute - US East (Northern Virginia)-Tier-1,AWS Lambda,Compute,us-east-1,31027794154,,,TG3M4CAGBA3NYQBH,571798.86,Seconds
2024-09-25T10:00:00.000Z,2024-09-25T11:00:00.000Z,USD,8.73,8.73,Usage,AWS Lambda - Total Compute - US East (Northern Virginia)-Tier-1,AWS Lambda,Compute,us-east-1,31027794154,,,TG3M4CAGBA3NYQBH,523798.95,Seconds
2024-09-25T11:00:00.000Z,2024-09-25T12:00:00.000Z,USD,6.91,6.91,Usage,AWS Lambda - Total Compute - US East (Northern Virginia)-Tier-1,AWS Lambda,Compute,us-east-1,31027794154,,,TG3M4CAGBA3NYQBH,414599.17,Seconds
2024-09-25T12:00:00.000Z,2024-09-25T13:00:00.000Z,USD,10.67,10.67,Usage,AWS Lambda - Total Compute - US East (Northern Virginia)-Tier-1,AWS Lambda,Compute,us-east-1,31027794154,,,TG3M4CAGBA3NYQBH,640198.72,Seconds
2024-09-25T13:00:00.000Z,2024-09-25T14:00:00.000Z,USD,4.57,4.57,Usage,AWS Lambda - Total Compute - US East (Northern Virginia)-Tier-1,AWS Lambda,Compute,us-east-1,31027794154,,,TG3M4CAGBA3NYQBH,274199.45,Seconds
2024-09-25T14:00:00.000Z,2024-09-25T15:00:00.000Z,USD,9.49,9.49,Usage,AWS Lambda - Total Compute - US East (Northern Virginia)-Tier-1,AWS Lambda,Compute,us-east-1,31027794154,,,TG3M4CAGBA3NYQBH,569398.86,Seconds
2024-09-25T15:00:00.000Z,2024-09-25T16:00:00.000Z,USD,5.09,5.09,Usage,AWS Lambda - Total Compute - US East (Northern Virginia)-Tier-1,AWS Lambda,Compute,us-east-1,31027794154,,,TG3M4CAGBA3NYQBH,305399.39,Seconds
2024-09-25T16:00:00.000Z,2024-09-25T17:00:00.000Z,USD,7.18,7.18,Usage,AWS Lambda - Total Compute - US East (Northern Virginia)-Tier-1,AWS Lambda,Compute,us-east-1,31027794154,,,TG3M4CAGBA3NYQBH,430799.14,Seconds
2024-09-25T17:00:00.000Z,2024-09-25T18:00:00.000Z,USD,6.59,6.59,Usage,AWS Lambda - Total Compute - US East (Northern Virginia)-Tier-1,AWS Lambda,Compute,us-east-1,31027794154,,,TG3M4CAGBA3NYQBH,395399.21,Seconds
2024-09-25T18:00:00.000Z,2024-09-25T19:00:00.000Z,USD,8.55,8.55,Usage,AWS Lambda - Total Compute - US East (Northern Virginia)-Tier-1,AWS Lambda,Compute,us-east-1,31027794154,,,TG3M4CAGBA3NYQBH,512998.97,Seconds
2024-09-25T19:00:00.000Z,2024-09-25T20:00:00.000Z,USD,7.95,7.95,Usage,AWS Lambda - Total Compute - US East (Northern Virginia)-Tier-1,AWS Lambda,Compute,us-east-1,31027794154,,,TG3M4CAGBA3NYQBH,476999.05,Seconds
2024-09-25T20:00:00.000Z,2024-09-25T21:00:00.000Z,USD,3.12,3.12,Usage,AWS Lambda - Total Compute - US East (Northern Virginia)-Tier-1,AWS Lambda,Compute,us-east-1,31027794154,,,TG3M4CAGBA3NYQBH,187199.63,Seconds
2024-09-25T21:00:00.000Z,2024-09-25T22:00:00.000Z,USD,3.51,3.51,Usage,AWS Lambda - Total Compute - US East (Northern Virginia)-Tier-1,AWS Lambda,Compute,us-east-1,31027794154,,,TG3M4CAGBA3NYQBH,210599.58,Seconds
2024-09-25T22:00:00.000Z,2024-09-25T23:00:00.000Z,USD,3.85,3.85,Usage,AWS Lambda - Total Compute - US East (Northern Virginia)-Tier-1,AWS Lambda,Compute,us-east-1,31027794154,,,TG3M4CAGBA3NYQBH,230999.54,Seconds
2024-09-25T23:00:00.000Z,2024-09-26T00:00:00.000Z,USD,5.11,5.11,Usage,AWS Lambda - Total Compute - US East (Northern Virginia)-Tier-1,AWS Lambda,Compute,us-east-1,31027794154,,,TG3M4CAGBA3NYQBH,306599.39,Seconds
2024-09-26T00:00:00.000Z,2024-09-26T01:00:00.000Z,USD,3.03,3.03,Usage,AWS Lambda - Total Compute - US East (Northern Virginia)-Tier-1,AWS Lambda,Compute,us-east-1,31027794154,,,TG3M4CAGBA3NYQBH,181799.64,Seconds
2024-09-26T01:00:00.000Z,2024-09-26T02:00:00.000Z,USD,5.55,5.55,Usage,AWS Lambda - Total Compute - US East (Northern Virginia)-Tier-1,AWS Lambda,Compute,us-east-1,31027794154,,,TG3M4CAGBA3NYQBH,332999.33,Seconds
2024-09-26T02:00:00.000Z,2024-09-26T03:00:00.000Z,USD,5.69,5.69,Usage,AWS Lambda - Total Compute - US East (Northern Virginia)-Tier-1,AWS Lambda,Compute,us-east-1,31027794154,,,TG3M4CAGBA3NYQBH,341399.32,Seconds
2024-09-26T03:00:00.000Z,2024-09-26T04:00:00.000Z,USD,3.49,3.49,Usage,AWS Lambda - Total Compute - US East (Northern Virginia)-Tier-1,AWS Lambda,Compute,us-east-1,31027794154,,,TG3M4CAGBA3NYQBH,209399.58,Seconds
2024-09-26T04:00:00.000Z,2024-09-26T05:00:00.000Z,USD,5.81,5.81,Usage,AWS Lambda - Total Compute - US East (Northern Virginia)-Tier-1,AWS Lambda,Compute,us-east-1,31027794154,,,TG3M4CAGBA3NYQBH,348599.3,Seconds
2024-09-26T05:00:00.000Z,2024-09-26T06:00:00.000Z,USD,4.16,4.16,Usage,AWS Lambda - Total Compute - US East (Northern Virginia)-Tier-1,AWS Lambda,Compute,us-east-1,31027794154,,,TG3M4CAGBA3NYQBH,249599.5,Seconds
2024-09-26T06:00:00.000Z,2024-09-26T07:00:00.000Z,USD,2.46,2.46,Usage,AWS Lambda - Total Compute - US East (Northern Virginia)-Tier-1,AWS Lambda,Compute,us-east-1,31027794154,,,TG3M4CAGBA3NYQBH,147599.7,Seconds
2024-09-26T07:00:00.000Z,2024-09-26T08:00:00.000Z,USD,2.18,2.18,Usage,AWS Lambda - Total Compute - US East (Northern Virginia)-Tier-1,AWS Lambda,Compute,us-east-1,31027794154,,,TG3M4CAGBA3NYQBH,130799.74,Seconds
2024-09-26T08:00:00.000Z,2024-09-26T09:00:00.000Z,USD,6.39,6.39,Usage,AWS Lambda - Total Compute - US East (Northern Virginia)-Tier-1,AWS Lambda,Compute,us-east-1,31027794154,,,TG3M4CAGBA3NYQBH,383399.23,Seconds
2024-09-26T09:00:00.000Z,2024-09-26T10:00:00.000Z,USD,7.05,7.05,Usage,AWS Lambda - Total Compute - US East (Northern Virginia)-Tier-1,AWS Lambda,Compute,us-east-1,31027794154,,,TG3M4CAGBA3NYQBH,422999.15,Seconds
2024-09-26T10:00:00.000Z,2024-09-26T11:00:00.000Z,USD,6.38,6.38,Usage,AWS Lambda - Total Compute - US East (Northern Virginia)-Tier-1,AWS Lambda,Compute,us-east-1,31027794154,,,TG3M4CAGBA3NYQBH,382799.23,Seconds
2024-09-26T11:00:00.000Z,2024-09-26T12:00:00.000Z,USD,9.63,9.63,Usage,AWS Lambda - Total Compute - US East (Northern Virginia)-Tier-1,AWS Lambda,Compute,us-east-1,31027794154,,,TG3M4CAGBA3NYQBH,577798.84,Seconds
2024-09-26T12:00:00.000Z,2024-09-26T13:00:00.000Z,USD,9.51,9.51,Usage,AWS Lambda - Total Compute - US East (Northern Virginia)-Tier-1,AWS Lambda,Compute,us-east-1,31027794154,,,TG3M4CAGBA3NYQBH,570598.86,Seconds
2024-09-26T13:00:00.000Z,2024-09-26T14:00:00.000Z,USD,8.8,8.8,Usage,AWS Lambda - Total Compute - US East (Northern Virginia)-Tier-1,AWS Lambda,Compute,us-east-1,31027794154,,,TG3M4CAGBA3NYQBH,527998.94,Seconds
2024-09-26T14:00:00.000Z,2024-09-26T15:00:00.000Z,USD,11.28,11.28,Usage,AWS Lambda - Total Compute - US East (Northern Virginia)-Tier-1,AWS Lambda,Compute,us-east-1,31027794154,,,TG3M4CAGBA3NYQBH,676798.65,Seconds
2024-09-26T15:00:00.000Z,2024-09-26T16:00:00.000Z,USD,4.68,4.68,Usage,AWS Lambda - Total Compute - US East (Northern Virginia)-Tier-1,AWS Lambda,Compute,us-east-1,31027794154,,,TG3M4CAGBA3NYQBH,280799.44,Seconds
2024-09-26T16:00:00.000Z,2024-09-26T17:00:00.000Z,USD,6.34,6.34,Usage,AWS Lambda - Total Compute - US East (Northern Virginia)-Tier-1,AWS Lambda,Compute,us-east-1,31027794154,,,TG3M4CAGBA3NYQBH,380399.24,Seconds
2024-09-26T17:00:00.000Z,2024-09-26T18:00:00.000Z,USD,5.84,5.84,Usage,AWS Lambda - Total Compute - US East (Northern Virginia)-Tier-1,AWS Lambda,Compute,us-east-1,31027794154,,,TG3M4CAGBA3NYQBH,350399.3,Seconds
2024-09-26T18:00:00.000Z,2024-09-26T19:00:00.000Z,USD,9.54,9.54,Usage,AWS Lambda - Total Compute - US East (Northern Virginia)-Tier-1,AWS Lambda,Compute,us-east-1,31027794154,,,TG3M4CAGBA3NYQBH,572398.86,Seconds
2024-09-26T19:00:00.000Z,2024-09-26T20:00:00.000Z,USD,9.12,9.12,Usage,AWS Lambda - Total Compute - US East (Northern Virginia)-Tier-1,AWS Lambda,Compute,us-east-1,31027794154,,,TG3M4CAGBA3NYQBH,547198.91,Seconds
2024-09-26T20:00:00.000Z,2024-09-26T21:00:00.000Z,USD,2.84,2.84,Usage,AWS Lambda - Total Compute - US East (Northern Virginia)-Tier-1,AWS Lambda,Compute,us-east-1,31027794154,,,TG3M4CAGBA3NYQBH,170399.66,Seconds
2024-09-26T21:00:00.000Z,2024-09-26T22:00:00.000Z,USD,5.23,5.23,Usage,AWS Lambda - Total Compute - US East (Northern Virginia)-Tier-1,AWS Lambda,Compute,us-east-1,31027794154,,,TG3M4CAGBA3NYQBH,313799.37,Seconds
2024-09-26T22:00:00.000Z,2024-09-26T23:00:00.000Z,USD,2.96,2.96,Usage,AWS Lambda - Total Compute - US East (Northern Virginia)-Tier-1,AWS Lambda,Compute,us-east-1,31027794154,,,TG3M4CAGBA3NYQBH,177599.64,Seconds
2024-09-26T23:00:00.000Z,2024-09-27T00:00:00.000Z,USD,5.14,5.14,Usage,AWS Lambda - Total Compute - US East (Northern Virginia)-Tier-1,AWS Lambda,Compute,us-east-1,31027794154,,,TG3M4CAGBA3NYQBH,308399.38,Seconds
2024-09-27T00:00:00.000Z,2024-09-27T01:00:00.000Z,USD,2.3,2.3,Usage,AWS Lambda - Total Compute - US East (Northern Virginia)-Tier-1,AWS Lambda,Compute,us-east-1,31027794154,,,TG3M4CAGBA3NYQBH,137999.72,Seconds
2024-09-27T01:00:00.000Z,2024-09-27T02:00:00.000Z,USD,3.42,3.42,Usage,AWS Lambda - Total Compute - US East (Northern Virginia)-Tier-1,AWS Lambda,Compute,us-east-1,31027794154,,,TG3M4CAGBA3NYQBH,205199.59,Seconds
2024-09-27T02:00:00.000Z,2024-09-27T03:00:00.000Z,USD,2.82,2.82,Usage,AWS Lambda - Total Compute - US East (Northern Virginia)-Tier-1,AWS Lambda,Compute,us-east-1,31027794154,,,TG3M4CAGBA3NYQBH,169199.66,Seconds
2024-09-27T03:00:00.000Z,2024-09-27T04:00:00.000Z,USD,4.83,4.83,Usage,AWS Lambda - Total Compute - US East (Northern Virginia)-Tier-1,AWS Lambda,Compute,us-east-1,31027794154,,,TG3M4CAGBA3NYQBH,289799.42,Seconds
2024-09-27T04:00:00.000Z,2024-09-27T05:00:00.000Z,USD,5.67,5.67,Usage,AWS Lambda - Total Compute - US East (Northern Virginia)-Tier-1,AWS Lambda,Compute,us-east-1,31027794154,,,TG3M4CAGBA3NYQBH,340199.32,Seconds
2024-09-27T05:00:00.000Z,2024-09-27T06:00:00.000Z,USD,4.87,4.87,Usage,AWS Lambda - Total Compute - US East (Northern Virginia)-Tier-1,AWS Lambda,Compute,us-east-1,31027794154,,,TG3M4CAGBA3NYQBH,292199.42,Seconds
2024-09-27T06:00:00.000Z,2024-09-27T07:00:00.000Z,USD,2.86,2.86,Usage,AWS Lambda - Total Compute - US East (Northern Virginia)-Tier-1,AWS Lambda,Compute,us-east-1,31027794154,,,TG3M4CAGBA3NYQBH,171599.66,Seconds
2024-09-27T07:00:00.000Z,2024-09-27T08:00:00.000Z,USD,4.65,4.65,Usage,AWS Lambda - Total Compute - US East (Northern Virginia)-Tier-1,AWS Lambda,Compute,us-east-1,31027794154,,,TG3M4CAGBA3NYQBH,278999.44,Seconds
2024-09-27T08:00:00.000Z,2024-09-27T09:00:00.000Z,USD,8.59,8.59,Usage,AWS Lambda - Total Compute - US East (Northern Virginia)-Tier-1,AWS Lambda,Compute,us-east-1,31027794154,,,TG3M4CAGBA3NYQBH,515398.97,Seconds
2024-09-27T09:00:00.000Z,2024-09-27T10:00:00.000Z,USD,7.23,7.23,Usage,AWS Lambda - Total Compute - US East (Northern Virginia)-Tier-1,AWS Lambda,Compute,us-east-1,31027794154,,,TG3M4CAGBA3NYQBH,433799.13,Seconds
2024-09-27T10:00:00.000Z,2024-09-27T11:00:00.000Z,USD,9.64,9.64,Usage,AWS Lambda - Total Compute - US East (Northern Virginia)-Tier-1,AWS Lambda,Compute,us-east-1,31027794154,,,TG3M4CAGBA3NYQBH,578398.84,Seconds
2024-09-27T11:00:00.000Z,2024-09-27T12:00:00.000Z,USD,7.66,7.66,Usage,AWS Lambda - Total Compute - US East (Northern Virginia)-Tier-1,AWS Lambda,Compute,us-east-1,31027794154,,,TG3M4CAGBA3NYQBH,459599.08,Seconds
2024-09-27T12:00:00.000Z,2024-09-27T13:00:00.000Z,USD,4.03,4.03,Usage,AWS Lambda - Total Compute - US East (Northern Virginia)-Tier-1,AWS Lambda,Compute,us-east-1,31027794154,,,TG3M4CAGBA3NYQBH,241799.52,Seconds
2024-09-27T13:00:00.000Z,2024-09-27T14:00:00.000Z,USD,9.37,9.37,Usage,AWS Lambda - Total Compute - US East (Northern Virginia)-Tier-1,AWS Lambda,Compute,us-east-1,31027794154,,,TG3M4CAGBA3NYQBH,562198.88,Seconds
2024-09-27T14:00:00.000Z,2024-09-27T15:00:00.000Z,USD,10.74,10.74,Usage,AWS Lambda - Total Compute - US East (Northern Virginia)-Tier-1,AWS Lambda,Compute,us-east-1,31027794154,,,TG3M4CAGBA3NYQBH,644398.71,Seconds
2024-09-27T15:00:00.000Z,2024-09-27T16:00:00.000Z,USD,5.12,5.12,Usage,AWS Lambda - Total Compute - US East (Northern Virginia)-Tier-1,AWS Lambda,Compute,us-east-1,31027794154,,,TG3M4CAGBA3NYQBH,307199.39,Seconds
2024-09-27T16:00:00.000Z,2024-09-27T17:00:00.000Z,USD,8.83,8.83,Usage,AWS Lambda - Total Compute - US East (Northern Virginia)-Tier-1,AWS Lambda,Compute,us-east-1,31027794154,,,TG3M4CAGBA3NYQBH,529798.94,Seconds
2024-09-27T17:00:00.000Z,2024-09-27T18:00:00.000Z,USD,6.78,6.78,Usage,AWS Lambda - Total Compute - US East (Northern Virginia)-Tier-1,AWS Lambda,Compute,us-east-1,31027794154,,,TG3M4CAGBA3NYQBH,406799.19,Seconds
2024-09-27T18:00:00.000Z,2024-09-27T19:00:00.000Z,USD,7.83,7.83,Usage,AWS Lambda - Total Compute - US East (Northern Virginia)-Tier-1,AWS Lambda,Compute,us-east-1,31027794154,,,TG3M4CAGBA3NYQBH,469799.06,Seconds
2024-09-27T19:00:00.000Z,2024-09-27T20:00:00.000Z,USD,9.65,9.65,Usage,AWS Lambda - Total Compute - US East (Northern Virginia)-Tier-1,AWS Lambda,Compute,us-east-1,31027794154,,,TG3M4CAGBA3NYQBH,578998.84,Seconds
2024-09-27T20:00:00.000Z,2024-09-27T21:00:00.000Z,USD,3.51,3.51,Usage,AWS Lambda - Total Compute - US East (Northern Virginia)-Tier-1,AWS Lambda,Compute,us-east-1,31027794154,,,TG3M4CAGBA3NYQBH,210599.58,Seconds
2024-09-27T21:00:00.000Z,2024-09-27T22:00:00.000Z,USD,5.37,5.37,Usage,AWS Lambda - Total Compute - US East (Northern Virginia)-Tier-1,AWS Lambda,Compute,us-east-1,31027794154,,,TG3M4CAGBA3NYQBH,322199.36,Seconds
2024-09-27T22:00:00.000Z,2024-09-27T23:00:00.000Z,USD,3.68,3.68,Usage,AWS Lambda - Total Compute - US East (Northern Virginia)-Tier-1,AWS Lambda,Compute,us-east-1,31027794154,,,TG3M4CAGBA3NYQBH,220799.56,Seconds
2024-09-27T23:00:00.000Z,2024-09-28T00:00:00.000Z,USD,3.99,3.99,Usage,AWS Lambda - Total Compute - US East (Northern Virginia)-Tier-1,AWS Lambda,Compute,us-east-1,31027794154,,,TG3M4CAGBA3NYQBH,239399.52,Seconds
2024-09-28T00:00:00.000Z,2024-09-28T01:00:00.000Z,USD,3.77,3.77,Usage,AWS Lambda - Total Compute - US East (Northern Virginia)-Tier-1,AWS Lambda,Compute,us-east-1,31027794154,,,TG3M4CAGBA3NYQBH,226199.55,Seconds
2024-09-28T01:00:00.000Z,2024-09-28T02:00:00.000Z,USD,3.65,3.65,Usage,AWS Lambda - Total Compute - US East (Northern Virginia)-Tier-1,AWS Lambda,Compute,us-east-1,31027794154,,,TG3M4CAGBA3NYQBH,218999.56,Seconds
2024-09-28T02:00:00.000Z,2024-09-28T03:00:00.000Z,USD,1.5,1.5,Usage,AWS Lambda - Total Compute - US East (Northern Virginia)-Tier-1,AWS Lambda,Compute,us-east-1,31027794154,,,TG3M4CAGBA3NYQBH,89999.82,Seconds
2024-09-28T03:00:00.000Z,2024-09-28T04:00:00.000Z,USD,2.66,2.66,Usage,AWS Lambda - Total Compute - US East (Northern Virginia)-Tier-1,AWS Lambda,Compute,us-east-1,31027794154,,,TG3M4CAGBA3NYQBH,159599.68,Seconds
2024-09-28T04:00:00.000Z,2024-09-28T05:00:00.000Z,USD,3.72,3.72,Usage,AWS Lambda - Total Compute - US East (Northern Virginia)-Tier-1,AWS Lambda,Compute,us-east-1,31027794154,,,TG3M4CAGBA3NYQBH,223199.55,Seconds
2024-09-28T05:00:00.000Z,2024-09-28T06:00:00.000Z,USD,3.13,3.13,Usage,AWS Lambda - Total Compute - US East (Northern Virginia)-Tier-1,AWS Lambda,Compute,us-east-1,31027794154,,,TG3M4CAGBA3NYQBH,187799.62,Seconds
2024-09-28T06:00:00.000Z,2024-09-28T07:00:00.000Z,USD,3.16,3.16,Usage,AWS Lambda - Total Compute - US East (Northern Virginia)-Tier-1,AWS Lambda,Compute,us-east-1,31027794154,,,TG3M4CAGBA3NYQBH,189599.62,Seconds
2024-09-28T07:00:00.000Z,2024-09-28T08:00:00.000Z,USD,2.65,2.65,Usage,AWS Lambda - Total Compute - US East (Northern Virginia)-Tier-1,AWS Lambda,Compute,us-east-1,31027794154,,,TG3M4CAGBA3NYQBH,158999.68,Seconds
2024-09-28T08:00:00.000Z,2024-09-28T09:00:00.000Z,USD,2.43,2.43,Usage,AWS Lambda - Total Compute - US East (Northern Virginia)-Tier-1,AWS Lambda,Compute,us-east-1,31027794154,,,TG3M4CAGBA3NYQBH,145799.71,Seconds
2024-09-28T09:00:00.000Z,2024-09-28T10:00:00.000Z,USD,3.91,3.91,Usage,AWS Lambda - Total Compute - US East (Northern Virginia)-Tier-1,AWS Lambda,Compute,us-east-1,31027794154,,,TG3M4CAGBA3NYQBH,234599.53,Seconds
2024-09-28T10:00:00.000Z,2024-09-28T11:00:00.000Z,USD,4.09,4.09,Usage,AWS Lambda - Total Compute - US East (Northern Virginia)-Tier-1,AWS Lambda,Compute,us-east-1,31027794154,,,TG3M4CAGBA3NYQBH,245399.51,Seconds
2024-09-28T11:00:00.000Z,2024-09-28T12:00:00.000Z,USD,2.41,2.41,Usage,AWS Lambda - Total Compute - US East (Northern Virginia)-Tier-1,AWS Lambda,Compute,us-east-1,31027794154,,,TG3M4CAGBA3NYQBH,144599.71,Seconds
2024-09-28T12:00:00.000Z,2024-09-28T13:00:00.000Z,USD,3.49,3.49,Usage,AWS Lambda - Total Compute - US East (Northern Virginia)-Tier-1,AWS Lambda,Compute,us-east-1,31027794154,,,TG3M4CAGBA3NYQBH,209399.58,Seconds
2024-09-28T13:00:00.000Z,2024-09-28T14:00:00.000Z,USD,4.47,4.47,Usage,AWS Lambda - Total Compute - US East (Northern Virginia)-Tier-1,AWS Lambda,Compute,us-east-1,31027794154,,,TG3M4CAGBA3NYQBH,268199.46,Seconds
2024-09-28T14:00:00.000Z,2024-09-28T15:00:00.000Z,USD,3.19,3.19,Usage,AWS Lambda - Total Compute - US East (Northern Virginia)-Tier-1,AWS Lambda,Compute,us-east-1,31027794154,,,TG3M4CAGBA3NYQBH,191399.62,Seconds
2024-09-28T15:00:00.000Z,2024-09-28T16:00:00.000Z,USD,4.42,4.42,Usage,AWS Lambda - Total Compute - US East (Northern Virginia)-Tier-1,AWS Lambda,Compute,us-east-1,31027794154,,,TG3M4CAGBA3NYQBH,265199.47,Seconds
2024-09-28T16:00:00.000Z,2024-09-28T17:00:00.000Z,USD,3.28,3.28,Usage,AWS Lambda - Total Compute - US East (Northern Virginia)-Tier-1,AWS Lambda,Compute,us-east-1,31027794154,,,TG3M4CAGBA3NYQBH,196799.61,Seconds
2024-09-28T17:00:00.000Z,2024-09-28T18:00:00.000Z,USD,2.33,2.33,Usage,AWS Lambda - Total Compute - US East (Northern Virginia)-Tier-1,AWS Lambda,Compute,us-east-1,31027794154,,,TG3M4CAGBA3NYQBH,139799.72,Seconds
2024-09-28T18:00:00.000Z,2024-09-28T19:00:00.000Z,USD,2.11,2.11,Usage,AWS Lambda - Total Compute - US East (Northern Virginia)-Tier-1,AWS Lambda,Compute,us-east-1,31027794154,,,TG3M4CAGBA3NYQBH,126599.75,Seconds
2024-09-28T19:00:00.000Z,2024-09-28T20:00:00.000Z,USD,1.69,1.69,Usage,AWS Lambda - Total Compute - US East (Northern Virginia)-Tier-1,AWS Lambda,Compute,us-east-1,31027794154,,,TG3M4CAGBA3NYQBH,101399.8,Seconds
2024-09-28T20:00:00.000Z,2024-09-28T21:00:00.000Z,USD,3.39,3.39,Usage,AWS Lambda - Total Compute - US East (Northern Virginia)-Tier-1,AWS Lambda,Compute,us-east-1,31027794154,,,TG3M4CAGBA3NYQBH,203399.59,Seconds
2024-09-28T21:00:00.000Z,2024-09-28T22:00:00.000Z,USD,3.79,3.79,Usage,AWS Lambda - Total Compute - US East (Northern Virginia)-Tier-1,AWS Lambda,Compute,us-east-1,31027794154,,,TG3M4CAGBA3NYQBH,227399.55,Seconds
2024-09-28T22:00:00.000Z,2024-09-28T23:00:00.000Z,USD,1.85,1.85,Usage,AWS Lambda - Total Compute - US East (Northern Virginia)-Tier-1,AWS Lambda,Compute,us-east-1,31027794154,,,TG3M4CAGBA3NYQBH,110999.78,Seconds
2024-09-28T23:00:00.000Z,2024-09-29T00:00:00.000Z,USD,4.21,4.21,Usage,AWS Lambda - Total Compute - US East (Northern Virginia)-Tier-1,AWS Lambda,Compute,us-east-1,31027794154,,,TG3M4CAGBA3NYQBH,252599.49,Seconds
